ASX_Code,Company,Headline,Date,Summary,PDF_Link
AT1,ATOMO DIAGNOSTICS LIMITED,FebriDx FDA CLIA wavier approval unlocks upside for Pascal,2026-03-30,"FebriDx® FDA CLIA wavier approval unlocks upside for Pascal Pascal performance proven in US studies and compatible with many applications SYDNEY, 30 March 2026, Australia - Atomo Diagnostics Limited (ASX:AT1) (Atomo) is pleased to note that Lumos Diagnostics (ASX:LDX) FebriDx® test has received CLIA",https://cdn-api.markitdigital.com/apiman-gateway/ASX/asx-research/1.0/file/2924-03073370-2A1663035?access_token=83ff96335c2d45a094df02a206a39ff4
LML,LINCOLN MINERALS LIMITED,Lincoln receives approvals to commence drilling at Minbrie,2026-03-30,"Lincoln receives approvals to commence drilling at Minbrie Copper Project, SA • Landowner and regulatory approvals for Minbrie drilling have been received. • First stage of Minbrie Copper Project drilling will commence in Q2 CY2026.",https://cdn-api.markitdigital.com/apiman-gateway/ASX/asx-research/1.0/file/2924-03073373-2A1663048?access_token=83ff96335c2d45a094df02a206a39ff4
SGR,THE STAR ENTERTAINMENT GROUP LIMITED,Binding refinancing commitment with WhiteHawk Capital,2026-03-30,"The Star Entertainment Group Limited (ASX: SGR) (The Star, the Group or the Company) refers to its announcement on 26 February 2026 and announces that it has, on 27 March 2026, entered into a binding commitment letter with funds associated with WhiteHawk Capital Partners (WhiteHawk) in relation to a",https://cdn-api.markitdigital.com/apiman-gateway/ASX/asx-research/1.0/file/2924-03073369-2A1663044?access_token=83ff96335c2d45a094df02a206a39ff4
ROC,ROCKETBOOTS LIMITED,Global Activation Contract with Tier-One Retailer Signed,2026-03-30,FAST • FOCUS • FUTURE 30 March 2026 RocketBoots Signs Global Activation Contract with Tier-One • New ~A$3.3 million1 Activation Contract executed for previously announced global SaaS agreement1 • Is in addition to the previously announced SaaS contract ~A$9.1 million ARR1 (per year revenue) on a • C,https://cdn-api.markitdigital.com/apiman-gateway/ASX/asx-research/1.0/file/2924-03073344-2A1663028?access_token=83ff96335c2d45a094df02a206a39ff4
TKM,TREK METALS LIMITED,"Kuro IP Survey planned, RC Drill Contract and assays results",2026-03-30,This announcement is a re-release of the announcement originally released on 23rd March 2026 and has been updated to include assay results (refer Table 1 on page 2) Major IP Survey Planned After Petrophysics Confirms Geophysical Response at Kuro – RC Drill Contract Awarded Petrophysical testing of r,https://cdn-api.markitdigital.com/apiman-gateway/ASX/asx-research/1.0/file/2924-03073290-6A1318371?access_token=83ff96335c2d45a094df02a206a39ff4
QXR,QX RESOURCES LIMITED,Remaining Exploration Licences granted at Madaba Project,2026-03-30,Remaining Exploration Licences granted at Madaba Project  Exploration licences (PL 13743/2026 & PL 13847/2026) have been officially granted by Tanzania’s Ministry of Minerals’ Mining Commission.,https://cdn-api.markitdigital.com/apiman-gateway/ASX/asx-research/1.0/file/2924-03073406-6A1318410?access_token=83ff96335c2d45a094df02a206a39ff4
BOT,BOTANIX PHARMACEUTICALS LTD,Successful renegotiation of API supply agreement,2026-03-30,Successful renegotiation of API supply agreement • Negotiations are complete with our current active pharmaceutical ingredient (API) supplier for an amendment to our API supply contract that spreads the purchase of API over future years.,https://cdn-api.markitdigital.com/apiman-gateway/ASX/asx-research/1.0/file/2924-03073342-6A1318384?access_token=83ff96335c2d45a094df02a206a39ff4
FRS,FORRESTANIA RESOURCES LIMITED,"High-Grade Niobium Results at Wozi Project, Malawi",2026-03-30,"Forrestania Resources Ltd Phone +61 8 6555 2950 Subiaco WA 6008 ACN 647 899 698 ASX: FRS forrestaniaresources.com.au High-Grade Niobium Results Confirm Potential at Wozi Project, Malawi • Maiden RC drilling at the Wozi Niobium Project confirms high-grade, near-surface niobium",https://cdn-api.markitdigital.com/apiman-gateway/ASX/asx-research/1.0/file/2924-03073216-6A1318340?access_token=83ff96335c2d45a094df02a206a39ff4
BUX,BUXTON RESOURCES LIMITED,Buxton to sell 49% Copper Wolf JV stake for approx. A$6.15M,2026-03-30,Buxton to sell 49% Copper Wolf JV interest to IGO for approximately A$6.15M • ~A$6.15 million consideration payable to Buxton at Completion • Current JV and Farm-In Agreement to be terminated • BUX to retain 100% unencumbered interest in surrounding Arizona tenure • IGO’s Right of First Refusal over,https://cdn-api.markitdigital.com/apiman-gateway/ASX/asx-research/1.0/file/2924-03073372-6A1318380?access_token=83ff96335c2d45a094df02a206a39ff4
RMX,RED MOUNTAIN MINING LIMITED,Exceptional Assays Define Multiple Antimony Drill Targets,2026-03-30,• Red Mountain’s comprehensive and systematic work has allowed the Company to define five high priority orogenic Antimony targets for drill testing at Oaky Creek next quarter • A significant large-scale orogenic antimony-gold vein system with a strike extent of ~3km at surface has now been delineate,https://cdn-api.markitdigital.com/apiman-gateway/ASX/asx-research/1.0/file/2924-03073228-6A1318348?access_token=83ff96335c2d45a094df02a206a39ff4
FUN,FORTUNA METALS LTD,Investor Presentation - Titanium Discovery to Developer,2026-03-30,Discovery to Developer the metal of tomorrow Important Information Corporate Presentation Technical Information Forward-looking statements are subject to known and Readers are cautioned that the foregoing list is not The information in this document that relates to This presentation includes disclos,https://cdn-api.markitdigital.com/apiman-gateway/ASX/asx-research/1.0/file/2924-03073208-6A1318331?access_token=83ff96335c2d45a094df02a206a39ff4
SRJ,SRJ TECHNOLOGIES GROUP PLC,Inspection Contract Secured with Oil and Gas Supermajor,2026-03-30,"Class-certified Advanced Inspection Contract Secured with Oil and Gas Supermajor • SRJ subsidiary, ACE has received a purchase order valued at £207k (A$398k) for inspection services on a North Sea FPSO. • Services to be delivered under ACE’s proven ACE365 inspection delivery model.",https://cdn-api.markitdigital.com/apiman-gateway/ASX/asx-research/1.0/file/2924-03073221-2A1662961?access_token=83ff96335c2d45a094df02a206a39ff4
MI6,MINERALS 260 LIMITED,"Strong Drilling Results, Maiden Reserve and MRE on Track",2026-03-30,"7m @ 7.2 g/t Au and 28m @ 1.7g/t Au intersected at Bullabulling Gold Project Maiden Reserve and Updated Resource remain on track for Minerals 260 Limited (ASX:MI6) is pleased to report further results from the ongoing drilling program at its 100% owned 4.5Moz Bullabulling Gold Project, located 25km ",https://cdn-api.markitdigital.com/apiman-gateway/ASX/asx-research/1.0/file/2924-03073250-6A1318364?access_token=83ff96335c2d45a094df02a206a39ff4
XEN,XENITRA LIMITED,$30m Danone - Rockcheck Strategic Partnership,2026-03-30,"ASX Anouncement 30 March 2026 $30m Danone, Rockcheck Strategic Partnership they have entered into two agreements to significantly expand and formalise a strategic partnership with the Rockcheck Group (""Rockcheck"").",https://cdn-api.markitdigital.com/apiman-gateway/ASX/asx-research/1.0/file/2924-03073444-2A1663072?access_token=83ff96335c2d45a094df02a206a39ff4
LDR,LODE RESOURCES LTD,Fourth High Grade Silver & Antimony Prospect Identified TAS,2026-03-30,"• High-grade silver–antimony mineralisation has been identified at the Blocks East prospect within the recently acquired Greater Montezuma Project (EL2/2020), located 2.4 km north of the Montezuma project and 2.5 km west of the Hercules mine. The tenement is also prospective for large VMS systems.",https://cdn-api.markitdigital.com/apiman-gateway/ASX/asx-research/1.0/file/2924-03073451-2A1663078?access_token=83ff96335c2d45a094df02a206a39ff4
AT4,AMERICAN TUNGSTEN & ANTIMONY LTD,REFURBISHMENT OF TUNGSTEN MILL TO FAST-TRACK RESTART,2026-03-30,"Low-Cost Refurbishment of Dutch Mountain Tungsten Mill Underway to Fast-Track Restart • Construction commenced at AT4’s fully permitted Dutch Mountain tungsten processing facility • All equipment for full refurbishment has been identified and ordered, allowing works to • Estimated refurbishment cost",https://cdn-api.markitdigital.com/apiman-gateway/ASX/asx-research/1.0/file/2924-03073399-6A1318405?access_token=83ff96335c2d45a094df02a206a39ff4
ALK,ALKANE RESOURCES LIMITED,ALKANE EXECUTES $110 MILLION REVOLVING CREDIT FACILITY,2026-03-30,"Perth, Western Australia - Alkane Resources Limited (ASX: ALK, TSX: ALK, OTCQX: ALKRY) (‘Alkane’) is pleased to announce that it has executed an A$110 million Revolving Credit Facility (“RCF”) and A$40 million Contingent Instrument Facility (“CIF”).",https://cdn-api.markitdigital.com/apiman-gateway/ASX/asx-research/1.0/file/2924-03073277-6A1318367?access_token=83ff96335c2d45a094df02a206a39ff4
GAS,STATE GAS LIMITED,UPDATE ON ASSET SALE AND R&D CLAIM,2026-03-30,"State Gas Limited (ASX Code: GAS) refers to its request for voluntary suspension of its securities from trading on 26 March 2026 pending an announcement regarding a proposed material asset sale involving the Company’s R&D pilot plant, and to clarify the status of its R&D incentive claims in relation",https://cdn-api.markitdigital.com/apiman-gateway/ASX/asx-research/1.0/file/2924-03073420-2A1663047?access_token=83ff96335c2d45a094df02a206a39ff4
AIS,AERIS RESOURCES LIMITED,GOLDEN PLATEAU DRILL PROGRAM UPDATE,2026-03-30," Significant gold intersections returned from the Ferneyside, Sunnyside, South and West lodes, including:  GPS140 – 34.5m1 at 3.1g/t Au from 184.6m (South lode)  GPS134 – 7.1m1 at 4.9g/t Au from 130.0m (West lode)  GPS139B – 6.8m1 at 4.2g/t Au from 148.2m (West lode)  Drilling confirms signific",https://cdn-api.markitdigital.com/apiman-gateway/ASX/asx-research/1.0/file/2924-03073425-6A1318420?access_token=83ff96335c2d45a094df02a206a39ff4
FDR,FINDER ENERGY HOLDINGS LIMITED,KTJ Project Development Area Approval,2026-03-27,KTJ Long-Term Tenure & Production Hub Strategy Finder Energy Holdings Limited (ASX:FDR) (Finder or the Company) is pleased to announce that Autoridade Nacional do Petróleo (ANP) has approved the Development Area over the Kuda Tasi and Jahal Oil Fields (KTJ This approval represents a key regulatory m,https://cdn-api.markitdigital.com/apiman-gateway/ASX/asx-research/1.0/file/2924-03072694-6A1318128?access_token=83ff96335c2d45a094df02a206a39ff4
FRE,FIREBRICK PHARMA LIMITED,Registration Agreement and Approval of Nasodine in Indonesia,2026-03-27,"Registration Agreement and Approval of Nasodine in • Nasodine Nasal Spray (“Nasodine”) has been approved for importation and distribution • With a population of around 285 million, Indonesia is the largest market in Southeast Asia and the 4th most populous country in the world • This is the first re",https://cdn-api.markitdigital.com/apiman-gateway/ASX/asx-research/1.0/file/2924-03072760-6A1318145?access_token=83ff96335c2d45a094df02a206a39ff4
FRS,FORRESTANIA RESOURCES LIMITED,Completion of Key Acquisitions & Results of General Meeting,2026-03-27,Forrestania Resources Ltd Phone +61 8 6555 2950 Subiaco WA 6008 ACN 647 899 698 ASX: FRS forrestaniaresources.com.au Forrestania Closes Multiple Key Acquisitions Following General Meeting Forrestania Resources Limited (ASX: FRS) (“FRS” or “the Company”) is pleased to,https://cdn-api.markitdigital.com/apiman-gateway/ASX/asx-research/1.0/file/2924-03073091-6A1318263?access_token=83ff96335c2d45a094df02a206a39ff4
LDX,LUMOS DIAGNOSTICS HOLDINGS LIMITED,US FDA Grants CLIA Waiver for FebriDx,2026-03-27,"US FDA Grants CLIA Waiver for FebriDx® • 510(k) clearance with CLIA waiver for FebriDx® issued by the US FDA • Triggers key milestone payments of US$5.0 million from Phase Scientific and US$0.5 million • Unlocks a US$1.0+ billion market opportunity, representing a 15x market expansion for • Expands ",https://cdn-api.markitdigital.com/apiman-gateway/ASX/asx-research/1.0/file/2924-03072867-2A1662736?access_token=83ff96335c2d45a094df02a206a39ff4
LSA,LACHLAN STAR LIMITED,Lachlan Star completes acquisition of New Waverley Project,2026-03-27,"• Acquisition of the New Waverley Gold Project in the Norseman region of WA finalised. • The Company now holds a 90% interest in this highly prospective gold project, as announced on 4 February 2026. • Maiden diamond drilling program scheduled to commence next week.",https://cdn-api.markitdigital.com/apiman-gateway/ASX/asx-research/1.0/file/2924-03072866-6A1318177?access_token=83ff96335c2d45a094df02a206a39ff4
DUR,DURATEC LIMITED,DURATEC AWARDED MULTI-MILLION PNG SERVICES CONTRACT,2026-03-27,"Duratec Limited (ASX: DUR) (Duratec or the Company) is pleased to advise that its wholly owned subsidiary, Duratec (PNG) Limited, has been awarded a contract with Lihir Gold Limited, a subsidiary of Newmont Corporation, for the provision of plug and abandonment (P&A) services at the Lihir Operations",https://cdn-api.markitdigital.com/apiman-gateway/ASX/asx-research/1.0/file/2924-03072832-6A1318165?access_token=83ff96335c2d45a094df02a206a39ff4
ADV,ARDIDEN LTD,First Drill Results Confirm High-Grade Gold System at Rouyn,2026-03-27,"Including 7m @ 16.1 g/t Au at Astoria from the first holes of the 15,000m drilling program Best Intercept – Astoria: 7.0m @ 16.1 g/t Au at Astoria, including 1.0m @ 78.7 g/t Au  Standout Intersections: o AS-26-778: 3.0m @ 11.4 g/t Au (from 68m) including 1.0m @ 24.6 g/t Au o AS-26-779: 7.0m @ 16.1 ",https://cdn-api.markitdigital.com/apiman-gateway/ASX/asx-research/1.0/file/2924-03072816-6A1318148?access_token=83ff96335c2d45a094df02a206a39ff4
HYT,HYTERRA LTD,Hyterra And ARA Sign MoU For Oman Geologic Hydrogen,2026-03-27,"HyTerra Limited Phone +61 8 6478 7730 Unit 6, 335 Hay Street info@hyterra.com Subiaco Western Australia 6008 ABN 68 116 829 675 ASX: HYT hyterra.com Frankfurt: 8TP0 HyTerra Limited (ASX: HYT, OTCQB: HYTLF, Frankfurt: 8TP0) (HyTerra) is pleased to announce",https://cdn-api.markitdigital.com/apiman-gateway/ASX/asx-research/1.0/file/2924-03072784-6A1318153?access_token=83ff96335c2d45a094df02a206a39ff4
UM1,UNITY METALS LIMITED,High Grade Gold Discovered at Ngot in Cambodia,2026-03-27,High Grade Gold Discovered at Ngot in Cambodia Unity Metals Limited (“Unity” or “the Company”) is pleased to provide an update on the drilling currently underway on its Ngot Gold Project (Ngot) in Cambodia.,https://cdn-api.markitdigital.com/apiman-gateway/ASX/asx-research/1.0/file/2924-03072827-6A1318163?access_token=83ff96335c2d45a094df02a206a39ff4
SMS,STAR MINERALS LIMITED,Tumblegum South Grade Control Drilling Results,2026-03-27,• Gold results include down hole intercepts:  9m @ 5.57 g/t Au from 12m in hole TGGC0070 including 3m @ 14.54 g/t Au from 13m  9m @ 5.19 g/t Au from 23m in hole TGGC0075  4m @ 7.52 g/t Au from 18m in hole TGGC0059 including 1m @ 24.40 g/t Au from 19m  6m @ 4.95 g/t Au from 22m in hole TGGC0069 i,https://cdn-api.markitdigital.com/apiman-gateway/ASX/asx-research/1.0/file/2924-03072820-6A1318161?access_token=83ff96335c2d45a094df02a206a39ff4
STN,SATURN METALS LIMITED,Ausenco Appointed to Complete Definitive Feasibility Studies,2026-03-26,Appointment brings global heap leach engineering expertise and local construction knowledge to the Apollo Hill development.,https://cdn-api.markitdigital.com/apiman-gateway/ASX/asx-research/1.0/file/2924-03072320-6A1317956?access_token=83ff96335c2d45a094df02a206a39ff4
ART,AIRTASKER LIMITED,AU Strategic Media Partnership Announcement,2026-03-26,Airtasker Limited Airtasker Limited (ASX:ART) Airtasker secures strategic partnership with Nine Entertainment to accelerate brand growth Airtasker Limited (ASX:ART) (Airtasker) announces that it has struck a strategic partnership with Nine Entertainment Co Pty Limited (Nine) (a subsidiary of Nine En,https://cdn-api.markitdigital.com/apiman-gateway/ASX/asx-research/1.0/file/2924-03072313-2A1662513?access_token=83ff96335c2d45a094df02a206a39ff4
BGD,BARTON GOLD HOLDINGS LIMITED,Challenger RC Resource Upgrade Drilling Complete,2026-03-26,"Challenger RC Resource Upgrade Drilling Complete Targeting Initial ‘Stage 1’ DFS & Ore Reserves conversion by H2 CY 2026 • 8,065m reverse circulation (RC) drilling completed at Challenger ‘Main’, ‘Challenger West’ (CW) open pits, plus open pit targets at ‘Challenger South-Southwest’ (CSSW) and ‘Chal",https://cdn-api.markitdigital.com/apiman-gateway/ASX/asx-research/1.0/file/2924-03072296-6A1317948?access_token=83ff96335c2d45a094df02a206a39ff4
CRS,CAPRICE RESOURCES LTD,CRS Diamond Drilling Intercepts High Grade Gold at Depth,2026-03-26,"Caprice Resources Ltd (ASX: CRS) (Caprice or the Company) is pleased to report further high- grade diamond drilling results from the Island Gold Project (IGP, Island or the Project).",https://cdn-api.markitdigital.com/apiman-gateway/ASX/asx-research/1.0/file/2924-03072300-6A1317947?access_token=83ff96335c2d45a094df02a206a39ff4
WMG,WESTERN MINES GROUP LTD,WMG Signs MoU to Supply Magnesite from Mulga Tank,2026-03-26,• WMG has entered into a MoU with Magnium Australia to collaborate on the possible supply of magnesite from the Mulga Tank Project • Magnium is a mineral technology company looking to become a leading producer of low-carbon magnesium metal through the commercialisation of their proprietary MagsonicT,https://cdn-api.markitdigital.com/apiman-gateway/ASX/asx-research/1.0/file/2924-03072373-6A1317983?access_token=83ff96335c2d45a094df02a206a39ff4
PSL,PATERSON RESOURCES LTD,Phase I Assays Continue to Shine,2026-03-26,"Phase I Assays Continue to Shine With 8m @ 5.62g/t Au from 97m and 23m @ 2.3 g/t from 72m Intersected @ Grace Gold-Copper Project • 6 (out of 7) final assays were received from Phase I of the comprehensive 8,500m RC drilling campaign at the Grace Gold-Copper Project, with standout shallow intercepts",https://cdn-api.markitdigital.com/apiman-gateway/ASX/asx-research/1.0/file/2924-03072390-6A1317992?access_token=83ff96335c2d45a094df02a206a39ff4
WRX,WESTERN RIDGE RESOURCES LIMITED,Drilling Approval Received - Keystone Project,2026-03-26,"Keystone Project – Drilling Approval Received • Rapid approvals process paves the way for ramp-up of exploration activity • Stage one of drilling fully funded • First significant exploration in 80+ years over known high-grade historic mining operation • 19 Reverse Circulation (RC) holes, for 1,380 m",https://cdn-api.markitdigital.com/apiman-gateway/ASX/asx-research/1.0/file/2924-03072193-6A1317920?access_token=83ff96335c2d45a094df02a206a39ff4
PHO,PHOSCO LTD,DOH drilling confirms discovery of scale,2026-03-26,"DOH drilling confirms discovery of Drilling at DOH highlights Gasaat’s growing status as a world-scale phosphate project which offers diversification away from concentrated global supply • PhosCo has intersected phosphate mineralisation in drilling at the DOH prospect, opening up a new exploration f",https://cdn-api.markitdigital.com/apiman-gateway/ASX/asx-research/1.0/file/2924-03072411-3A690190?access_token=83ff96335c2d45a094df02a206a39ff4
BTM,BREAKTHROUGH MINERALS LIMITED,Completion of Nth Queensland Copper-Gold Project Acquisition,2026-03-26,"Completion of North Queensland Copper-Gold Project Acquisition • Breakthrough Minerals Limited (ASX:BTM) has successfully completed the 100% acquisition of the North Queensland Copper-Gold (NQCG) Project in the Mt Isa region of Queensland, • Secures a district-scale and highly strategic landholding ",https://cdn-api.markitdigital.com/apiman-gateway/ASX/asx-research/1.0/file/2924-03072298-2A1662505?access_token=83ff96335c2d45a094df02a206a39ff4
RML,RESOLUTION MINERALS LTD,Exceptional Tungsten Grade Identified in Stockpile Material,2026-03-26,"Assay results of a late-2025 sampling program of historical stockpiles returns high-grade tungsten, material levels of gold and low levels of impurity elements.",https://cdn-api.markitdigital.com/apiman-gateway/ASX/asx-research/1.0/file/2924-03072382-2A1662540?access_token=83ff96335c2d45a094df02a206a39ff4
VAU,VAULT MINERALS LIMITED,KoTH stage 1 plant upgrade commissioning commenced,2026-03-26,KoTH stage 1 plant upgrade commissioning commenced Vault Minerals Limited (ASX: VAU) (Vault or the Company) is pleased to provide an update on the progress of the King of the Hills (“KoTH”) plant upgrade.,https://cdn-api.markitdigital.com/apiman-gateway/ASX/asx-research/1.0/file/2924-03072190-6A1317918?access_token=83ff96335c2d45a094df02a206a39ff4
HMX,HAMMER METALS LIMITED,Two Grants Awarded under Qld Government CEI Scheme,2026-03-26,Grants to fund deep diamond drilling at Kalman West and a Magnetotelluric survey over the Mount Annable Fault MANAGEMENT • The Collaborative Exploration Initiative (CEI) is a Queensland Government program that assists companies in exploring for critical minerals.,https://cdn-api.markitdigital.com/apiman-gateway/ASX/asx-research/1.0/file/2924-03072182-6A1317914?access_token=83ff96335c2d45a094df02a206a39ff4
KLI,KILLI RESOURCES LIMITED,Mt Rawdon West Project attracts Government Exploration Grant,2026-03-26,Mt Rawdon West Project Attracts Government Exploration Grant Priority Drill Target at Baloo • Queensland Government Collaborative Exploration Initiative (CEI) grant has been approved for drilling of the primary area of interest within the Baloo prospect at Mt Rawdon West.,https://cdn-api.markitdigital.com/apiman-gateway/ASX/asx-research/1.0/file/2924-03072179-6A1317913?access_token=83ff96335c2d45a094df02a206a39ff4
WTM,WARATAH MINERALS LIMITED,Consols High-Grade Gold Mineralisation and System Expansion,2026-03-26,"Consols High-Grade Gold Mineralisation and System Expansion Waratah Minerals Limited (ASX: WTM) (“Waratah” or “the Company”) is pleased to report results received from an ongoing drill program at the 100%-owned Spur Gold Project (EL5238) in New South Wales, Australia.",https://cdn-api.markitdigital.com/apiman-gateway/ASX/asx-research/1.0/file/2924-03072249-6A1317936?access_token=83ff96335c2d45a094df02a206a39ff4
NMT,NEOMETALS LTD,Silver Assays Strengthen Copper Intersections at Rinaldi,2026-03-26,Exploration Update - Silver Assays Strengthen Reported Copper Intersections at Rinaldi • Silver and gold assays received for previously reported copper mineralisation at the historic Rinaldi Copper prospect; • Assays confirm and materially strengthen the interpretation of Rinaldi as a coherent prima,https://cdn-api.markitdigital.com/apiman-gateway/ASX/asx-research/1.0/file/2924-03072175-6A1317908?access_token=83ff96335c2d45a094df02a206a39ff4
QOR,QORIA LIMITED,20260326 Merger Update and Aura Business Overview,2026-03-26,"Qoria Limited ACN 167 509 177 (ASX: QOR) (Qoria or Company) refers to its announcement on all of the fully paid ordinary shares in Qoria (Qoria Shares) in consideration for the issue of shares in common stock of Aura, in the form of CHESS Depositary Interests, by way of a scheme of arrangement betwe",https://cdn-api.markitdigital.com/apiman-gateway/ASX/asx-research/1.0/file/2924-03072254-6A1317938?access_token=83ff96335c2d45a094df02a206a39ff4
CRR,CRITICAL RESOURCES LIMITED,CRR Receives Approval for Transfer of New Zealand Permits,2026-03-26,"Transfer of five prospecting permits in the Otago and Reefton regions now complete, consolidating a 1,694 km² gold-antimony portfolio in New Zealand’s South Island. Department of Conservation grants approval to commence Minimum Impact Activities across all Koura permits.",https://cdn-api.markitdigital.com/apiman-gateway/ASX/asx-research/1.0/file/2924-03072183-6A1317915?access_token=83ff96335c2d45a094df02a206a39ff4
GW1,GREENWING RESOURCES LTD,Que River Project - Commencement of Pre-Feasibility Study,2026-03-25,Greenwing Commences Pre-Feasibility Study to Advance Que River Mining Restart Strategy Greenwing Resources Ltd (‘Greenwing’ or the ‘Company’) (ASX: GW1) is pleased to advise that it is commencing a Pre-Feasibility Study (PFS) at its 100%-owned polymetallic project in Tasmania.,https://cdn-api.markitdigital.com/apiman-gateway/ASX/asx-research/1.0/file/2924-03071898-6A1317782?access_token=83ff96335c2d45a094df02a206a39ff4
BRE,BRAZILIAN RARE EARTHS LIMITED,BRE Secures Monte Alto Trial Mining Licence,2026-03-25,"BRE Secures Monte Alto Trial Mining Licence  BRE has been granted a Trial Mining Licence by Brazil’s National Mining Agency (ANM) for the ultra-high grade Monte Alto rare earth and critical minerals project in Bahia, Brazil  The approval is an important regulatory milestone that materially advance",https://cdn-api.markitdigital.com/apiman-gateway/ASX/asx-research/1.0/file/2924-03071859-6A1317768?access_token=83ff96335c2d45a094df02a206a39ff4
ARN,ALDORO RESOURCES LIMITED,Outstanding 600m diamond hole of key ferrite magnet mineral,2026-03-25,ASX and Media Release • Aldoro continues to build on the significant scale of the Kameelburg Niobium and REE deposit with the first hole (DD005E) from the Phase II drilling program intersecting 603 meters of continuous mineralisation.,https://cdn-api.markitdigital.com/apiman-gateway/ASX/asx-research/1.0/file/2924-03072002-6A1317820?access_token=83ff96335c2d45a094df02a206a39ff4
CU6,CLARITY PHARMACEUTICALS LTD,Clarity signs a large-scale Manufacturing Supply Agreement,2026-03-25,"Clarity signs a large-scale Manufacturing Supply Agreement for copper-64 with Theragenics Clarity Pharmaceuticals (ASX: CU6) (“Clarity” or “Company”), a clinical-stage radiopharmaceutical company with a mission to develop next-generation products that improve treatment outcomes for patients with can",https://cdn-api.markitdigital.com/apiman-gateway/ASX/asx-research/1.0/file/2924-03071837-2A1662244?access_token=83ff96335c2d45a094df02a206a39ff4
SER,STRATEGIC ENERGY RESOURCES LIMITED,Funding Grants Awarded for Diamantina and Bulima Projects,2026-03-25,"Over $400,000 in Queensland Government funding secured for upcoming drilling • $275,000 in Queensland Government funding secured to support upcoming exploration at the 100%-owned Diamantina Copper Project in Queensland.",https://cdn-api.markitdigital.com/apiman-gateway/ASX/asx-research/1.0/file/2924-03071801-3A690083?access_token=83ff96335c2d45a094df02a206a39ff4
RTR,RUMBLE RESOURCES LIMITED,Metallurgical Results for Western Queen Project,2026-03-25,Excellent Metallurgical Results for Western Queen Gold and Tungsten Project • Metallurgical Testwork Initial conventional gravity laboratory testwork has delivered a highly marketable WO3 concentrate with a 48% grade and 45% recovery A flowsheet has been developed that successfully separates both go,https://cdn-api.markitdigital.com/apiman-gateway/ASX/asx-research/1.0/file/2924-03071876-6A1317773?access_token=83ff96335c2d45a094df02a206a39ff4
CGF,CHALLENGER LIMITED,Update on non-binding offer for Pepper Money,2026-03-25,"Update on non-binding offer for Pepper Challenger Limited (ASX: CGF) has been informed by Pepper Money Limited’s (ASX: PPM, Pepper Money) Independent Board Committee that Challenger's confidential, non-binding and conditional proposal to acquire Pepper Money, jointly with Pepper Group ANZ HoldCo Lim",https://cdn-api.markitdigital.com/apiman-gateway/ASX/asx-research/1.0/file/2924-03071769-2A1662191?access_token=83ff96335c2d45a094df02a206a39ff4
AQX,ALICE QUEEN LIMITED,NEW HIGH-GRADE GOLD TARGET IDENTIFIED AT VIANI - AMENDED,2026-03-25,"Alice Queen Limited (ASX:AQX) (“Alice Queen” or “the Company”) is pleased to provide shareholders with trench geochemical sampling results from its exploration program carried out at the Company’s 100% owned low-sulphidation, high-grade epithermal gold project, Viani, located at Vanua Levu, Fiji.",https://cdn-api.markitdigital.com/apiman-gateway/ASX/asx-research/1.0/file/2924-03072120-6A1317877?access_token=83ff96335c2d45a094df02a206a39ff4
KNB,KOONENBERRY GOLD LIMITED,Drilling commenced at high-grade Postmans Gully Prospect,2026-03-25,"KNB commences drilling at high-grade Postman’s Gully Prospect, Enmore Project, NSW Drilling has commenced at the Postman’s Gully Prospect, representing Koonenberry Gold’s first test of the highly prospective Borah Fault, a parallel regional scale structure to the Sunnyside Shear Zone.",https://cdn-api.markitdigital.com/apiman-gateway/ASX/asx-research/1.0/file/2924-03071857-6A1317766?access_token=83ff96335c2d45a094df02a206a39ff4
DTM,DART MINING NL,HIGH GRADE GOLD IN TRIUMPH ROCK CHIPS BROADENS PROSPECTS,2026-03-25,Dart Mining NL (“Dart” or the “Company”) is pleased to announce rock chips samples that have been received for the Triumph Gold Project in Central Queensland.,https://cdn-api.markitdigital.com/apiman-gateway/ASX/asx-research/1.0/file/2924-03072149-3A690143?access_token=83ff96335c2d45a094df02a206a39ff4
AEL,AMPLITUDE ENERGY LIMITED,Isabella gas discovery assessed as not commercial,2026-03-25,Isabella gas discovery assessed as not commercial  Isabella sidetrack flow test complete: results do not support commercial development of the Isabella field; well to be plugged and abandoned  East Coast Supply Project (“ECSP”) plans remain unchanged: next well for Amplitude Energy expected to be ,https://cdn-api.markitdigital.com/apiman-gateway/ASX/asx-research/1.0/file/2924-03071751-2A1662179?access_token=83ff96335c2d45a094df02a206a39ff4
AHN,ATHENA RESOURCES LIMITED,Strategic Joint Venture to Accelerate Byro Development,2026-03-25,"Strategic Joint Venture to Accelerate Byro Magnetite Development Partnering with Terra Mining and Fenix Resources to Fast-Track Potential Production of Premium Magnetite Concentrate • Non-Binding Joint Venture terms agreed with Terra Mining (part of JCHX Mining, Shanghai-listed, ~47.5 billion RMB ma",https://cdn-api.markitdigital.com/apiman-gateway/ASX/asx-research/1.0/file/2924-03071749-6A1317734?access_token=83ff96335c2d45a094df02a206a39ff4
CNB,CARNABY RESOURCES LIMITED,Exceptional High Grade Breccia Drill Results from Trek 1,2026-03-25,8.1m @ 9.9% CuEq Shares on Issue 276.1M Market Cap (@ 36.5 cents) $101M Including 4.3m @ 16.5% CuEq Cash $16.0M1 1As at 31 December 2025. Carnaby Resources Limited (ASX: CNB) (Carnaby or the Company) is pleased to announce further exploration drill results from the Greater Duchess Project,https://cdn-api.markitdigital.com/apiman-gateway/ASX/asx-research/1.0/file/2924-03071772-6A1317739?access_token=83ff96335c2d45a094df02a206a39ff4
AAR,ASTRAL RESOURCES NL,Significant High-Grade Gold Intersected at Spargoville,2026-03-25,"Spargoville Gold Project – Wattle Dam Complex • Assay results received for 39 holes (4,234m) from the reverse circulation (RC) in-fill and extensional drill program completed in January 2026 at the Wattle Dam Complex, within the Spargoville Gold Project in Western Australia.",https://cdn-api.markitdigital.com/apiman-gateway/ASX/asx-research/1.0/file/2924-03071777-6A1317740?access_token=83ff96335c2d45a094df02a206a39ff4
MOH,MOHO RESOURCES LIMITED,Bush Chook expanded with historic high-grade gold mine added,2026-03-25,Moho Resources Ltd P.,https://cdn-api.markitdigital.com/apiman-gateway/ASX/asx-research/1.0/file/2924-03071711-6A1317724?access_token=83ff96335c2d45a094df02a206a39ff4
GTG,GENETIC TECHNOLOGIES LIMITED,Update on Proposed Acquisition Strategy,2026-03-24,"ASX Market Announcement Update on Proposed Acquisition Strategy Sydney Australia, 24 March 2026: Genetic Technologies Limited (ASX: GTG, “Company”, “GTG”) advises that it will no longer be proceeding with the previously contemplated acquisition of Ellerfield Wealth and Walker Capital Private Wealth ",https://cdn-api.markitdigital.com/apiman-gateway/ASX/asx-research/1.0/file/2924-03071506-3A690015?access_token=83ff96335c2d45a094df02a206a39ff4
KLV,KLEVO REWARDS LIMITED,Klevo Accelerates Global Expansion with Bybit Partnership,2026-03-24,"Klevo Accelerates Global Expansion with Strategic Bybit Partnership to Launch KLVAUD Stablecoin, Mastercard and Rewards Ecosystem Klevo Rewards Limited (ASX: KLV) (“Klevo” or “Company”) is pleased to announce that its wholly owned subsidiary, Fly Wallet Pty Ltd (“Fly Wallet”), will partner with glob",https://cdn-api.markitdigital.com/apiman-gateway/ASX/asx-research/1.0/file/2924-03071453-6A1317624?access_token=83ff96335c2d45a094df02a206a39ff4
SKK,STAKK LIMITED,Stakk Lands A$7.85M Major Client Contract,2026-03-24,"Stakk lands A$7.85M (US$5.5M) Major Contract as demand for its AI-native execution-layer infrastructure increases Sydney, Tuesday 24 March 2026, Stakk Ltd (ASX: SKK) (“Stakk” or “the Company”), a leading AI-native trust and decisioning infrastructure provider for regulated industries, is pleased to ",https://cdn-api.markitdigital.com/apiman-gateway/ASX/asx-research/1.0/file/2924-03071451-6A1317623?access_token=83ff96335c2d45a094df02a206a39ff4
RCE,RECCE PHARMACEUTICALS LTD,Brazil Patent Granted for RECCE Anti-Infectives,2026-03-24,"Brazil Patent Granted for RECCE® Anti-Infectives Sydney Australia, 24 March 2026: Recce Pharmaceuticals Limited (ASX:RCE, FSE:R9Q) (Recce or the Company), a leading developer of a New Class of Synthetic Anti-Infectives, is pleased to announce the Brazilian National Institute of Industrial Property (",https://cdn-api.markitdigital.com/apiman-gateway/ASX/asx-research/1.0/file/2924-03071488-6A1317633?access_token=83ff96335c2d45a094df02a206a39ff4
LMG,LATROBE MAGNESIUM LIMITED,High Grade MgO Produced,2026-03-24,or LMG) (ASX: LMG) is pleased to provide the assay results of the recent continuous production of Magnesium Oxide from its Hazelwood North Demonstration Plant.,https://cdn-api.markitdigital.com/apiman-gateway/ASX/asx-research/1.0/file/2924-03071423-2A1662011?access_token=83ff96335c2d45a094df02a206a39ff4
FG1,FLYNN GOLD LIMITED,More Firetower Shallow High-Grade Gold-Tungsten Intercepts,2026-03-24,JOIN FLYNN GOLD’S INTERACTIVE INVESTOR HUB to interact with Flynn’s announcements and updates by asking questions or making comments which our team will respond to where possible More Shallow High-Grade Gold- Tungsten Intercepts at Firetower Follow-up drilling to commence next quarter,https://cdn-api.markitdigital.com/apiman-gateway/ASX/asx-research/1.0/file/2924-03071433-3A689999?access_token=83ff96335c2d45a094df02a206a39ff4
MGU,MAGNUM MINING AND EXPLORATION LIMITED,MULTIPLE ASSAYS EXCEED 100g/t AU & UP TO 18.35% CU,2026-03-24,"MULTIPLE ASSAYS EXCEED 100g/t GOLD AND UP A systematic surface geochemical program at the Parker Project has returned high-grade gold and copper results from the Eagle Nest, Red Breccia and NSW Detachment targets, confirming and extending key interpreted mineralised corridors and structures across t",https://cdn-api.markitdigital.com/apiman-gateway/ASX/asx-research/1.0/file/2924-03071507-6A1317642?access_token=83ff96335c2d45a094df02a206a39ff4
AVW,AVIRA RESOURCES LTD,High-Grade Gold Confirmed at Mt Cattlin,2026-03-24,"Market Announcements Office 152-158 St George's Terrace MT CATTLIN Avira Resources Ltd (ASX: AVW) (Avira or the Company) is pleased to report the confirmation of significant high-grade gold intersections at W: www.aviraresourcesltd.com.au the Mt Cattlin Gold Project in Western Australia, following t",https://cdn-api.markitdigital.com/apiman-gateway/ASX/asx-research/1.0/file/2924-03071434-6A1317618?access_token=83ff96335c2d45a094df02a206a39ff4
G6M,GROUP 6 METALS LIMITED,Group 6 Metals Signs Offtake Agreement Extension,2026-03-24,"Group 6 Metals Signs Offtake Agreement extension with Traxys Europe S.A. Group 6 Metals Limited (“the Company”, “G6M”) is pleased to announce the signing of a multi-year offtake agreement extension with prominent global commodities trading firm, Traxys Europe S.A.",https://cdn-api.markitdigital.com/apiman-gateway/ASX/asx-research/1.0/file/2924-03071345-2A1661923?access_token=83ff96335c2d45a094df02a206a39ff4
SQX,SQX RESOURCES LIMITED,Spectacular Channel Sampling Assays at Red Bird Gold Project,2026-03-24,"• Systematic channel sampling at the Red Bird Gold Project in Arizona has returned spectacular gold results • Continuous horizontal, shallow underground chip channel sampling results over multiple levels within the historical Red Bird workings include: RBCH037: 13.7m @ 16.0g/t Au incl.",https://cdn-api.markitdigital.com/apiman-gateway/ASX/asx-research/1.0/file/2924-03071416-2A1662007?access_token=83ff96335c2d45a094df02a206a39ff4
AQX,ALICE QUEEN LIMITED,NEW HIGH-GRADE GOLD TARGET IDENTIFIED AT VIAN,2026-03-24,"Alice Queen Limited (ASX:AQX) (“Alice Queen” or “the Company”) is pleased to provide shareholders with trench geochemical sampling results from its exploration program carried out at the Company’s 100% owned low-sulphidation, high-grade epithermal gold project, Viani, located at Vanua Levu, Fiji.",https://cdn-api.markitdigital.com/apiman-gateway/ASX/asx-research/1.0/file/2924-03071398-6A1317603?access_token=83ff96335c2d45a094df02a206a39ff4
PL3,PATAGONIA LITHIUM LTD,Formentera Lithium Drilling Assay Update,2026-03-24,Formentera Well Six Lithium Assay of 412ppm • Assays from Formentera concession well JAM 26-06 (Well 6) have been received and the highest assay was 412ppm lithium at 405-416 metres.,https://cdn-api.markitdigital.com/apiman-gateway/ASX/asx-research/1.0/file/2924-03071374-3A689988?access_token=83ff96335c2d45a094df02a206a39ff4
PFE,PANTERA MINERALS LIMITED,High Grade Antimony to 3.9% Sb Confirm Priority Drill Target,2026-03-24,"24th March 2026 High-Grade Antimony to 3.9% Sb and Extensive Soil Anomalies Confirm Priority First modern exploration assays from the Gillham Project have delivered high-grade antimony and base metal results, validating the project’s potential and accelerating progress toward a maiden drill",https://cdn-api.markitdigital.com/apiman-gateway/ASX/asx-research/1.0/file/2924-03071381-6A1317600?access_token=83ff96335c2d45a094df02a206a39ff4
BHL,BLACK HORSE MINING LIMITED,Further High-Grade Gold - Mt Egerton Gold Project,2026-03-24,"Further High-Grade Gold - Mt Egerton Gold Project • Exceptional high-grade, near-surface gold intersected in hole 26MEDD004, with assays up to 46.2g/t Au within a 4.4m mineralised zone from 49.65m downhole • New mineralised zone extends known high-grade gold ~10m vertically above the intercept repor",https://cdn-api.markitdigital.com/apiman-gateway/ASX/asx-research/1.0/file/2924-03071254-6A1317575?access_token=83ff96335c2d45a094df02a206a39ff4
MRD,MOUNT RIDLEY MINES LIMITED,Major Heavy Rare Earth Resource at Mount Ridley Project,2026-03-24,"Major Heavy Rare Earth Resource Estimate at Mount Ridley Project 41% Heavy Rare Earth Oxides Ratio, rich in Dysprosium & Terbium • Inferred Mineral Resource of 122.56Mt @ 889 ppm TREO for 108,954 tonnes of contained TREO metal with 44,610t contained HREO reported at a 300 ppm TREO cut-off.",https://cdn-api.markitdigital.com/apiman-gateway/ASX/asx-research/1.0/file/2924-03071438-6A1317610?access_token=83ff96335c2d45a094df02a206a39ff4
FEL,FORTE ENERGY LIMITED,AWARD OF HIGHLY PROSPECTIVE ALASKAN LEASES,2026-03-23,"▪ Forte Energy announced as highest bidder on two new leases adjacent to its Umiat oil field acreage, bidding US$27/acre for 13,220 acres ▪ Existing 3D seismic data exhibits strong AVO anomalies over an estimated 22 km2 area, downdip of the shallow Umiat oil field ▪ Structural downdip prospect offer",https://cdn-api.markitdigital.com/apiman-gateway/ASX/asx-research/1.0/file/2924-03071059-3A689910?access_token=83ff96335c2d45a094df02a206a39ff4
EGY,ENERGY TECHNOLOGIES LIMITED,EGY IP Acquisition,2026-03-23,"Acquisition of Maradin Ltd’s Laser Optical Engineering IP portfolio, by Cogenic, a 100% owned subsidiary Key highlights:  Inserts Cogenic at a later stage prototype ready position  Cogenic will be a late-stage developer in full laser projection optical  The focus of the technology is on ultra-nea",https://cdn-api.markitdigital.com/apiman-gateway/ASX/asx-research/1.0/file/2924-03070967-2A1661712?access_token=83ff96335c2d45a094df02a206a39ff4
YUG,YUGO METALS LIMITED,Petrovo licence approved,2026-03-23,ASX:YUG · 23 March 2026 · Page 1 of 5 ● A S X RE LE AS E · MA RK E T A NNOU NC EMENT 23 March 2026 Yugo Metals Limited Government Approval Unlocks High-Grade Polymetallic Project at Petrovo (Sockovac) The Government of the Republic of Srpska (Bosnia and Herzegovina) has formally approved,https://cdn-api.markitdigital.com/apiman-gateway/ASX/asx-research/1.0/file/2924-03070953-6A1317421?access_token=83ff96335c2d45a094df02a206a39ff4
MHC,MANHATTAN GOLD CORPORATION LIMITED,Drill Contract Awarded for Hook Lake,2026-03-23,"Drill Contract Awarded for Hook Lake Strategic Drilling to Prove up District Scale High Grade Gold and Polymetallic Resource Opportunity ▪ Reverse circulation (RC) drilling for an initial 4,000m contracted for the Hook Lake Project in Nunavut, Canada awarded to Northspan Explorations Ltd.",https://cdn-api.markitdigital.com/apiman-gateway/ASX/asx-research/1.0/file/2924-03070926-6A1317443?access_token=83ff96335c2d45a094df02a206a39ff4
MI6,MINERALS 260 LIMITED,FIRB Approval Received for Final $95M Royalty Payment,2026-03-23,"FIRB Approval Received for Franco-Nevada’s Final $95 million Payment of Royalty Funding Further to its announcement of 23 February 2026 regarding its $220 million strategic funding package, Minerals 260 Limited (ASX:MI6) (“Minerals 260” or “the Company”) is pleased to announce that Franco-Nevada Aus",https://cdn-api.markitdigital.com/apiman-gateway/ASX/asx-research/1.0/file/2924-03070879-6A1317419?access_token=83ff96335c2d45a094df02a206a39ff4
ENL,ENLITIC INC.,Data Migration Contract with Penn Medicine,2026-03-23,"1635 Foxtrail Drive, Suite 111A Loveland, CO 80538 US$1.5M Data Migration Contract with Penn Medicine  Penn Medicine Doylestown Health is part of Penn Medicine, University of Pennsylvania Health System, one of the world’s leading academic health systems  Under the agreement, Laitek will migrate ov",https://cdn-api.markitdigital.com/apiman-gateway/ASX/asx-research/1.0/file/2924-03070850-3A689867?access_token=83ff96335c2d45a094df02a206a39ff4
NXN,NEXSEN LIMITED,FDA feedback derisks US approval pathway for StrepSure,2026-03-23,FDA Feedback De-Risks U.S. Approval Pathway for StrepSure® Nexsen Limited (ASX:NXN) (“Nexsen” or the “Company”) is pleased to announce the successful completion of a Pre-Submission meeting conducted under the U.S.,https://cdn-api.markitdigital.com/apiman-gateway/ASX/asx-research/1.0/file/2924-03070875-2A1661641?access_token=83ff96335c2d45a094df02a206a39ff4
ICL,ICENI GOLD LIMITED,$1.55m Raised and Strategic Tenement Acquisition,2026-03-23,"$1.55m Raised and Strategic Tenement Acquisition Iceni Gold Limited (ASX: ICL) (Iceni or the Company) is pleased to announce a successful capital raising to fund ongoing gold exploration at the 14 Mile Well Gold Project (14MWGP), between Leonora and Laverton and the acquisition of a package of tenem",https://cdn-api.markitdigital.com/apiman-gateway/ASX/asx-research/1.0/file/2924-03071036-6A1317465?access_token=83ff96335c2d45a094df02a206a39ff4
MKR,MANUKA RESOURCES LTD.,Amended Announcement - Updated Cobar Basin PFS,2026-03-23,Amended Announcement Updated Cobar Basin PFS Highlighting Substantial Increase in Profit and NPV Announcement Manuka Resources Limited (ASX: MKR; NZX: MKR) (the Company) releases the attached Amended Announcement following a review by ASX of the announcement dated 30 January 2026 (Original Announcem,https://cdn-api.markitdigital.com/apiman-gateway/ASX/asx-research/1.0/file/2924-03071148-2A1661863?access_token=83ff96335c2d45a094df02a206a39ff4
SHN,SUNSHINE METALS LIMITED,Sunshine awarded CEI grant to drill Trooper Creek target,2026-03-23,"Sunshine Metals Limited ASX: SHN U26,31-45 Eyre St info@shnmetals.com.au North Ward, Qld 4810 shnmetals.com.au Sunshine awarded CEI grant to drill Trooper Creek Au-Ag-Cu-Zn target • Sunshine awarded $202,235 grant through Round 10 of the Queensland Government’s",https://cdn-api.markitdigital.com/apiman-gateway/ASX/asx-research/1.0/file/2924-03070922-6A1317440?access_token=83ff96335c2d45a094df02a206a39ff4
KZR,KALAMAZOO RESOURCES LIMITED,Excellent Extension Drilling Results Delivered at AGP,2026-03-23,Excellent Extension Drilling Results Delivered at Ashburton Gold Project • Kalamazoo Resources Limited (ASX: KZR) (“Kalamazoo” or the “Company”) has received initial assay results from its recent drilling program at the Ashburton Gold Project (“AGP”) • Kalamazoo is targeting resource growth beyond t,https://cdn-api.markitdigital.com/apiman-gateway/ASX/asx-research/1.0/file/2924-03070821-6A1317404?access_token=83ff96335c2d45a094df02a206a39ff4
OLY,OLYMPIO METALS LIMITED,Bonanza Gold Intercept from Phase 2 Drilling at Bousquet,2026-03-23,23rd March 2026 Bonanza Gold Intercept From Phase 2 Drilling at Bousquet • First assays received for Phase 2 drilling at Paquin result in bonanza gold intercept: o 7.5m @ 41.81 g/t Au from 182m (BO-26-63) • This result is the best gold drill intersection for the Bousquet Project to date and adds,https://cdn-api.markitdigital.com/apiman-gateway/ASX/asx-research/1.0/file/2924-03070819-6A1317402?access_token=83ff96335c2d45a094df02a206a39ff4
IFL,INSIGNIA FINANCIAL LTD,Scheme of Arrangement - Receipt of APRA approval,2026-03-20,"Scheme of Arrangement: Receipt of APRA approval Insignia Financial Ltd (ASX: IFL) (“Insignia Financial”) refers to: • the proposed acquisition of Insignia Financial by Daintree BidCo Pty Ltd (ACN 686 668 619) (“Daintree Bidco”), an entity established by CC Capital Partners LLC and its affiliates, by",https://cdn-api.markitdigital.com/apiman-gateway/ASX/asx-research/1.0/file/2924-03070726-3A689849?access_token=83ff96335c2d45a094df02a206a39ff4
1AD,ADALTA LIMITED,New AD-214 patent granted,2026-03-20,AdAlta Limited (ASX:1AD) Canadian patent protecting AD-214 granted Grant completes composition of matter protection for AD-214 in major Investment highlights • Patent protecting AD-214 granted by Canadian Intellectual Property Office • AD-214 now protected by composition of matter patents in all maj,https://cdn-api.markitdigital.com/apiman-gateway/ASX/asx-research/1.0/file/2924-03070465-3A689799?access_token=83ff96335c2d45a094df02a206a39ff4
TVN,TIVAN LIMITED,Approval of Feasibility Study for Speewah Fluorite,2026-03-20,Feasibility Study and Tranche 2 equity investment approved by joint venture partners for Speewah Fluorite Project • The Feasibility Study for the Speewah Fluorite Project (“Project”) in Western Australia has been approved by Tivan’s joint venture partners Sumitomo Corporation and JOGMEC.,https://cdn-api.markitdigital.com/apiman-gateway/ASX/asx-research/1.0/file/2924-03070456-6A1317240?access_token=83ff96335c2d45a094df02a206a39ff4
KLV,KLEVO REWARDS LIMITED,Multi-Jurisdictional Approval for Corporate Card Programs,2026-03-20,"Date: 20 March 2026 Fly Wallet Receives Multi-Jurisdictional Certification Approval for Corporate Card Programs Klevo Rewards Limited (“Klevo” or “Company”) is pleased to announce that its subsidiary, Fly Wallet Pty Ltd, has received formal certification approval for payment cards issuance across mu",https://cdn-api.markitdigital.com/apiman-gateway/ASX/asx-research/1.0/file/2924-03070430-6A1317239?access_token=83ff96335c2d45a094df02a206a39ff4
TGM,THETA GOLD MINES LIMITED,Theta Gold Locks in Key Crushing & Screening Plant Contract,2026-03-20,"Theta Gold Locks in Key Crushing and Screening Plant Contract Theta Gold Mines Limited (‘Theta Gold’ or the ‘Company’) (ASX: TGM) is pleased to announce a significant milestone at its flagship TGME Gold Project in South Africa, executing a manufacturing contract for a crushing and screening plant wi",https://cdn-api.markitdigital.com/apiman-gateway/ASX/asx-research/1.0/file/2924-03070389-6A1317228?access_token=83ff96335c2d45a094df02a206a39ff4
JNO,JUNO MINERALS LIMITED,First Pass Drill Program Completed on Gold Anomaly Mount Ida,2026-03-20,"• A total of 40 shallow RC holes were drilled totalling 1,450 metres were completed testing southern QV1 a northeast-southwest trending quartz vein. • Significant intercepts using a cut-off grade of 0.80 g/t Au are.",https://cdn-api.markitdigital.com/apiman-gateway/ASX/asx-research/1.0/file/2924-03070331-6A1317218?access_token=83ff96335c2d45a094df02a206a39ff4
NMT,NEOMETALS LTD,Neometals enters US Lithium-Potash Brine JV,2026-03-20,"Neometals enters US Lithium Potash Brine JV • Neometals has entered into an agreement to acquire a 51% interest in Utah Brine Corporation (“UBC”), the holding company for a lithium and potash (potassium) brine project in Utah’s Paradox Basin, in return for funding up to US$2 million (A$2.82 million)",https://cdn-api.markitdigital.com/apiman-gateway/ASX/asx-research/1.0/file/2924-03070594-6A1317294?access_token=83ff96335c2d45a094df02a206a39ff4
TVN,TIVAN LIMITED,Feasibility Study for Speewah Fluorite Project,2026-03-20,Fluorite Project Feasibility Study Nicholas Ong Elena Madden Company Secretary True North Strategic Communication E: nicholas.ong@tivan.com.au E: elena@truenorthcomm.com.au Registered Office Contact tivan Limited,https://cdn-api.markitdigital.com/apiman-gateway/ASX/asx-research/1.0/file/2924-03070455-6A1317237?access_token=83ff96335c2d45a094df02a206a39ff4
BAS,BASS OIL LIMITED,Approval to Award Drilling Contract for Bunian 6,2026-03-19,Release date: 19 March 2026 Bass Secures Approval to Award Drilling Contract for Bunian 6 Oil Development Well Bass Oil Limited (ASX:BAS) is an Australian-listed oil producer holding a majority interest in eight permits in the Cooper Basin including the 100% owned Worrior and Padulla oil fields and ,https://cdn-api.markitdigital.com/apiman-gateway/ASX/asx-research/1.0/file/2924-03070075-3A689730?access_token=83ff96335c2d45a094df02a206a39ff4
DRX,DIATREME RESOURCES LIMITED,Cyclone metallurgical testwork shows project upside,2026-03-19,"Cyclone metallurgical testwork completed, shows project upside • Mineral Technologies has completed Mineral Separation Plant (MSP) testwork and flowsheet optimisation for Diatreme’s Cyclone Project, resulting in significantly increased product yields • Previous Wet Concentrator Plant (WCP) testwork ",https://cdn-api.markitdigital.com/apiman-gateway/ASX/asx-research/1.0/file/2924-03070119-2A1661280?access_token=83ff96335c2d45a094df02a206a39ff4
MGT,MAGNETITE MINES LIMITED.,Manna Hill  Gold Project Tenement Granted,2026-03-19," Gold tenement granted: Exploration Licence 7106 has now been granted to Magnetite Mines Limited for the Manna Hill Gold Project in South Australia, located approximately 100km northeast of the Company’s Razorback Iron Ore Project.",https://cdn-api.markitdigital.com/apiman-gateway/ASX/asx-research/1.0/file/2924-03070037-6A1317079?access_token=83ff96335c2d45a094df02a206a39ff4
WEL,WINCHESTER ENERGY LTD,Varn JVU-4 Drilling Commences,2026-03-19,"Varn JVU-4 Drilling Commences Winchester Energy Limited (ASX: WEL) (Winchester or the Company) advises that the JVU-4 water- injection well within the Varn waterflood project, commenced drilling on 18 March 2026.",https://cdn-api.markitdigital.com/apiman-gateway/ASX/asx-research/1.0/file/2924-03070103-6A1317104?access_token=83ff96335c2d45a094df02a206a39ff4
ANG,AUSTIN ENGINEERING LIMITED,Austin Chile OEM contract re-negotiated for improved terms,2026-03-19,"Austin Chile OEM Contract Re-Negotiated for Austin Engineering Limited (ASX: ANG, ‘Austin’ or ‘the Company’) is pleased to advise that it has successfully concluded a re-negotiation of its Chile original equipment manufacturer (OEM) contract.",https://cdn-api.markitdigital.com/apiman-gateway/ASX/asx-research/1.0/file/2924-03069957-6A1317046?access_token=83ff96335c2d45a094df02a206a39ff4
QXR,QX RESOURCES LIMITED,High-Grade Supergene Uranium In Historical Madaba Trenching,2026-03-19, Digitisation of historical trenching has confirmed exceptional high-grade supergene-enriched uranium mineralisation at surface across multiple prospects at the Madaba Uranium Project  Standout trench sampling results include: 1.60% U₃O₈ over 1m – Sita Prospect 1.36% U₃O₈ over 0.8m – Sita Prospect,https://cdn-api.markitdigital.com/apiman-gateway/ASX/asx-research/1.0/file/2924-03070058-6A1317089?access_token=83ff96335c2d45a094df02a206a39ff4
SKM,SKYLARK MINERALS LIMITED,Outstanding Initial Assay Results at Zaranou,2026-03-19,"Thursday, 19 March 2026 Skylark Minerals Limited (Skylark or the Company) (ASX: SKM) is pleased to report initial assay results from ongoing Reverse Circulation (RC) drilling at the M’Basso Zone, part of its flagship Zaranou Gold Project in Côte d’Ivoire (Zaranou).",https://cdn-api.markitdigital.com/apiman-gateway/ASX/asx-research/1.0/file/2924-03070006-6A1317062?access_token=83ff96335c2d45a094df02a206a39ff4
ITS,INFOTRUST LTD,Catalyst Cyber Acquisition to expand Federal Govt services,2026-03-19,"Infotrust Expands into the Federal Government Cyber Sector with Strategic Acquisition of Canberra-based Catalyst Cyber • Accelerates Infotrust’s expansion into Federal Government and defence-aligned cyber security • Acquisition of Catalyst Cyber Pty Ltd (“Catalyst Cyber”), a Canberra-based specialis",https://cdn-api.markitdigital.com/apiman-gateway/ASX/asx-research/1.0/file/2924-03069878-3A689690?access_token=83ff96335c2d45a094df02a206a39ff4
LGM,LEGACY MINERALS HOLDINGS LIMITED,Maiden Drilling Makes New Greenfields Gold Discovery,2026-03-19,"ASX Annou ncement Maiden Drilling Makes New Greenfields Gold Discovery New discovery with outstanding first pass drill results at Mascotte Prospect, Mt Carrington • The first ever diamond drill hole beneath the 1.3km line of Mascotte workings has returned significant widths and grades of gold and el",https://cdn-api.markitdigital.com/apiman-gateway/ASX/asx-research/1.0/file/2924-03070005-2A1661236?access_token=83ff96335c2d45a094df02a206a39ff4
I88,INFINI RESOURCES LIMITED,Saskatchewan Drill Contracts Awarded,2026-03-19,"Released 19 March 2026 Key Contractors Appointed for Maiden Drilling at Reynolds and Reitenbach Lake Uranium Projects Rodren Drilling Ltd appointed as diamond drilling contractor, bringing over 4 7 years of experience supporting mineral exploration and uranium drilling programs across",https://cdn-api.markitdigital.com/apiman-gateway/ASX/asx-research/1.0/file/2924-03069953-6A1317045?access_token=83ff96335c2d45a094df02a206a39ff4
AVM,ADVANCE METALS LIMITED,High Grade Silver Results From Final Yoquivo Drilling,2026-03-19,Exceptional Silver-Gold Results From Final Drill Holes Ahead of Yoquivo Resource Upgrade Final resource extension holes completed in the central Pertenencia area return multiple zones of very high grade silver-gold mineralisation and are expected to support the upcoming Yoquivo Mineral Resource Esti,https://cdn-api.markitdigital.com/apiman-gateway/ASX/asx-research/1.0/file/2924-03069909-2A1661182?access_token=83ff96335c2d45a094df02a206a39ff4
HZR,HAZER GROUP LIMITED,Hazer Signs Graphite Offtake LOI With Green Steel of WA,2026-03-19,"Hazer Group Limited (ACN 144 044 600) • Hazer enters a non-binding MOU and Graphite Offtake LOI with Green Steel of WA (Collie) • Proposed offtake covers up to 85,000 tonnes over a 10-year term (8,500t per annum) • Pricing linked to anthracite benchmark, supporting price discovery and market develop",https://cdn-api.markitdigital.com/apiman-gateway/ASX/asx-research/1.0/file/2924-03069951-6A1317042?access_token=83ff96335c2d45a094df02a206a39ff4
HTM,HIGH-TECH METALS LTD,Mt Fisher Set for Rapid High-Grade Gold Resource Growth,2026-03-19,"~5,000m RC program to expand on 35koz @ 2.32g/t Au Resource1, targeting high-grade shoots and extensions beyond current limits. • ~5,000m RC drilling program ready to commence with site works complete.",https://cdn-api.markitdigital.com/apiman-gateway/ASX/asx-research/1.0/file/2924-03069872-6A1317025?access_token=83ff96335c2d45a094df02a206a39ff4
MML,MCLAREN MINERALS LIMITED,High-Grade Results Identified at Barossa Project,2026-03-19,"High-Grade Results Identified at Barossa Project Following the acquisition of the tenements from Iluka Resources, McLaren has carried out an initial review of the data from previous exploration at Barossa.",https://cdn-api.markitdigital.com/apiman-gateway/ASX/asx-research/1.0/file/2924-03069884-6A1317014?access_token=83ff96335c2d45a094df02a206a39ff4
PC2,PC GOLD LTD,Multiple High-Grade Gold Intercepts at Main Zone Extension,2026-03-19,[ ] February 2026 2129 JManaurcahr y2 2002266 Multiple Thick High-Grade Gold Intercepts at Main Zone South Extension • Multiple thick intercepts of gold returned from drill hole MS-011: o 17m @ 0.93 g/t Au from 163 mdh.,https://cdn-api.markitdigital.com/apiman-gateway/ASX/asx-research/1.0/file/2924-03069875-6A1317026?access_token=83ff96335c2d45a094df02a206a39ff4
MGU,MAGNUM MINING AND EXPLORATION LIMITED,EXTENSIVE AUGER DRILLING TO FOLLOW-UP IAC DISCOVERY,2026-03-19,"10,000m AUGER DRILL PROGRAM TO FOLLOW-UP Follow-up drilling to build scale and potentially deliver a maiden resource at the newly confirmed Ionic Adsorption Clay REE Piracanjuba system, which delivered high recoveries under mild leaching conditions and widespread mineralisation highlighting potentia",https://cdn-api.markitdigital.com/apiman-gateway/ASX/asx-research/1.0/file/2924-03070013-6A1317064?access_token=83ff96335c2d45a094df02a206a39ff4
MAU,MAGNETIC RESOURCES NL,Granting of ASX waiver,2026-03-18,"44A Kings Park Road ASX code: MAU West Perth WA 6005 West Perth WA 6872 Telephone 08 9226 1777 Magnetic Resources NL (ACN 121 370 232) (Magnetic or the Company) refers to its announcement on 16 February 2026, regarding the proposed scheme of arrangement under Part 5.1 of the",https://cdn-api.markitdigital.com/apiman-gateway/ASX/asx-research/1.0/file/2924-03069736-6A1316957?access_token=83ff96335c2d45a094df02a206a39ff4
SOP,SYNERTEC CORPORATION LIMITED,Synertec secures TasNetworks ARENA contract for Powerhouse,2026-03-18,"Melbourne, Australia: Technology design, development and engineering growth company, Synertec Corporation Limited (ASX: SOP, “Synertec” or “the Company”) is pleased to announce that it has executed a contract with TasNetworks to supply its Powerhouse Battery Energy Storage System (BESS) solution to ",https://cdn-api.markitdigital.com/apiman-gateway/ASX/asx-research/1.0/file/2924-03069718-3A689672?access_token=83ff96335c2d45a094df02a206a39ff4
WGR,WESTERN GOLD RESOURCES LIMITED.,Main Roads WA and Shire of Wiluna Grant Road User Access,2026-03-18,Date 18th March 2026 Gold Duke Project Main Roads WA and Shire of Wiluna Grant Road User • Shire of Wiluna and Main Roads WA have granted access to both the Sandstone – Wiluna Road and the Goldfields Highway for the haulage of the ore from the Gold Duke Project.,https://cdn-api.markitdigital.com/apiman-gateway/ASX/asx-research/1.0/file/2924-03069639-6A1316913?access_token=83ff96335c2d45a094df02a206a39ff4
BMR,BALLYMORE RESOURCES LIMITED,High-Grade Assays Define 5km Gold Corridor at Dittmer,2026-03-18,Visible Gold and High-Grade Results Define 5km Gold Corridor at Dittmer.,https://cdn-api.markitdigital.com/apiman-gateway/ASX/asx-research/1.0/file/2924-03069622-2A1661050?access_token=83ff96335c2d45a094df02a206a39ff4
RWD,REWARD MINERALS LTD,New Gold Project Acquisition,2026-03-18,"New Gold Project Acquisition ASX CODE: RWD Highlights  Reward has executed a binding Letter of Intent for the acquisition of the DIRECTORS highly prospective Mountain Pond Gold Project, Newfoundland Island, Colin McCavana Canada  Historic prospecting has identified a gold-bearing quartz-sulphide v",https://cdn-api.markitdigital.com/apiman-gateway/ASX/asx-research/1.0/file/2924-03069704-6A1316946?access_token=83ff96335c2d45a094df02a206a39ff4
KAU,KAISER REEF LIMITED,Managing Director Contract Renewed,2026-03-18,"Kaiser Reef Limited (ASX: KAU) (""Kaiser"" or the ""Company"") is pleased to announce the renewal of Mr. Brad Valiukas’ employment contract as Managing Director.",https://cdn-api.markitdigital.com/apiman-gateway/ASX/asx-research/1.0/file/2924-03069561-6A1316891?access_token=83ff96335c2d45a094df02a206a39ff4
LSR,LODESTAR MINERALS LIMITED,Mineraolgy Confirms High-Grade HREE as Xenotime at Virgin Mt,2026-03-18," Mineralogy results received from the study of rock chip samples from the Virgin Mountain REE Project in Arizona, USA  Xenotime confirmed as dominant REE-bearing mineral, confirming Heavy Rare Earth potential for the Virgin Mountain REE Project in Arizona, USA  Significance of Xenotime Contains a",https://cdn-api.markitdigital.com/apiman-gateway/ASX/asx-research/1.0/file/2924-03069645-6A1316914?access_token=83ff96335c2d45a094df02a206a39ff4
ORN,ORION MINERALS LTD,Orion Settles Final Acquisition Consideration for Okiep,2026-03-18,ASX/JSE RELEASE: 18 March 2026 Orion Settles Final Acquisition Consideration for Okiep Settlement of Final Acquisition Consideration completes the acquisition of the Okiep Copper Project (OCP) in South Africa’s Northern Cape region.,https://cdn-api.markitdigital.com/apiman-gateway/ASX/asx-research/1.0/file/2924-03069554-3A689644?access_token=83ff96335c2d45a094df02a206a39ff4
BGD,BARTON GOLD HOLDINGS LIMITED,Challenger DFS Pit Optimisation Drilling Begins,2026-03-18,"Challenger DFS Pit Optimisation Drilling Begins Targeting Initial ‘Stage 1’ DFS & Ore Reserves conversion by H2 CY 2026 • DFS underway following dual Challenger JORC (2012) Mineral Resources upgrades to 313koz Au1 • ~8,000m reverse circulation (RC) drilling underway at Challenger ‘Main’, ‘Challenger",https://cdn-api.markitdigital.com/apiman-gateway/ASX/asx-research/1.0/file/2924-03069541-6A1316886?access_token=83ff96335c2d45a094df02a206a39ff4
GG8,GORILLA GOLD MINES LTD,Mulwarrie High Grade Gold Intercept Beyond Resource,2026-03-18,"High-grade gold intersected 700m beyond 350,000oz Resource at First holes from step-out drilling highlight significant resource growth potential • Results from the first step-out drill holes, more than 700m along strike from the existing 350,000oz @ 3.6g/t Au Mineral Resource Estimate (‘MRE’), have ",https://cdn-api.markitdigital.com/apiman-gateway/ASX/asx-research/1.0/file/2924-03069579-6A1316898?access_token=83ff96335c2d45a094df02a206a39ff4
FRX,FLEXIROAM LIMITED,Airline Expansion and mPOS Partnership Win,2026-03-18,"ASX:FRX | ASX Announcement • Major Global Airline Expansion: FlexiRoam has expanded an existing enterprise relationship with a top-10 global full-service airline, adding mission-critical aircraft operational connectivity alongside existing staff connectivity.",https://cdn-api.markitdigital.com/apiman-gateway/ASX/asx-research/1.0/file/2924-03069516-6A1316875?access_token=83ff96335c2d45a094df02a206a39ff4
A1N,ARN MEDIA LIMITED,Termination of contract with Quasar Media and Mr Sandilands,2026-03-18,"Termination of contract with Quasar Media and Mr Sandilands SYDNEY, Australia – Wednesday 18 March 2026 – ARN Media Limited [ASX: A1N] advises that it has issued a notice of termination of contract to Mr Kyle Sandilands and Quasar Media Services Pty Ltd (Quasar Media).",https://cdn-api.markitdigital.com/apiman-gateway/ASX/asx-research/1.0/file/2924-03069433-2A1660967?access_token=83ff96335c2d45a094df02a206a39ff4
BRX,BELARAROX LIMITED,Significant High Grade Silver Zone Discovered,2026-03-18,"DISCOVERED AT TORO CENTRAL – 47M @ 172 g/t Ag • Second drill hole (TMT-TC-DDH-002) at Toro Central discovers a new near-surface high-grade • 47m @ 171.99 g/t Ag, 3.99% Zn, 0.23% Cu, 0.22 g/t Au and 0.34% Pb from 59m, including: 27m @ 290.55 g/t Ag, 5.00% Zn, 0.38% Cu, 0.35 g/t Au and 0.53% Pb from 5",https://cdn-api.markitdigital.com/apiman-gateway/ASX/asx-research/1.0/file/2924-03069577-6A1316851?access_token=83ff96335c2d45a094df02a206a39ff4
QML,QMINES LIMITED,Bonanza Gold & Silver Results Confirmed at Mount Mackenzie,2026-03-18,• Assays have confirmed bonanza-grade gold and silver mineralisation at the Vein355 prospect at the Mount Mackenzie Project in Central Queensland.,https://cdn-api.markitdigital.com/apiman-gateway/ASX/asx-research/1.0/file/2924-03069522-6A1316879?access_token=83ff96335c2d45a094df02a206a39ff4
RC1,REDCASTLE RESOURCES LIMITED,High-Grade Gold Intersected in Broad Spaced Drilling Program,2026-03-18,High-Grade Gold Intersected in Broad Spaced Drilling Programme • Broad spaced drilling (SHRC programme) between Redcastle Reef (RR) and Queen Alexandra (QA) has returned a high-grade gold intercept • Best results include: SHRC47: 1 m @ 11.9 g/t Au from 20 m,https://cdn-api.markitdigital.com/apiman-gateway/ASX/asx-research/1.0/file/2924-03069453-6A1316841?access_token=83ff96335c2d45a094df02a206a39ff4
BTR,BRIGHTSTAR RESOURCES LIMITED,Excellent Drilling Results Continue at Sandstone,2026-03-18,Excellent Drilling Results Continue at the Sandstone Gold Project Highlighted by impressive result 411m @ 1.11g/t Au in Sandstone drilling to feed into upcoming MRE update and PFS • Brightstar has received results from diamond and reverse circulation drilling completed at the 2.4Moz @ 1.5g/t Au Sand,https://cdn-api.markitdigital.com/apiman-gateway/ASX/asx-research/1.0/file/2924-03069476-6A1316863?access_token=83ff96335c2d45a094df02a206a39ff4
BHM,BROKEN HILL MINES LIMITED,Pinnacles Identifies Widespread Very High Grade Ag Zone,2026-03-18,"Pinnacles Drilling Results Pinnacles Drilling Identifies Significant Widespread Zone of Very High Grade Mineralisation, up to 1,556g/t AgEq Broken Hill Mines Limited (ASX: BHM) is pleased to report outstanding high grade drilling results from the Pinnacles Mine, confirming the presence of a large, c",https://cdn-api.markitdigital.com/apiman-gateway/ASX/asx-research/1.0/file/2924-03069578-6A1316897?access_token=83ff96335c2d45a094df02a206a39ff4
SVM,SOVEREIGN METALS LIMITED,Kasiya Mineral Resource Significantly Upgraded Ahead of DFS,2026-03-18,"Measured & Indicated Resources Increase by 32% Cementing Kasiya as the World’s Largest Natural Rutile Deposit • Total Rutile Mineral Resource increases to 2.1 billion tonnes at 0.96% rutile for 20.3Mt contained rutile with 0.95% TGC for 20.0Mt contained graphite (M,I&I) • Measured and Indicated (M&I",https://cdn-api.markitdigital.com/apiman-gateway/ASX/asx-research/1.0/file/2924-03069465-6A1316853?access_token=83ff96335c2d45a094df02a206a39ff4
CGF,CHALLENGER LIMITED,Revised non-binding offer for Pepper Money,2026-03-17,"Revised non-binding offer for Pepper Money Challenger Limited (ASX:CGF) announces that, further to its update on 9 February 2026, it has submitted a revised confidential, non-binding and conditional proposal (Revised Proposal) to acquire, jointly with Pepper Group ANZ HoldCo Limited (Pepper Group), ",https://cdn-api.markitdigital.com/apiman-gateway/ASX/asx-research/1.0/file/2924-03069193-2A1660806?access_token=83ff96335c2d45a094df02a206a39ff4
SEQ,SEQUOIA FINANCIAL GROUP LTD,Strategic Review of Retail Licensee Services,2026-03-17,"Strategic Review of Retail Licensee Services Sequoia Financial Group Ltd (“Sequoia” or “the Company”) advises that as previously announced on 13 February 2026, review of its retail licensee services operations is continuing.",https://cdn-api.markitdigital.com/apiman-gateway/ASX/asx-research/1.0/file/2924-03069300-2A1660878?access_token=83ff96335c2d45a094df02a206a39ff4
AHK,ARK MINES LIMITED,Sandy Mitchell Rare Earths Mining Licence Granted,2026-03-17,"ASX: AHK | 17 March 2026 RARE EARTH DISCOVERIES Sandy Mitchell Rare Earths Mining Licence Granted • Mining Licence granted by Queensland Government for EPM28013, covering ~406 hectares at the Sandy Mitchell Rare Earths and Heavy Minerals Project in North Queensland • Licence area covers the deposit ",https://cdn-api.markitdigital.com/apiman-gateway/ASX/asx-research/1.0/file/2924-03069196-2A1660810?access_token=83ff96335c2d45a094df02a206a39ff4
VUL,VULCAN ENERGY RESOURCES LIMITED,Vulcan secures lithium production licence for Lionheart,2026-03-17,"Vulcan secures lithium production licence for Lionheart Vulcan Energy (Vulcan, ASX: VUL, FSE: VUL, the Company) is pleased to announce it has been issued its first lithium production permit for its flagship Lionheart Project (Lionheart), which is now funded and in construction.",https://cdn-api.markitdigital.com/apiman-gateway/ASX/asx-research/1.0/file/2924-03069213-6A1316757?access_token=83ff96335c2d45a094df02a206a39ff4
PPM,PEPPER MONEY LIMITED,Receipt of revised non-binding offer for Pepper Money,2026-03-17,ASX Market Announcements Office Exchange Centre Pepper Money Limited (“Pepper Money”) has received an updated non-binding indicative offer from Challenger Limited (ASX:CGF) (“Challenger”).,https://cdn-api.markitdigital.com/apiman-gateway/ASX/asx-research/1.0/file/2924-03069183-2A1660796?access_token=83ff96335c2d45a094df02a206a39ff4
DTM,DART MINING NL,$7m Non-Binding Term Sheet for Sale of Victorian Projects,2026-03-17,"DTM enters into non-binding Term Sheet for sale of Mt Unicorn, Sandy Creek and Tallandoon Projects to Indigo Metals Limited for $7m sale price Dart Mining NL (ASX:DTM) (Company or DTM) is pleased to announce that it has entered into a non-binding term sheet (Agreement) with Indigo Metals Limited (AC",https://cdn-api.markitdigital.com/apiman-gateway/ASX/asx-research/1.0/file/2924-03069144-3A689557?access_token=83ff96335c2d45a094df02a206a39ff4
DTM,DART MINING NL,Binding Agreement to Sell Buckland Gold Project,2026-03-17,DTM enters binding agreement to sell the Buckland Gold Project Dart Mining NL (ASX:DTM) (Company or DTM) is pleased to announce that it has entered into a binding sale and purchase term sheet (Agreement) with Daybreak Minerals Pty Ltd (Daybreak) for the sale of a 100% legal and beneficial interest i,https://cdn-api.markitdigital.com/apiman-gateway/ASX/asx-research/1.0/file/2924-03069077-3A689555?access_token=83ff96335c2d45a094df02a206a39ff4
BNZ,BENZ MINING CORP.,NEW ULTRA HIGH GRADE GOLD DISCOVERY AT MT EGERTON,2026-03-17,▪ New ultra-high grade Kilkenny discovery offset beneath the historic Hibernian Gold Mine validates Benz structural model.,https://cdn-api.markitdigital.com/apiman-gateway/ASX/asx-research/1.0/file/2924-03069190-6A1316748?access_token=83ff96335c2d45a094df02a206a39ff4
NAE,NEW AGE EXPLORATION LIMITED,High-Grade Gold Intercepts at Wagyu,2026-03-17,"ASX: NAE 17 March 2026 High-Grade Gold Intercepts Confirm Intrusion-Related System at Wagyu Gold Project, Pilbara WA • Final assay results received from the recently completed 4,034m Reverse Circulation (RC) drill program at the Wagyu Gold Project • Significant gold intersections reported from Targe",https://cdn-api.markitdigital.com/apiman-gateway/ASX/asx-research/1.0/file/2924-03069071-3A689554?access_token=83ff96335c2d45a094df02a206a39ff4
FEG,FAR EAST GOLD LTD,IDENBURG PROJECT- UKLUPL (ENVIRONMENTAL) APPROVAL GRANTED,2026-03-17,Far East Gold Limited (FEG or the Company) is pleased to announce that on 11 March 2026 the Idenburg Gold Project received environmental approval for advanced exploration activities.,https://cdn-api.markitdigital.com/apiman-gateway/ASX/asx-research/1.0/file/2924-03069057-2A1660730?access_token=83ff96335c2d45a094df02a206a39ff4
KNB,KOONENBERRY GOLD LIMITED,KNB hits high-grade shallow gold & extends Sunnyside system,2026-03-17,"KNB hits high-grade shallow gold, extends mineralisation at Sunnyside and accelerates exploration in NSW Koonenberry Gold (ASX:KNB) has received results from diamond drilling at Enmore, NSW, highlighting high- grade shallow gold mineralisation and extensions to the Sunnyside system including: o 31m ",https://cdn-api.markitdigital.com/apiman-gateway/ASX/asx-research/1.0/file/2924-03069103-6A1316727?access_token=83ff96335c2d45a094df02a206a39ff4
MGT,MAGNETITE MINES LIMITED.,High-Grade Silver and Copper Identified at Mutooroo Ridge,2026-03-17, Re-assay of archived diamond drill core from the Company’s Mutooroo Ridge Project in South Australia has identified high-grade silver and copper mineralisation.  Results confirm multiple copper intercepts and two zones of high-grade silver mineralisation from historic drill core.,https://cdn-api.markitdigital.com/apiman-gateway/ASX/asx-research/1.0/file/2924-03069137-6A1316732?access_token=83ff96335c2d45a094df02a206a39ff4
LDR,LODE RESOURCES LTD,High Grade Silver and Antimony Identified at Silver Hills,2026-03-17,"• High-grade silver–antimony mineralisation identified at the Silver Cliffs prospect within the recently acquired Silver Hills Project (EL6/2025), located near Waratah in Tasmania’s premier West Coast mining district.",https://cdn-api.markitdigital.com/apiman-gateway/ASX/asx-research/1.0/file/2924-03069066-2A1660735?access_token=83ff96335c2d45a094df02a206a39ff4
PC2,PC GOLD LTD,Multiple Thick High-Grade AU Zones Recorded at Spring Hill,2026-03-17,"PC Gold hits multiple thick, high-grade zones at Spring Hill, growing resource potential ahead of June MRE. Resource Definition Drilling • 26 holes completed across the Hong Kong–Macau system beneath and along strike of the planned open pit.",https://cdn-api.markitdigital.com/apiman-gateway/ASX/asx-research/1.0/file/2924-03069007-6A1316700?access_token=83ff96335c2d45a094df02a206a39ff4
BCA,BLACK CANYON LIMITED,Wandanya Metallurgical Results Demonstrate DSO Potential,2026-03-17,"Wandanya Metallurgical Results Demonstrate DSO Potential Site preparation underway for 15,000m of Expansion and Infill drilling • Direct Shipping Ore (DSO) quality products achieved from initial crush and screen/sizing testwork for the high-grade manganese oxide and high-grade iron composites.",https://cdn-api.markitdigital.com/apiman-gateway/ASX/asx-research/1.0/file/2924-03069001-6A1316694?access_token=83ff96335c2d45a094df02a206a39ff4
LSA,LACHLAN STAR LIMITED,Visible Gold and More High-Grade Results at New Waverley,2026-03-17,• Rock chip sampling from the floor of Trial Pit within the New Waverly Mining Lease has returned significant [see notes] visible fine gold (Figure 3 and Figure 4) from cross-cutting quartz reef structures at the northern end of the pit.,https://cdn-api.markitdigital.com/apiman-gateway/ASX/asx-research/1.0/file/2924-03069006-6A1316699?access_token=83ff96335c2d45a094df02a206a39ff4
HLX,HELIX RESOURCES LIMITED,Executes Formal Agreement on Joint Venture at Gold Basin,2026-03-16,"Helix executes Formal Agreement on its Joint Venture 40% Joint Venture of the Gold Basin oxide gold project in Arizona, USA.",https://cdn-api.markitdigital.com/apiman-gateway/ASX/asx-research/1.0/file/2924-03068820-6A1316579?access_token=83ff96335c2d45a094df02a206a39ff4
FRS,FORRESTANIA RESOURCES LIMITED,Completion of Jaurdi Hills Acquisition,2026-03-16,Forrestania Resources Ltd Phone +61 8 6555 2950 Subiaco WA 6008 ACN 647 899 698 ASX: FRS forrestaniaresources.com.au Completion of Jaurdi Hills Acquisition • Forrestania has completed the acquisition of multiple binding agreements from Australian Live-Stock Pty Ltd Fenton and Martin Mining Developme,https://cdn-api.markitdigital.com/apiman-gateway/ASX/asx-research/1.0/file/2924-03068689-6A1316534?access_token=83ff96335c2d45a094df02a206a39ff4
VAR,VARISCAN MINES LIMITED,Supreme Court Orders Granted,2026-03-16,"Variscan Mines Limited (ASX:VAR) Variscan Mines Limited (ASX:VAR) (“Variscan” or “the Company”) advises that, further to its announcement of 9 March 2026 entitled “Cleansing Notice under Section 708A(5)(e) of the Corporations Act” that on Friday, 13 March 2026 the Application to the Supreme Court of",https://cdn-api.markitdigital.com/apiman-gateway/ASX/asx-research/1.0/file/2924-03068636-6A1316495?access_token=83ff96335c2d45a094df02a206a39ff4
GT3,GREEN360 TECHNOLOGIES LIMITED,Federal Government Grant Awarded,2026-03-16,Green360 Technologies Limited (ASX:GT3) (Green360 or the Company) is pleased to announce that it has been awarded a Cooperative Research Centre (CRC) Project Grant funded by the Australian Federal Government.,https://cdn-api.markitdigital.com/apiman-gateway/ASX/asx-research/1.0/file/2924-03068603-6A1316499?access_token=83ff96335c2d45a094df02a206a39ff4
CTM,CENTAURUS METALS LIMITED,Maiden Nickel Offtake for Jaguar Secured from Glencore,2026-03-16,"Australian Office Brazilian Office ASX: CTM / OTCQX: CTTZF Centaurus Metals Limited Centaurus Niquel Ltda ACN 009 468 099 West Perth WA 6005 Rua Maria Luiza Santiago, 200 +61 8 6424 8420 AUSTRALIA Santa Lúcia, 17º Andar - Sala 1703 www.centaurus.com.au Belo Horizonte – MG – BRAZIL  Binding Offtake ",https://cdn-api.markitdigital.com/apiman-gateway/ASX/asx-research/1.0/file/2924-03068597-6A1316492?access_token=83ff96335c2d45a094df02a206a39ff4
EGR,ECOGRAF LIMITED,Partnership with Taiwan's Long Time Technology,2026-03-16,Partnership with Taiwan’s Long Time Technology Develop EcoGraf HFfree® Purification Facilities in South-East Asia and Taiwan EcoGraf Limited (“EcoGraf” or “the Company”) (ASX: EGR; FSE: FMK) is pleased to announce it has entered into a non-binding Memorandum of Understanding (“MoU”) with Long Time T,https://cdn-api.markitdigital.com/apiman-gateway/ASX/asx-research/1.0/file/2924-03068587-6A1316490?access_token=83ff96335c2d45a094df02a206a39ff4
ZEO,ZEOTECH LIMITED,Extension of MOU with Holcim Australia,2026-03-16,"Zeotech Limited (ASX: ZEO, “Zeotech” or “the Company”) is pleased to advise that it has received confirmation from Holcim (Australia) Pty Limited (“Holcim Australia”) to extend its collaboration under the terms of the existing non-binding Memorandum of Understanding (“MOU”) announced on 28 October 2",https://cdn-api.markitdigital.com/apiman-gateway/ASX/asx-research/1.0/file/2924-03068537-6A1316467?access_token=83ff96335c2d45a094df02a206a39ff4
AOA,AUSMON RESOURCES LIMITED,Amendment to 24 Feb 26 release of Drilling results (pXRF),2026-03-16,"Ausmon Resources Limited Sydney NSW 2000, Australia E: office@ausmonresources.com.au W: www.ausmonresources.com.au ASX Market Announcements DRILLING RESULTS (pXRF) RECEIVED FOR RARE EARTH ELEMENTS (“REEs”) AT BEELITZ",https://cdn-api.markitdigital.com/apiman-gateway/ASX/asx-research/1.0/file/2924-03068793-2A1660636?access_token=83ff96335c2d45a094df02a206a39ff4
RAC,RACURA ONCOLOGY LTD,Racura HARNESS-1 Trial Receives Governance Approval,2026-03-16,Racura Oncology Receives Governance Approval for RC220 HARNESS-1 Lung Cancer Trial § Governance approval received from Monash Health for the HARNESS-1 Phase 1 trial of RC220 in EGFR non-small cell lung cancer patients being treated with osimertinib § Trial aims to address the significant unmet medic,https://cdn-api.markitdigital.com/apiman-gateway/ASX/asx-research/1.0/file/2924-03068516-2A1660482?access_token=83ff96335c2d45a094df02a206a39ff4
FIN,FIN RESOURCES LIMITED,Drilling Commences at High-Grade Cabin Lake Gold Project,2026-03-16,"FIN Resources Limited (ASX: FIN) (“FIN” or “the Company”) is pleased to advise that drilling has commenced at the Cabin Lake Gold Project in the Northwest Territories, Canada.",https://cdn-api.markitdigital.com/apiman-gateway/ASX/asx-research/1.0/file/2924-03068643-6A1316519?access_token=83ff96335c2d45a094df02a206a39ff4
NES,NELSON RESOURCES LIMITED.,Geophysical Surveys Commence at High-Grade Gold Point,2026-03-16,Geophysical Surveys Commence at High-Grade Gold Point Project  Geophysical Surveys Commenced: Zonge International Inc. has commenced Total Field Magnetometric Resistivity and Controlled Source Audio-frequency Magnetotellurics geophysical surveys on priority targets at Gold Point.,https://cdn-api.markitdigital.com/apiman-gateway/ASX/asx-research/1.0/file/2924-03068563-6A1316476?access_token=83ff96335c2d45a094df02a206a39ff4
CXL,CALIX LIMITED,First ARENA grant milestone for Zesty complete,2026-03-16,"Calix completes first ARENA grant milestone for Zesty, triggering $2m cash payment Sydney, Australia | 16 March 2026 – Australian environmental technology company, Calix Limited (ASX: CXL) (“the Company”) is pleased to announce today that it has completed the first milestone under the Australian Ren",https://cdn-api.markitdigital.com/apiman-gateway/ASX/asx-research/1.0/file/2924-03068493-2A1660470?access_token=83ff96335c2d45a094df02a206a39ff4
SYR,SYRAH RESOURCES LIMITED,Tesla offtake alleged default cure date extended,2026-03-16,"Tesla offtake alleged default cure date extended Syrah Resources Limited (ASX: SYR) (“Syrah” or “Company”) wishes to provide an update regarding its offtake agreement (“Offtake Agreement”) with Tesla, Inc.",https://cdn-api.markitdigital.com/apiman-gateway/ASX/asx-research/1.0/file/2924-03068484-3A689451?access_token=83ff96335c2d45a094df02a206a39ff4
NH3,NH3 CLEAN ENERGY LIMITED,NH3 Enters Binding Water Supply Agreement for WAH2 Project,2026-03-16,NH3 Clean Energy Enters Binding Water Supply Agreement for WAH2 Project NH3 Clean Energy Limited (ASX:NH3) (‘NH3’ or ‘the Company’) is delighted to advise that it has has executed a binding Water Supply Agreement (‘WSA’) with the Water Corporation of WA (‘Water Corporation’) for its planned WAH clea,https://cdn-api.markitdigital.com/apiman-gateway/ASX/asx-research/1.0/file/2924-03068500-6A1316457?access_token=83ff96335c2d45a094df02a206a39ff4
ORI,ORICA LIMITED,Settlement of US litigation and acquisition of US business,2026-03-16,"• Orica has settled litigation with CF Industries in the US, for payment of US$169.5 million, following careful consideration of the best interests of shareholders and customers.",https://cdn-api.markitdigital.com/apiman-gateway/ASX/asx-research/1.0/file/2924-03068419-3A689435?access_token=83ff96335c2d45a094df02a206a39ff4
GA8,GOLDARC RESOURCES LIMITED,High Grade Assays from PQ Diamond Drilling at Mt Stirling,2026-03-16,"High-Grade Assays from PQ Diamond Drilling at Mt Stirling and Mt Stirling • GoldArc and its partner, BML Ventures Pty Ltd (‘BMLV’), have completed a diamond drilling campaign. High-grade intercepts confirm continuity of mineralisation at Mt Stirling and Stirling Well. • Significant Results include:",https://cdn-api.markitdigital.com/apiman-gateway/ASX/asx-research/1.0/file/2924-03068436-6A1316433?access_token=83ff96335c2d45a094df02a206a39ff4
ESR,ESTRELLA RESOURCES LIMITED,Final Werumata Limestone Assays,2026-03-16,"➔ All assay results received from the samples collected during the 2025 drilling programme completed ➔ Highly encouraging broad intersections achieved; Baucau Limestone intersections up to 87m*, averaging 30m, and Batu Putih Chalk intersections up to 59m*, also averaging 30m ➔ Baucau Limestone avera",https://cdn-api.markitdigital.com/apiman-gateway/ASX/asx-research/1.0/file/2924-03068446-6A1316437?access_token=83ff96335c2d45a094df02a206a39ff4
PTR,PTR MINERALS LTD,Positive Metallurgical Performance and Strong Drill Results,2026-03-16,"Positive Metallurgical Performance and Continued Strong Drilling Results at Rosewood • Initial assays from exploratory metallurgical test work conducted by IHC Mining on the first 1 tonne bulk sample (RM01) have been received, confirming that the Rosewood ore responds well to conventional processing",https://cdn-api.markitdigital.com/apiman-gateway/ASX/asx-research/1.0/file/2924-03068488-2A1660467?access_token=83ff96335c2d45a094df02a206a39ff4
GBR,GREAT BOULDER RESOURCES LIMITED,SPECTACULAR RESULTS OUTSIDE THE RESOURCE AT SIDE WELL,2026-03-16,"Assays of up to 4434g/t Au below the Resource and 48g/t Au to the west; Drilling underway to bring these new areas of mineralisation into the Resource Deep drilling has intersected grades of up to 4,434g/t Au (4.4kg/t Au) 430m below surface at the Mulga Bill deposit within Side Well.",https://cdn-api.markitdigital.com/apiman-gateway/ASX/asx-research/1.0/file/2924-03068420-6A1316412?access_token=83ff96335c2d45a094df02a206a39ff4
CNB,CARNABY RESOURCES LIMITED,Greater Duchess Pre-Feasibility Study and Maiden Ore Reserve,2026-03-16,MAIDEN ORE RESERVE Fast Facts Shares on Issue 276.1M GREATER DUCHESS PROJECT Market Cap (@ 42 cents) $115M Carnaby Resources Limited (ASX: CNB) (Carnaby or the Company) is pleased to 1As at 31 December 2025.,https://cdn-api.markitdigital.com/apiman-gateway/ASX/asx-research/1.0/file/2924-03068556-6A1316477?access_token=83ff96335c2d45a094df02a206a39ff4
BGD,BARTON GOLD HOLDINGS LIMITED,Tunkillia Phase 2 Resource Upgrade Drilling Begins,2026-03-16,"Tunkillia ‘Phase 2’ Resource Upgrade Drilling Begins Targeting Ore Reserves, PFS & ML application by the end of 2026 • May 2025 Optimised Scoping Study (OSS) outlined a compelling Tunkillia development project:1 o Annual production: ~120,000oz gold and ~250,000oz silver o Total LoM operating cash: ~",https://cdn-api.markitdigital.com/apiman-gateway/ASX/asx-research/1.0/file/2924-03068508-6A1316461?access_token=83ff96335c2d45a094df02a206a39ff4
CIW,CLIME INVESTMENT MANAGEMENT LTD,Strategic Partnership for Advice Business,2026-03-13,Clime Investment Management Limited Company Announcements Australian Securities Exchange Clime Investment Management Limited (ASX: CIW) Clime Announces Strategic Partnership for Advice Business Clime Investment Management Limited (“Clime”) advises that it has entered a binding term sheet for,https://cdn-api.markitdigital.com/apiman-gateway/ASX/asx-research/1.0/file/2924-03068153-2A1660238?access_token=83ff96335c2d45a094df02a206a39ff4
FEL,FORTE ENERGY LIMITED,Alaskan Oil Lease Acquisition Completed,2026-03-13,"▪ Acquisition of 143,368 acres of highly prospective oil leases in Alaska completed ▪ 2026 annual lease fees suspended by BLM, saving the Company ~US$430,000 ▪ Technical work commenced on Harrier oil prospect, previously assessed to hold potential for over 1 billion barrels of recoverable prospectiv",https://cdn-api.markitdigital.com/apiman-gateway/ASX/asx-research/1.0/file/2924-03067868-3A689336?access_token=83ff96335c2d45a094df02a206a39ff4
QGL,QUANTUM GRAPHITE LIMITED,"MOU Signed with the Governorate of Buraimi, Oman",2026-03-13,"Oman Flake Graphite Refinery for Uley 2 Production MOU Signed with the Governorate of Buraimi, Oman The Company is pleased to announce that its downstream technology partner, the Sunlands Pure Group (SPG) has signed a Memorandum of Understanding (MOU) with the Governorate of Al Buraimi, Oman.",https://cdn-api.markitdigital.com/apiman-gateway/ASX/asx-research/1.0/file/2924-03067843-3A689364?access_token=83ff96335c2d45a094df02a206a39ff4
ENT,ENTERPRISE METALS LIMITED,"High Grade REE Drill Results at Cuddingwarra North, WA",2026-03-13,"High Grade REE Drill Results at Cuddingwarra North, WA Enterprise Metals Limited (ENT or the Company) is pleased to report assay results for its maiden drilling program on its wholly owned E20/944 clay hosted rare earth element (REE) Project, located ~ 12 km northwest of Cue township in Western Aust",https://cdn-api.markitdigital.com/apiman-gateway/ASX/asx-research/1.0/file/2924-03067909-6A1316195?access_token=83ff96335c2d45a094df02a206a39ff4
TMX,TERRAIN MINERALS LIMITED,High-Grade REE Follow-up Drilling at Lort River Project,2026-03-13,High Grade REE follow-up Air-core Drilling underway at Lort River Project Terrain Minerals Limited (“Terrain” or “the Company”) is pleased to advise the follow-up air-core drilling campaign has commended at Lort River Project (100%-owned) located in the Albany Fraser belt and near the town of Espera,https://cdn-api.markitdigital.com/apiman-gateway/ASX/asx-research/1.0/file/2924-03067749-6A1316149?access_token=83ff96335c2d45a094df02a206a39ff4
ASM,AUSTRALIAN STRATEGIC MATERIALS LIMITED,Update on Energy Fuels' acquisition of ASM,2026-03-13,Update on Energy Fuels’ acquisition of ASM Australian Strategic Materials Limited (ASM or the Company) refers to its announcement on 21 January 2026 in relation to the entry into a Scheme Implementation Deed with Energy Fuels Inc.,https://cdn-api.markitdigital.com/apiman-gateway/ASX/asx-research/1.0/file/2924-03067858-6A1316172?access_token=83ff96335c2d45a094df02a206a39ff4
EMC,EVEREST METALS CORPORATION LTD,Drilling hits Bonanza grades at Mt Dimer Taipan Gold Project,2026-03-13,"EMC drilling hits Bonanza grades at Mt Dimer Taipan Gold Project ➢ 2,160m infill RC drilling program increases the geological and financial confidence of the Mt Dimer Taipan gold pit (M77/515) ➢ Significant intersections include: o Hole TPG0040: 8m @ 10.1 g/t Au (35–43m) inc., 2m @ 29.8 g/t Au from ",https://cdn-api.markitdigital.com/apiman-gateway/ASX/asx-research/1.0/file/2924-03067746-6A1316139?access_token=83ff96335c2d45a094df02a206a39ff4
FXG,FELIX GOLD LIMITED,NW Array Drilling Extends High-Grade Antimony System,2026-03-13,NW Array Drilling Extends High-Grade Antimony System at Treasure Creek Felix Gold (ASX:FXG) reports further high-grade antimony and gold intersections at shallow depth from the 2025 drilling program at its Treasure Creek project in Alaska.,https://cdn-api.markitdigital.com/apiman-gateway/ASX/asx-research/1.0/file/2924-03067779-2A1659978?access_token=83ff96335c2d45a094df02a206a39ff4
HTM,HIGH-TECH METALS LTD,Bonanza Grades Confirm High-Grade Continuity at Wagtail,2026-03-13,• Infill RC drilling returns shallow high-grade gold intersections at the Wagtail Gold Deposit at the Mt Fisher–Mt Eureka Project in Western Australia such as: o 12m @ 8.81 g/t Au from 43m including ▪ 1m @ 84.11 g/t Au from 50m (26WTRC007) o 9m @ 7.04 g/t Au from 56m including ▪ 1m @ 92.15 g/t Au fr,https://cdn-api.markitdigital.com/apiman-gateway/ASX/asx-research/1.0/file/2924-03067743-6A1316153?access_token=83ff96335c2d45a094df02a206a39ff4
CBO,COBRAM ESTATE OLIVES LIMITED,"Update on Acquisition of California Olive Ranch, Inc.",2026-03-12,"Update on Acquisition of California Olive Ranch, Inc. As announced on 24th December 2025, Cobram Estate Olives Limited (“CBO” or “the Company”) entered into a binding agreement to acquire USA-based California Olive Ranch, Inc.",https://cdn-api.markitdigital.com/apiman-gateway/ASX/asx-research/1.0/file/2924-03067608-3A689318?access_token=83ff96335c2d45a094df02a206a39ff4
TVN,TIVAN LIMITED,TVN advances IPCM grant funding for Speewah Fluorite Project,2026-03-12,Tivan advances IPCM grant funding for Speewah Fluorite Project • Tivan has executed a Deed of Variation with the Commonwealth of Australia to bring forward $3 million in funding under the $7.4 million International Partnerships in Critical Minerals (“IPCM”) grant awarded to the Speewah Fluorite Proj,https://cdn-api.markitdigital.com/apiman-gateway/ASX/asx-research/1.0/file/2924-03067478-6A1316007?access_token=83ff96335c2d45a094df02a206a39ff4
EOS,ELECTRO OPTIC SYSTEMS HOLDINGS LIMITED,Goldrone Contract Disclosure Review,2026-03-12,Electro Optic Systems Holdings Limited (“EOS” or “Company”) (ASX: EOS) refers to its ASX announcement dated 15 December 2025 “EOS enters into conditional high energy laser contract (US$80m)” (“December Announcement”)1.,https://cdn-api.markitdigital.com/apiman-gateway/ASX/asx-research/1.0/file/2924-03067436-2A1659829?access_token=83ff96335c2d45a094df02a206a39ff4
USL,UNICO SILVER LIMITED,High-Grade Assays from Breccia Puntudo,2026-03-12,High-Grade Assays from Breccia Puntudo First drilling confirms shallow oxide mineralisation at Breccia Puntudo while deeper drilling at La Negra SE extends mineralisation beyond the current resource ahead of upcoming JORC Mineral Resource update.,https://cdn-api.markitdigital.com/apiman-gateway/ASX/asx-research/1.0/file/2924-03067358-3A689279?access_token=83ff96335c2d45a094df02a206a39ff4
TSK,TUSKER MINERALS LTD,New High-Grade Residual Rutile Discovery at Mzimba Malawi,2026-03-12,New High-Grade Residual Rutile Discovery at Mzimba in Northern Malawi • High-Grade titanium mineralisation identified across Tusker’s Mzimba licences in northern Malawi from initial reconnaissance sampling. • Peak assay of 1.88% TiO returned from soil and rock-chip samples.,https://cdn-api.markitdigital.com/apiman-gateway/ASX/asx-research/1.0/file/2924-03067267-6A1315937?access_token=83ff96335c2d45a094df02a206a39ff4
SHN,SUNSHINE METALS LIMITED,Drilling Commences at High-Grade Liontown Gold Panel,2026-03-12,"Sunshine Metals Limited ASX: SHN U26,31-45 Eyre St info@shnmetals.com.au North Ward, Qld 4810 shnmetals.com.au Resource Definition Drilling Commences at High-Grade Liontown Gold Panel • Resource definition drilling (41 holes for 2,777m) commenced at the Liontown Gold Panel (“Au",https://cdn-api.markitdigital.com/apiman-gateway/ASX/asx-research/1.0/file/2924-03067344-6A1315962?access_token=83ff96335c2d45a094df02a206a39ff4
MC2,MARIMACA COPPER CORP.,Marimaca Reports Further High-Grade Copper & Silver Ints.,2026-03-12,"Marimaca Reports Further High-Grade Copper and Silver Intersections more than 600m from Pampa Medina West Step-Out Drilling Vancouver, British Columbia, March 11th, 2026 – Marimaca Copper Corp.",https://cdn-api.markitdigital.com/apiman-gateway/ASX/asx-research/1.0/file/2924-03067250-6A1315921?access_token=83ff96335c2d45a094df02a206a39ff4
VRL,VERITY RESOURCES LIMITED,5.41g/t Au at Waihi - Resource Upgrade on Track,2026-03-12,"~11,000m Drill Campaign Delivers Exceptional Grade Continuity – Up to 5.41g/t Au at Waihi – Resource Confidence Upgrade Pathway • ~11,000m two-phase drill campaign now substantially complete across Korong (139koz) and Waihi (15koz) deposits, adjacent and along strike of Genesis Minerals Limited (ASX",https://cdn-api.markitdigital.com/apiman-gateway/ASX/asx-research/1.0/file/2924-03067410-6A1315985?access_token=83ff96335c2d45a094df02a206a39ff4
RMX,RED MOUNTAIN MINING LIMITED,STRONG ASSAYS EXTEND HIGH-GRADE ANTIMONY MINERALISATION,2026-03-12,• Red Mountain has confirmed the presence of multiple drill-ready Antimony targets at the Oaky Creek Prospect following the second batch of analytical results from its comprehensive auger soil sampling program at the Armidale Antimony-Gold Project • Newly discovered stibnite vein rock samples return,https://cdn-api.markitdigital.com/apiman-gateway/ASX/asx-research/1.0/file/2924-03067260-6A1315930?access_token=83ff96335c2d45a094df02a206a39ff4
AGI,AINSWORTH GAME TECHNOLOGY LIMITED,Proportional Takeover Announcement,2026-03-11,"Ainsworth Game Technology Limited c/- Jonathan Algar and Jonathan Slater Sydney, NSW 2000 Market Announcements Office Sydney NSW 2000 By email: jalgar@claytonutz.com and jslater@claytonutz.com",https://cdn-api.markitdigital.com/apiman-gateway/ASX/asx-research/1.0/file/2924-03066997-2A1659615?access_token=83ff96335c2d45a094df02a206a39ff4
MRD,MOUNT RIDLEY MINES LIMITED,Mount Ridley Strengthens Board and  Leadership Team,2026-03-11,"Mount Ridley Strengthens Board and Leadership Team Mr David Wall appointed Non-Executive Chairman • David Wall appointed Non-Executive Chairman, bringing strong capital markets and corporate strategy experience across the resources sector • Allister Caird appointed Managing Director and CEO, reflect",https://cdn-api.markitdigital.com/apiman-gateway/ASX/asx-research/1.0/file/2924-03066922-6A1315783?access_token=83ff96335c2d45a094df02a206a39ff4
ODY,ODYSSEY GOLD LTD,Assay Results of Metallurgical Drillholes,2026-03-11,Assay Results of Metallurgical Drillholes Odyssey Gold Limited (ASX:ODY) (“Odyssey” or “Company”) is pleased to advise assay results from a metallurgical drilling program at the Company’s Tuckanarra Gold Project (“Tuckanarra” or “Project”) in the Murchison Region of Western Australia.,https://cdn-api.markitdigital.com/apiman-gateway/ASX/asx-research/1.0/file/2924-03066880-6A1315771?access_token=83ff96335c2d45a094df02a206a39ff4
BLZ,BLAZE MINERALS LIMITED,Acquisition of Botswana Copper Projects,2026-03-11,"Acquisition of Botswana Copper Projects Blaze Minerals Limited (ASX: BLZ) (“Blaze” or the “Company”) is pleased to announce it has entered into a binding agreement to acquire up to a 90% interest in three exploration projects (Projects) in Botswana, highly prospective for base and precious minerals.",https://cdn-api.markitdigital.com/apiman-gateway/ASX/asx-research/1.0/file/2924-03066910-6A1315780?access_token=83ff96335c2d45a094df02a206a39ff4
RR1,REACH RESOURCES LIMITED,High-Grade Rock Chip Assays Highlight Prospectivity,2026-03-11,"• High grade gold rock chip assays outside the current MRE, strengthen the case for further resource expansion • Assays up to 31 g/t Au align with the Primrose Shear at the Jacamar and Shamrock deposits • Assays highlight several standout anomalous areas supporting potential expansion of the Murchis",https://cdn-api.markitdigital.com/apiman-gateway/ASX/asx-research/1.0/file/2924-03066864-6A1315758?access_token=83ff96335c2d45a094df02a206a39ff4
ABR,ALBRIGHT METALS LTD,Vail Road High-Grade Gold Results at Golden Pike Project,2026-03-11,"Vail Road High-Grade Gold Results at Golden Pike Project  Second batch of assays received for 2025 drilling at Vail Road Gold Deposit, including best down hole intercepts of: o VR-25-75 – 5.0m at 3.90 g/t Au from 56.0m including: 1.0m at 17.20 g/t Au from 57.0m",https://cdn-api.markitdigital.com/apiman-gateway/ASX/asx-research/1.0/file/2924-03066847-6A1315751?access_token=83ff96335c2d45a094df02a206a39ff4
ABX,ABX GROUP LIMITED,ABx a Partner in Awarded R&D Programs,2026-03-11,ABx a Partner in two Awarded Australian Government Critical Minerals R&D Programs Engage with this announcement on our interactive Investor Hub ABx is a partner in the successful bid for the $240m Critical Metals for Critical Industries Cooperative Research Centre ABx is a partner in the successful ,https://cdn-api.markitdigital.com/apiman-gateway/ASX/asx-research/1.0/file/2924-03066797-2A1659512?access_token=83ff96335c2d45a094df02a206a39ff4
AUV,AURAVELLE METALS LIMITED,High-Grade Broad Gold Intercepts Confirm and Extend Sheoak,2026-03-11,"High-Grade Gold and Broad Intercepts Confirm and Extend Sheoak  Very high gold grades up to 20g/t Au in one metre resampling of four metre composites from the November 2025 RC drilling at the Sheoak Prospect, within the Nuckulla Hill Gold Project in South Australia  The resampling results have als",https://cdn-api.markitdigital.com/apiman-gateway/ASX/asx-research/1.0/file/2924-03066808-6A1315740?access_token=83ff96335c2d45a094df02a206a39ff4
MM8,MEDALLION METALS LIMITED.,High-Grade Gold at Lounge Lizard,2026-03-11,"High-Grade Gold Confirmed at Lounge Lizard, Forrestania Gold Project Medallion Metals Limited (ASX: MM8) (Medallion or the Company) is pleased to report validated historical drilling results from the Lounge Lizard gold deposit within the recently acquired Forrestania Gold Project (FGP) in Western Au",https://cdn-api.markitdigital.com/apiman-gateway/ASX/asx-research/1.0/file/2924-03066846-6A1315748?access_token=83ff96335c2d45a094df02a206a39ff4
CZN,CORAZON MINING LIMITED,Drill contract awarded for Two Pools maiden drill program,2026-03-11,P +61 8 6166 6361 E info@corazon.com.au Drill Contract Executed and Two Pools Maiden Drill Program Finalised ● Corazon has executed a drilling contract with K-Drill to complete the initial phase of diamond drilling at their 100% owned Two Pools Gold project in WA.,https://cdn-api.markitdigital.com/apiman-gateway/ASX/asx-research/1.0/file/2924-03066743-6A1315720?access_token=83ff96335c2d45a094df02a206a39ff4
GMN,GOLD MOUNTAIN LIMITED,Consistent High-grade REEs at Capivara,2026-03-11,"Gold Mountain Limited Gold Mountain Limited (ASX:GMN) GMN Reports Consistent High-Grade Rare Earth 24/589 Stirling Highway Cottesloe WA 6011 Mineralisation at Capivara Prospect, Down Under Project, Brazil",https://cdn-api.markitdigital.com/apiman-gateway/ASX/asx-research/1.0/file/2924-03066825-2A1659537?access_token=83ff96335c2d45a094df02a206a39ff4
AM5,ANTARES METALS LIMITED,High-Grade Uranium Intersected at the Queens Gift Project,2026-03-11,High-Grade Uranium Intersected at the Queens Gift Uranium Project.,https://cdn-api.markitdigital.com/apiman-gateway/ASX/asx-research/1.0/file/2924-03066741-6A1315718?access_token=83ff96335c2d45a094df02a206a39ff4
BHL,BLACK HORSE MINING LIMITED,High-Grade Gold Confirmed at Mt Egerton Gold Project,2026-03-11,"High-Grade Gold Confirmed in Maiden Drill Programme at Mt Egerton Gold Project • First drill results show high-grade, near-surface gold in hole 26MEDD005 up to 17g/t • Mineralised spur vein zones confirmed • Historic shaft location accuracy significantly increased • Phase two drill programme to targ",https://cdn-api.markitdigital.com/apiman-gateway/ASX/asx-research/1.0/file/2924-03066746-6A1315723?access_token=83ff96335c2d45a094df02a206a39ff4
SKY,SKY METALS LIMITED,New High-Grade Drilling and Rock-Chip Results at Tallebung,2026-03-11,"• Further outstanding shallow, high‑grade tin-tungsten-silver intercepts delivered from the ongoing multi‑rig drilling campaign at the Tallebung Tin Project (NSW), including: TBRC317: 8m @ 1.18% tin & 0.25% tungsten from 41m, including: - 3m @ 2.88% tin & 0.45% tungsten from 42m TBRC296: 46m @ 0.26%",https://cdn-api.markitdigital.com/apiman-gateway/ASX/asx-research/1.0/file/2924-03066777-2A1659497?access_token=83ff96335c2d45a094df02a206a39ff4
SGQ,ST GEORGE MINING LIMITED,More High-Grade Niobium and Rare Earths From Surface,2026-03-11,"Thick mineralised intervals from surface with very high grades up to 24% TREO and 5% Nb₂O₅ • Latest batch of assays for a further 16 diamond drill holes confirm multiple intercepts of thick, high-grade mineralisation from surface including1: ▪ 101m @ 4.72% TREO and 0.65% Nb₂O₅ from surface in AXDD06",https://cdn-api.markitdigital.com/apiman-gateway/ASX/asx-research/1.0/file/2924-03066857-6A1315757?access_token=83ff96335c2d45a094df02a206a39ff4
MFD,MAYFIELD CHILDCARE LIMITED,Close of Embark Early Education Limited Takeover,2026-03-10,ASX Market Release Close of Embark Early Education Limited Takeover Mayfield Childcare Limited (ASX:MFD) (Company or Mayfield) refers to recent announcements regarding the off-market takeover offer made by Embark Early Education Limited (ASX: EVO) (Embark) to acquire all of the fully paid ordinary s,https://cdn-api.markitdigital.com/apiman-gateway/ASX/asx-research/1.0/file/2924-03066700-3A689166?access_token=83ff96335c2d45a094df02a206a39ff4
AMX,AEROMETREX LIMITED,AMX Secures Significant Government Contract Wins,2026-03-10,"Aerometrex Secures Significant Government Contract Wins, Strengthening Growth Outlook Aerometrex Limited (ASX: AMX, ‘Aerometrex’ or ‘the Company’) is pleased to announce that it has secured a series of new government contracts across federal, state and local departments during FY26.",https://cdn-api.markitdigital.com/apiman-gateway/ASX/asx-research/1.0/file/2924-03066407-2A1659283?access_token=83ff96335c2d45a094df02a206a39ff4
IR1,IRIS METALS LIMITED,IR1 executes Farm-In for High-Grade Finley Basin Tungsten,2026-03-10,"IRIS executes Farm-In for High-Grade Finley Basin Tungsten Project, Montana • IRIS Metals has executed a definitive farm-in agreement, granting IRIS the right to earn a shareholding in Finley Mining Inc., the owner of the high-grade Finley Basin Tungsten Project in Granite County, Montana, USA, foll",https://cdn-api.markitdigital.com/apiman-gateway/ASX/asx-research/1.0/file/2924-03066423-3A689101?access_token=83ff96335c2d45a094df02a206a39ff4
CC9,CHARIOT RESOURCES LTD,Nigerian Government Approves Transfer of 6 Lithium Licences,2026-03-10,"• The Federal Republic of Nigeria’s Mining Cadastre Office has approved the transfer of six (6) licenses, including four exploration licences and two small scale mining licenses, from Continental to C&C Minerals, a joint venture company which was recently formed by Chariot and Continental.",https://cdn-api.markitdigital.com/apiman-gateway/ASX/asx-research/1.0/file/2924-03066385-6A1315558?access_token=83ff96335c2d45a094df02a206a39ff4
OZM,OZAURUM RESOURCES LIMITED,Environmental Mining Approval Received for Stage 1,2026-03-10,"Environmental Mining Approval Received for Stage 1 OzAurum Resources Ltd (ASX: OZM or OzAurum or the Company) is pleased to announce it has received Environmental Approval under the Small Mining Operation Policy from the Western Australian Department of Mines, Petroleum and Exploration (DMPE) for St",https://cdn-api.markitdigital.com/apiman-gateway/ASX/asx-research/1.0/file/2924-03066375-6A1315550?access_token=83ff96335c2d45a094df02a206a39ff4
LEL,LITHIUM ENERGY LIMITED,Initial Assay Results from Burke - Mt Dromedary Graphite,2026-03-10,"Receipt of Initial Assay Results from Resource Upgrade Drilling Program at Burke-Mt Dromedary Graphite Deposits ➢ Assay results from the first 7 RC holes show significant, high grade graphite intercepts including (true • 24RCDH02: 32m @ 15.3% TGC from 46m ▪ Including 10m @ 20.6% TGC from 61m • 24RCD",https://cdn-api.markitdigital.com/apiman-gateway/ASX/asx-research/1.0/file/2924-03066695-6A1315695?access_token=83ff96335c2d45a094df02a206a39ff4
AT4,AMERICAN TUNGSTEN & ANTIMONY LTD,MAIDEN DRILLING DELIVERS HIGH-GRADE ANTIMONY DISCOVERY,2026-03-10,"• Discovery of shallow high-grade antimony at the Antimony Canyon Project (Utah, USA) from the first drilling completed at the Little Emma Prospect on the company’s 100%-owned patented claims.",https://cdn-api.markitdigital.com/apiman-gateway/ASX/asx-research/1.0/file/2924-03066387-6A1315549?access_token=83ff96335c2d45a094df02a206a39ff4
MBK,METAL BANK LIMITED,Outstanding Gold Recovery Results for Seven Leaders,2026-03-10,"Outstanding Gold Recovery Results for Seven Leaders Whiteheads Gold Project, Kalgoorlie  Single pass Falcon gravity gold recovery of 72.5%  Intensive leaching recovered >99% of gold  Bottle roll leaching recovered 92.6% of gold from the Falcon (gravity) tails  Test work indicates a high nugget e",https://cdn-api.markitdigital.com/apiman-gateway/ASX/asx-research/1.0/file/2924-03066341-3A689088?access_token=83ff96335c2d45a094df02a206a39ff4
GA8,GOLDARC RESOURCES LIMITED,High Grade 1m Assays Confirm New Blind Gold Discoveries,2026-03-10,"High-Grade 1m Assays Confirm New Blind Gold Discoveries at Leonora • Maiden Aircore (AC) drilling has successfully identified new gold mineralised systems under cover at the Whistler Prospect (E40/415) within the Leonora South • Drilling identified multiple mineralised zones, with the easternmost zo",https://cdn-api.markitdigital.com/apiman-gateway/ASX/asx-research/1.0/file/2924-03066244-6A1315500?access_token=83ff96335c2d45a094df02a206a39ff4
FUN,FORTUNA METALS LTD,High Grade Rutile Cores Within Multiple Anomalies,2026-03-10,"High Grade Rutile Cores Within Multiple • First pass drilling continues to deliver exceptional rutile results • High grade rutile intercepts returned from 40 drillholes and 180 shallow 0-2m • Multiple high priority areas to be the focus of 200m x 200m resource drilling in Q2, 2026 to assist with res",https://cdn-api.markitdigital.com/apiman-gateway/ASX/asx-research/1.0/file/2924-03066304-6A1315525?access_token=83ff96335c2d45a094df02a206a39ff4
FEG,FAR EAST GOLD LTD,Sua - High-Grade Gold Zones Extended & Resource Update Close,2026-03-10,"High-Grade Gold Intersections Extend Mineralisation at Sua – Resource Update Pending Far East Gold Limited (ASX: FEG) is pleased to announce assay results from drillholes KSD028 to KSD035 completed at the Sua prospect within the Idenburg Gold Project in Papua, Indonesia.",https://cdn-api.markitdigital.com/apiman-gateway/ASX/asx-research/1.0/file/2924-03066271-2A1659193?access_token=83ff96335c2d45a094df02a206a39ff4
M2R,MIRAMAR RESOURCES LIMITED,Shallow High-Grade Gold in Gidji RC Drilling,2026-03-10,ASX: M2R | 10 March 2026 • 3m @ 9.45g/t Au from 47m (incl.,https://cdn-api.markitdigital.com/apiman-gateway/ASX/asx-research/1.0/file/2924-03066232-6A1315494?access_token=83ff96335c2d45a094df02a206a39ff4
KNG,KINGSLAND MINERALS LTD,Outstanding assays from surface from Leliyn Graphite Project,2026-03-10,"Leliyn Graphite Project, Northern Territory Outstanding assays from surface highlight strong development outlook for Leliyn The samples will be used by offtake partner Quinbrook in metallurgical tests to determine the suitability of Leliyn graphite for making battery anode material  Three holes dri",https://cdn-api.markitdigital.com/apiman-gateway/ASX/asx-research/1.0/file/2924-03066349-6A1315539?access_token=83ff96335c2d45a094df02a206a39ff4
M79,MAMMOTH MINERALS LIMITED,"Acquisition of Historic Carlin Type Gold Mine, Nevada",2026-03-10,Mammoth Minerals Limited Mammoth Strengthens Nevada Gold Portfolio with Acquisition of Carlin Type Gold Mine Portfolio enhancement continues; RC drilling at Excelsior achieves high productivity • Newly-optioned Imperial Gold Mine located 5km east-north-east of M79’s Excelsior Springs Gold- Silver Pr,https://cdn-api.markitdigital.com/apiman-gateway/ASX/asx-research/1.0/file/2924-03066311-6A1315526?access_token=83ff96335c2d45a094df02a206a39ff4
SMS,STAR MINERALS LIMITED,Final Approval Received for Tumblegum South Gold Project,2026-03-09,"• Native Vegetation Clearing Permit granted by the WA Department of Mines, Petroleum and • All approvals in place for the Tumblegum South Gold Project to commence mining Star Minerals Limited (ASX: SMS, “the Company” or “Star Minerals”) is pleased to advise that it has received its Native Vegetation",https://cdn-api.markitdigital.com/apiman-gateway/ASX/asx-research/1.0/file/2924-03065894-6A1315342?access_token=83ff96335c2d45a094df02a206a39ff4
AWJ,AURIC MINING LIMITED,Munda Outperforms With Exceptional Outturn Results,2026-03-09,"Munda Starter Pit Outperforms with Exceptional Results • Total 8,475 ounces produced to date from Munda Starter Pit. • 938 ounces produced in fourth gold outturn of Campaign Two, GIC still to come. • Exceptional Gold outturns, nearly 40% above budget.",https://cdn-api.markitdigital.com/apiman-gateway/ASX/asx-research/1.0/file/2924-03065799-6A1315320?access_token=83ff96335c2d45a094df02a206a39ff4
LYL,LYCOPODIUM LIMITED,Lycopodium Awarded ESLH Contract for Tulu Kapi Gold Project,2026-03-09,"Lycopodium Limited W lycopodium.com Lycopodium Awarded ESLH Contract for Tulu Kapi Gold Project PERTH, 9 March 2026 Lycopodium Limited (“ASX: LYL”, “Lycopodium” or “the Company”), a global leader in integrated",https://cdn-api.markitdigital.com/apiman-gateway/ASX/asx-research/1.0/file/2924-03065791-6A1315316?access_token=83ff96335c2d45a094df02a206a39ff4
PME,PRO MEDICUS LIMITED,PME signs two 5-year contract renewals total minimum A$40M,2026-03-09,Pro Medicus Limited Victoria 3121 Australia Company announcement PME signs two 5-year contract renewals with a combined minimum value of A$40M  $31M 5-year renewal with Medstar for the full suite of Visage 7 modules – Visage 7,https://cdn-api.markitdigital.com/apiman-gateway/ASX/asx-research/1.0/file/2924-03065780-3A689000?access_token=83ff96335c2d45a094df02a206a39ff4
CCM,CADOUX LIMITED,Cadoux Receives Grant Payment on HPA Milestone Achievement,2026-03-09,Cadoux Achieves HPA Project Milestone and Receives Grant Payment • Cadoux was successfully awarded a $3.0 million grant through the Western Australian Investment Attraction Fund (IAF) in November 2023 • The grant was awarded to Cadoux as contribution towards progressing the Company’s small scale hig,https://cdn-api.markitdigital.com/apiman-gateway/ASX/asx-research/1.0/file/2924-03065772-6A1315304?access_token=83ff96335c2d45a094df02a206a39ff4
QPM,QPM ENERGY LIMITED,Development Approvals Received for IPS,2026-03-09,Development Permit and Environmental Authority Received for Isaac Power Station ✓ QPM has received a Material Change of Use Development Permit from Isaac Regional Council and an Environmental Authority (“EA”) from the Queensland Government for the construction and operation of the 112MW Isaac Power ,https://cdn-api.markitdigital.com/apiman-gateway/ASX/asx-research/1.0/file/2924-03065762-2A1658898?access_token=83ff96335c2d45a094df02a206a39ff4
QML,QMINES LIMITED,Drilling Delivers Further High-Grade Gold and Silver,2026-03-09,• Drilling continues to intersect high-grade gold and silver at the North Knoll deposit within the Mount Mackenzie project with the system remaining wide open along strike and at depth; • Significant intercepts received to date include: o 6.0m @ 10.47 g/t Au and 39.7 g/t Ag from 118m; including o 4.,https://cdn-api.markitdigital.com/apiman-gateway/ASX/asx-research/1.0/file/2924-03065877-6A1315329?access_token=83ff96335c2d45a094df02a206a39ff4
DAL,DALAROO METALS LTD,High Grade Results Received from Due Diligence Sampling,2026-03-09,"ASX: DAL 09 Ma rch 2026 High-Grade Gold up to 17.95 g/t Confirmed at Bondoukou Gold Project, Côte d’Ivoire _______________________________________________________________________________________ Due Diligence Sampling Confirms Significant Gold Mineralisation within Extensive Artisanal Dalaroo Metals",https://cdn-api.markitdigital.com/apiman-gateway/ASX/asx-research/1.0/file/2924-03065787-6A1315313?access_token=83ff96335c2d45a094df02a206a39ff4
LSA,LACHLAN STAR LIMITED,High-Grade Gold Results Confirm New Waverley Potential,2026-03-09,• First batch of gold assays from rock chip sampling conducted across the New Waverley Gold Project confirm the presence of high-grade Norseman-type quartz reef-hosted gold mineralisation.,https://cdn-api.markitdigital.com/apiman-gateway/ASX/asx-research/1.0/file/2924-03065756-6A1315290?access_token=83ff96335c2d45a094df02a206a39ff4
RC1,REDCASTLE RESOURCES LIMITED,More High-Grade Gold in Final Assays of Redcastle Reef GC,2026-03-09,"More High-Grade Gold in Final Assays of Redcastle Reef GC • Completed grade control (GC) assay dataset now received for Redcastle Reef, again delivering high grade coarse gold in multiple holes • Multiple thick, high-grade gold intercepts at mining scale, in the latest assay results BMRC203: 4m @ 10",https://cdn-api.markitdigital.com/apiman-gateway/ASX/asx-research/1.0/file/2924-03065755-6A1315289?access_token=83ff96335c2d45a094df02a206a39ff4
CHW,CHILWA MINERALS LTD,NIOBIUM DISCOVERY CONFIRMED AT MPYUPYU TARGET,2026-03-09,"• Results reported within the Company’s REE exploration program and diamond drilling at holes MPYDD006 and MPYDD002 at the Mpyupyu Target, results from holes 003,004,005 and 007 expected in the coming weeks.",https://cdn-api.markitdigital.com/apiman-gateway/ASX/asx-research/1.0/file/2924-03065760-6A1315295?access_token=83ff96335c2d45a094df02a206a39ff4
NVA,NOVA MINERALS LIMITED,Further High-Grade Gold Discovered at RPM,2026-03-09,Further High-Grade Gold Discovered at RPM Further high-grade gold samples up to 24.6 g/t Au discovered adjacent to RPM and along the northern end of the main RPM ridge.,https://cdn-api.markitdigital.com/apiman-gateway/ASX/asx-research/1.0/file/2924-03065754-3A688989?access_token=83ff96335c2d45a094df02a206a39ff4
VML,VITAL METALS LIMITED,Final Assay Results Highlight Potential for New Discoveries,2026-03-09,"ASX An nouncement Final assay1 results highlight the potential for new discoveries at Nechalacho2 Vital Metals Limited (ASX: VML) (“VML” or “the Company”) is pleased to report final overlimit assay results from grab samples collected at Nechalacho, confirming exceptional rare earth grades of up to 2",https://cdn-api.markitdigital.com/apiman-gateway/ASX/asx-research/1.0/file/2924-03065889-6A1315337?access_token=83ff96335c2d45a094df02a206a39ff4
EMP,EMPEROR ENERGY LIMITED,Approval Extension of Primary Term of VIC/P47,2026-03-06,"ASX Market Announcements Australian Stock Exchange Limited Sydney NSW 2000 Approval Granted for Extension of Primary Term of Exploration Permit Vic/P47 Judith Gas Field – Offshore Gippsland Basin, Victoria, Australia • Emperor Energy’s application for a 2 Year extension of the Vic/P47 Exploration Pe",https://cdn-api.markitdigital.com/apiman-gateway/ASX/asx-research/1.0/file/2924-03065422-2A1658562?access_token=83ff96335c2d45a094df02a206a39ff4
NXG,NEXGEN ENERGY (CANADA) LTD,Final Federal Approval for Rook I Uranium Project Received,2026-03-06,"NexGen Receives Final Federal Approval for the Rook I Uranium Vancouver, BC, March 5, 2026 - NexGen Energy Ltd.",https://cdn-api.markitdigital.com/apiman-gateway/ASX/asx-research/1.0/file/2924-03065312-6A1315092?access_token=83ff96335c2d45a094df02a206a39ff4
DEL,DELOREAN CORPORATION LIMITED,$1.1 Million Grant cash payment received,2026-03-06,"2nd ARENA MILESTONE ACHIEVED ON SA1 SALISBURY FACILITY Delorean Corporation Ltd (""Delorean"" or ""the Company"") is pleased to announce that it has received the second cash payment milestone of $1.1million exclusive of GST under an existing $6.08million grant funding agreement with the Australian Gover",https://cdn-api.markitdigital.com/apiman-gateway/ASX/asx-research/1.0/file/2924-03065281-6A1315085?access_token=83ff96335c2d45a094df02a206a39ff4
KLR,KAILI RESOURCES LIMITED,Drilling Results of REEs - Mallee Project SA,2026-03-06,"Kaili Resources Limited 87-89 Liverpool Street Sydney NSW 2000, Australia E: contact@kailigroup.com.au ASX Market Announcements FOR RARE EARTH ELEMENTS (“REEs”) EXPLORATION",https://cdn-api.markitdigital.com/apiman-gateway/ASX/asx-research/1.0/file/2924-03065299-2A1658471?access_token=83ff96335c2d45a094df02a206a39ff4
ACM,AUSTRALIAN CRITICAL MINERALS LIMITED,"Flint Drill Contractor Appointed, Drilling Imminent",2026-03-06,"Drill Contractor Appointed – Drilling Imminent at Flint Gold-Silver System • Experienced drilling contractor, SFP Drilling SAC, appointed to maiden diamond drill program at the Flint High-Sulphidation Gold-Silver Project.",https://cdn-api.markitdigital.com/apiman-gateway/ASX/asx-research/1.0/file/2924-03065217-6A1315071?access_token=83ff96335c2d45a094df02a206a39ff4
NFM,NEW FRONTIER MINERALS LIMITED,"Drilling Confirms High-Grade Tungsten at Harts Range, NT",2026-03-06,"High-Grade Tungsten Confirmed at Harts Range Through Drilling and Surface Assays; Pomme REE Advances • First-pass scout drilling has returned 1,237 ppm Tungsten Oxide (WO₃) over 4 m, including 1 m at 4,860 ppm WO₃ at the Bank Prospect6 • Elevated tungsten mineralisation confirmed at the Cusp Prospec",https://cdn-api.markitdigital.com/apiman-gateway/ASX/asx-research/1.0/file/2924-03065212-6A1315069?access_token=83ff96335c2d45a094df02a206a39ff4
BKB,BLACK BEAR MINERALS LIMITED,High-Grade Silver Intercepted Outside Shafter MRE,2026-03-06,"First drilling returns high-grade mineralisation outside the Mineral Resource Estimate at the Shafter Silver Project, Texas.",https://cdn-api.markitdigital.com/apiman-gateway/ASX/asx-research/1.0/file/2924-03065239-6A1315080?access_token=83ff96335c2d45a094df02a206a39ff4
6KA,"6K ADDITIVE, INC.",6K Additive Awarded US$1.95M by U.S. Defence Agency,2026-03-05,6K Additive Awarded US$1.95M by U.S. Defense Agency to Advance U.S.,https://cdn-api.markitdigital.com/apiman-gateway/ASX/asx-research/1.0/file/2924-03064931-3A688843?access_token=83ff96335c2d45a094df02a206a39ff4
PNN,POWER MINERALS LIMITED,"PNN TO ACQUIRE COMPLEMENTARY, HIGH GRADE RARE EARTH PROJECT",2026-03-05,"▪ Binding Letter of Intent (LOI) entered to acquire the advanced and high-grade Morro do Ferro project located in the mining-friendly jurisdiction of Minas Gerais state, Brazil ▪ The Morro do Ferro is a very high-grade and well-validated rare earth asset, distinguished by multiple drilling intersect",https://cdn-api.markitdigital.com/apiman-gateway/ASX/asx-research/1.0/file/2924-03064942-2A1658083?access_token=83ff96335c2d45a094df02a206a39ff4
MAU,MAGNETIC RESOURCES NL,LJN4 Strong Gravity Testwork Metallurgical Results,2026-03-05,"Magnetic Resource NL (Magnetic or the Company) is pleased to provide this update on recently completed metallurgical testwork that has been completed on its 100% owned Lady Julie Gold Project (LJGP or the Project), situated in the Eastern Goldfields of Western Australia.",https://cdn-api.markitdigital.com/apiman-gateway/ASX/asx-research/1.0/file/2924-03064739-6A1314899?access_token=83ff96335c2d45a094df02a206a39ff4
SRZ,STELLAR RESOURCES LIMITED,New High-Grade Tin Lode Discovered Below Severn Resource,2026-03-05,Severn Mineral Resource update on track for Q2 2026 • Wedge hole ZS187W2B has intersected several zones of significant tin mineralisation supporting conversion of the 2023 Resource1 model (Figure 1) returning: • 22.0m @ 0.45% Sn from 479.7m that includes: o 2.6m @ 1.49% Sn from 499.1m and • 10.0m @ ,https://cdn-api.markitdigital.com/apiman-gateway/ASX/asx-research/1.0/file/2924-03064898-3A688836?access_token=83ff96335c2d45a094df02a206a39ff4
PAT,PATRIOT RESOURCES LIMITED,Metallurgical Tests Confirm High Silver Recoveries at Tassa,2026-03-05,"Metallurgical Testworks Confirms High Silver Recoveries at Tassa, • Historical cyanidation test-work returned average silver recoveries of 85.05% • Total free NaCN concentration of 0.21% at 12 hours indicates controlled leach conditions during • Independent metallurgical review initiated to validate",https://cdn-api.markitdigital.com/apiman-gateway/ASX/asx-research/1.0/file/2924-03064899-6A1314943?access_token=83ff96335c2d45a094df02a206a39ff4
BM8,BATTERY AGE MINERALS LTD,High-Grade Gold Silver Confirmed in El Aguila RC Drilling,2026-03-05,"Released 5 March 2026 High-Grade Mineralisation Confirmed in Maiden RC Drilling at El Aguila Gold–Silver Project, Argentina • Step out RC drilling along strike of El Aguila Main identified continuity of the gold and silver mineralised system, significantly enhancing the prospectivity along multi-",https://cdn-api.markitdigital.com/apiman-gateway/ASX/asx-research/1.0/file/2924-03064734-6A1314897?access_token=83ff96335c2d45a094df02a206a39ff4
AIH,ADVANCED INNERGY HOLDINGS LIMITED,Acquisition of Imenco Aqua,2026-03-05,"Acquisition of Imenco Aqua Strengthens AIH Marine platform with recurring revenue and IP-backed solutions in highly regulated global aquaculture markets • AIH to acquire Imenco Aqua AS, a leading global supplier of essential aquaculture technology solutions, primarily to the structurally growing Atl",https://cdn-api.markitdigital.com/apiman-gateway/ASX/asx-research/1.0/file/2924-03064721-3A688803?access_token=83ff96335c2d45a094df02a206a39ff4
AUE,AURUM RESOURCES LIMITED,"Aurum Hits High-Grade Gold at Napie, Cote d'Ivoire",2026-03-05,"Aurum returns high-grade gold intercepts at Napié Gold Project, Côte d’Ivoire Aurum Resources (ASX: AUE, “Aurum” or “the Company”) has confirmed multiple broad, shallow, high-grade gold intercepts from its ongoing 30,000m diamond drilling program at the 0.87Moz Napié Gold Project1, Côte d’Ivoire.",https://cdn-api.markitdigital.com/apiman-gateway/ASX/asx-research/1.0/file/2924-03064774-6A1314915?access_token=83ff96335c2d45a094df02a206a39ff4
CAE,CANNINDAH RESOURCES LIMITED,Significant Broad Copper Gold Assays at Southern Target,2026-03-05,"Key Highlights include:  Final assays from 2025 reconnaissance drilling confirm the large-scale nature of the Southern Porphyry Copper Gold System, with very broad zones of copper and gold mineralisation intersected, including:  148m @ 0.27% CuEq (148m @ 0.18g/t Au and 0.09% Cu) from 112m (25CRC01",https://cdn-api.markitdigital.com/apiman-gateway/ASX/asx-research/1.0/file/2924-03064712-6A1314885?access_token=83ff96335c2d45a094df02a206a39ff4
RAS,RAGUSA MINERALS LTD,PurplePansy Project Site Visit Confirms High Grade Manganese,2026-03-05,Purple Pansy Manganese-Gold Project Site Visit Confirms High Grade Manganese Oxide Mineralisation ● Site visit conducted to Purple Pansy Project with numerous historic mine sites inspected for open cut manganese and underground shear/vein hosted gold within project area ● Two historical open cut min,https://cdn-api.markitdigital.com/apiman-gateway/ASX/asx-research/1.0/file/2924-03064729-2A1658010?access_token=83ff96335c2d45a094df02a206a39ff4
TEM,TEMPEST MINERALS LIMITED,New Zealand Gold Portfolio Acquisition,2026-03-05,2026-03-05 | New Zealand Gold Portfolio Acquisition TEM | New Zealand Gold Portfolio Acquisition ● Tempest Minerals to acquire advanced 145km2 gold portfolio in New Zealand ● Multiple drill-ready targets across 4 Epithermal gold system project areas ● Projects located in province with production exc,https://cdn-api.markitdigital.com/apiman-gateway/ASX/asx-research/1.0/file/2924-03064923-2A1658128?access_token=83ff96335c2d45a094df02a206a39ff4
SS1,SUN SILVER LIMITED,Exceptional Metallurgical Recoveries Achieved,2026-03-05,"Exceptional Metallurgical Recoveries Achieved Silver recoveries reached 78% (77% average) and gold 77% (74% average), under early-stage heap leach test conditions.",https://cdn-api.markitdigital.com/apiman-gateway/ASX/asx-research/1.0/file/2924-03064731-6A1314895?access_token=83ff96335c2d45a094df02a206a39ff4
AOA,AUSMON RESOURCES LIMITED,Drilling results (lab assay) for rare earth elements in SA,2026-03-04,"Ausmon Resources Limited Sydney NSW 2000, Australia E: office@ausmonresources.com.au W: www.ausmonresources.com.au ASX Market Announcements DRILLING RESULTS (LABORATORY ASSAY) FOR RARE EARTH ELEMENTS (“REEs”) AT",https://cdn-api.markitdigital.com/apiman-gateway/ASX/asx-research/1.0/file/2924-03064555-2A1657915?access_token=83ff96335c2d45a094df02a206a39ff4
AKO,AKORA RESOURCES LIMITED,Mining Permit Grant for Bekisopa High-Grade Iron Ore Project,2026-03-04,"AKORA Resources Limited info@akoravy.com Ballarat Victoria 3350 ASX: AKO Mining Permit Granted for the Bekisopa High-Grade Iron Ore • Significant regulatory milestone achieved: The Ministry of Mines has formally issued the Mining Permit for the Bekisopa high-grade iron ore project, located in Madaga",https://cdn-api.markitdigital.com/apiman-gateway/ASX/asx-research/1.0/file/2924-03064395-3A688733?access_token=83ff96335c2d45a094df02a206a39ff4
CCO,THE CALMER CO INTERNATIONAL LIMITED,CCO Secures FJ$548k Non-Repayable Government Grant,2026-03-04,"March 4, 2026 ASX RELEASE The Calmer Co. Secures FJ$548k Non-Repayable Government Grant to Support RTD Expansion and Supply Chain Infrastructure 4th March 2026, Brisbane: The Calmer Co.",https://cdn-api.markitdigital.com/apiman-gateway/ASX/asx-research/1.0/file/2924-03064391-6A1314777?access_token=83ff96335c2d45a094df02a206a39ff4
SLC,SUPERLOOP LIMITED,Achievement of Milestone 4 of the Origin Contract,2026-03-04,"Achievement of Milestone 4 of the Origin Contract On 13 March 2024, Superloop Limited (ASX:SLC) (Superloop) announced that it had executed an exclusive six-year contract to provide wholesale internet services to Origin Energy Retail Ltd and its subsidiaries (Origin) - refer Origin Superloop is pleas",https://cdn-api.markitdigital.com/apiman-gateway/ASX/asx-research/1.0/file/2924-03064550-2A1657914?access_token=83ff96335c2d45a094df02a206a39ff4
RCR,RINCON RESOURCES LIMITED,Sale of Laverton and Proposed Sale or JV at West Arunta,2026-03-04,Sale of Laverton Assets and Proposed Sale or JV of West Arunta Assets Rincon Resources Limited (ASX: RCR) (“Rincon” or “Company”) announces that it has entered into a binding agreement to dispose of its Laverton assets located in the Eastern Gold Felds of Western Australia.,https://cdn-api.markitdigital.com/apiman-gateway/ASX/asx-research/1.0/file/2924-03064378-6A1314772?access_token=83ff96335c2d45a094df02a206a39ff4
CUE,CUE ENERGY RESOURCES LIMITED,Cue Response to Horizon Takeover Offer,2026-03-04,Cue Response to Horizon Takeover Offer Cue Energy Resources Limited (ASX:CUE) (Cue) notes the announcement made on 2 March 2026 by Horizon Oil Limited (Horizon) of its intention to make an off-market takeover offer to acquire all fully paid ordinary shares in Cue that Horizon does not already hold a,https://cdn-api.markitdigital.com/apiman-gateway/ASX/asx-research/1.0/file/2924-03064371-3A688699?access_token=83ff96335c2d45a094df02a206a39ff4
TGM,THETA GOLD MINES LIMITED,TGME Gold Project Update - SMPP Contracts Issued,2026-03-04,"TGME Gold Project - Structural, Mechanical, Platework, and Piping (SMPP) Contracts Issued Theta Gold Mines Limited (‘Theta Gold’ or the ‘Company’) (ASX: TGM) achieves progress milestone at the TGME Gold Project as we enter Phase 2 of construction.",https://cdn-api.markitdigital.com/apiman-gateway/ASX/asx-research/1.0/file/2924-03064349-6A1314756?access_token=83ff96335c2d45a094df02a206a39ff4
RIE,RIEDEL RESOURCES LIMITED,High-Grade Gold Results Support Next Phase for Kingman,2026-03-04,"ASX / Media Announcement High-Grade Gold Results Support Next Phase for Kingman • High-grade gold-silver assay results returned from diamond drilling at the Tintic deposit DD25TT012: 0.61m @ 71.9 g/t Au, 92.5 g/t Ag from 19.2m DD25TT019: 4.42m @ 11.2 g/t Au, 169.9 g/t Ag from 9.75m • Shallow results",https://cdn-api.markitdigital.com/apiman-gateway/ASX/asx-research/1.0/file/2924-03064273-6A1314724?access_token=83ff96335c2d45a094df02a206a39ff4
MEG,MEGADO MINERALS LTD,Iberian Copper Project High-Grade Copper-Silver Rock Assays,2026-03-04,Rock Chip Assays Highlight Sedimentary-Hosted Copper-Silver Potential at Iberian Copper Project  Assay results received from rock chip sampling at Iberian Copper Project  High-grade copper and silver results returned from historic mines and workings and along strike in the host sedimentary sequenc,https://cdn-api.markitdigital.com/apiman-gateway/ASX/asx-research/1.0/file/2924-03064208-6A1314697?access_token=83ff96335c2d45a094df02a206a39ff4
OD6,OD6 METALS LIMITED,OD6 TO ACQUIRE ULTRA HIGH GRADE USA FLUORSPAR PROJECTS,2026-03-04,"Exceptional grades up to 94% CaF , historic production and multiple extensive zones for resource definition • District-scale, ultra high-grade fluorspar system with multiple prospects • Excellent road and rail access and proximity to established mining regions • Global critical mineral (designated c",https://cdn-api.markitdigital.com/apiman-gateway/ASX/asx-research/1.0/file/2924-03064403-6A1314758?access_token=83ff96335c2d45a094df02a206a39ff4
CZR,CZR RESOURCES LTD,Shallow Gold Mineralisation and High-Grade Shoots at Croydon,2026-03-04,"CZR Resources Ltd West Perth Western Australia 6005 Website: www.czrresources.com The Company Announcements Office, ASX Limited 4 March, 2026 Croydon Gold Project, Pilbara Latest assays confirm shallow mineralisation",https://cdn-api.markitdigital.com/apiman-gateway/ASX/asx-research/1.0/file/2924-03064321-6A1314740?access_token=83ff96335c2d45a094df02a206a39ff4
VAR,VARISCAN MINES LIMITED,Update on Earn-in & JV Agreement for Irish Zinc Assets,2026-03-03,"Variscan Mines Limited (ASX:VAR) Variscan Mines Limited (ASX:VAR) (“Variscan” or “the Company”) advises that, further to its announcement of 2 March 2026 entitled “Status Update – Earn-in to Irish Zinc Assets”, the Company intends on seeking to negotiate a revised date by which the conditions preced",https://cdn-api.markitdigital.com/apiman-gateway/ASX/asx-research/1.0/file/2924-03064013-6A1314613?access_token=83ff96335c2d45a094df02a206a39ff4
TML,TIMAH RESOURCES LIMITED,Acquisition of 40% Interest in Cash Horse (M) Sdn. Bhd.,2026-03-03,"Acquisition of 40% Interest in Cash Horse (M) Sdn. Bhd. Timah Resources Limited (ASX: TML) is pleased to announce that it has entered into a Share Sale Agreement (“SSA”) with Cash Nexus (M) Sdn. Bhd. (“Vendor”) to acquire 23,500,000 ordinary shares in its subsidiary company Cash Horse (M) Sdn. Bhd.",https://cdn-api.markitdigital.com/apiman-gateway/ASX/asx-research/1.0/file/2924-03064081-2A1657614?access_token=83ff96335c2d45a094df02a206a39ff4
PXX,POLARX LIMITED,High-grade Gold assays with significant widths at Humboldt,2026-03-03,"Amended Announcement - High-grade Gold assays with significant widths at Humboldt As requested by the ASX, PolarX Limited (ASX:PXX) attaches an updated version of the announcement of 25 February 2026, titled “High-grade Gold assays with significant widths at Humboldt”, which now includes additional ",https://cdn-api.markitdigital.com/apiman-gateway/ASX/asx-research/1.0/file/2924-03064121-6A1314652?access_token=83ff96335c2d45a094df02a206a39ff4
FBR,FBR LTD,FBR secures binding WaaS Offtake Agreement,2026-03-03,"FBR secures binding WaaS® Offtake Agreement • Hadrian® machines to pilot rapid-build methodology at scale under contracted WaaS® projects • WaaS® Offtake Agreement for 5,400m2 vertical of wall construction on East Coast • Strategic MOU with AMOVEO and ASD to deliver a hybrid robotic-modular construc",https://cdn-api.markitdigital.com/apiman-gateway/ASX/asx-research/1.0/file/2924-03063878-6A1314579?access_token=83ff96335c2d45a094df02a206a39ff4
ZEU,ZEUS RESOURCES LIMITED,Outstanding Antimony Results at Casablanca,2026-03-03,"Outstanding Antimony Results, including 2m @ 22.69% Sb, Confirms High-Grade and Scale Potential at Casablanca • High-grade laboratory assays confirm the discovery in Trench 1 (T1) within the emerging Smaala–Oulmès structural corridor.",https://cdn-api.markitdigital.com/apiman-gateway/ASX/asx-research/1.0/file/2924-03063970-2A1657554?access_token=83ff96335c2d45a094df02a206a39ff4
LKY,LOCKSLEY RESOURCES LIMITED,High-Grade Antimony Assays Confirm Surface Continuity at DAM,2026-03-03,"• High-grade antimony (Sb) assays received from surface exposure grab sampling, with a peak value of 16.90% Sb • Surface results confirm continuity of high-grade stibnite mineralisation along strike and above the historical underground workings • Assay data provides critical validation for the curre",https://cdn-api.markitdigital.com/apiman-gateway/ASX/asx-research/1.0/file/2924-03063849-6A1314564?access_token=83ff96335c2d45a094df02a206a39ff4
CRD,CONRAD ASIA ENERGY LTD.,Formal Approval of FID for Mako Gas Project,2026-03-03,"Formal Approval of FID for Mako Gas Project Conrad Asia Energy Ltd (ASX: CRD) (the “Company” or “Conrad”), an Asia-focused natural gas exploration and development company, is pleased to announce that the Company and its majority-owned subsidiary, West Natuna Exploration Limited (“WNEL”), operator of",https://cdn-api.markitdigital.com/apiman-gateway/ASX/asx-research/1.0/file/2924-03063781-6A1314529?access_token=83ff96335c2d45a094df02a206a39ff4
SRL,SUNRISE ENERGY METALS LIMITED,Feasibility Study Demonstrates Scalable Operation,2026-03-03,"Sunrise Advances Plans for Scandium Supply as Chinese Export Controls Tighten for AI, Defence and Chip Markets Completed Feasibility Study Demonstrates Excellent Economics for a Long-Life, Low-Cost and Scalable Operation Fast-Track Development Plan Targets Mid-2028 Production Key Investment Highligh",https://cdn-api.markitdigital.com/apiman-gateway/ASX/asx-research/1.0/file/2924-03063828-3A688595?access_token=83ff96335c2d45a094df02a206a39ff4
MMA,MARONAN METALS LIMITED,Maronan Silver Project Mineral Development Licence Granted,2026-03-03,"Maronan Silver Project Mineral Development Licence Granted Maronan Metals Limited (ASX: MMA) (Maronan or the Company) is pleased to announce the grant of Mineral Development Licence number 2028 (MDL) for its Maronan Silver Project in north-west Queensland, representing a significant milestone in adv",https://cdn-api.markitdigital.com/apiman-gateway/ASX/asx-research/1.0/file/2924-03063766-2A1657462?access_token=83ff96335c2d45a094df02a206a39ff4
SGQ,ST GEORGE MINING LIMITED,Major Resource Upgrade for Araxa,2026-03-03,"Significant increase to both the resource classification and the total tonnage, affirming the Tier 1 status of the Araxá Project • 75% increase in the Mineral Resource Estimate (MRE) to a new total MRE of 70.91Mt @ 4.06% TREO and 0.62% Nb₂O₅ at 2% TREO cut-off.",https://cdn-api.markitdigital.com/apiman-gateway/ASX/asx-research/1.0/file/2924-03063839-6A1314509?access_token=83ff96335c2d45a094df02a206a39ff4
SLS,SOLSTICE MINERALS LIMITED,New High-Grade Zone Emerges at Nanadie Copper-Gold Project,2026-03-03,"New High-Grade Zone Emerges at Nanadie Copper-Gold Project, WA ➢ New high-grade zone intersected in Phase 1 Reverse Circulation (RC) drilling at the Company’s 100%-owned Nanadie Copper-Gold Project in the Goldfields of WA.",https://cdn-api.markitdigital.com/apiman-gateway/ASX/asx-research/1.0/file/2924-03063794-6A1314535?access_token=83ff96335c2d45a094df02a206a39ff4
WCE,WEST COAST SILVER LIMITED,Drilling to Expand High-Grade Elizabeth Hill Silver System,2026-03-03,"RC Drilling to Expand High-Grade Elizabeth Hill Silver System • 4,000m Reverse Circulation (RC) drilling program commencing March 2026 • Targets Elizabeth Hill North and South along the Munni Munni Fault (MMF) • Drilling to test extensions of high-grade mineralisation identified in 2025 drilling, in",https://cdn-api.markitdigital.com/apiman-gateway/ASX/asx-research/1.0/file/2924-03063702-6A1314486?access_token=83ff96335c2d45a094df02a206a39ff4
GA8,GOLDARC RESOURCES LIMITED,High Grade 1m Assays Confirm New Gold Discoveries,2026-03-03,"High-Grade 1m Assays Confirm New Gold Discoveries at Leonora South • Maiden RC drilling program successfully identifies new mineralised systems at Woodpecker, Whistler and Niagara West within the Leonora South Gold Project.",https://cdn-api.markitdigital.com/apiman-gateway/ASX/asx-research/1.0/file/2924-03063714-6A1314491?access_token=83ff96335c2d45a094df02a206a39ff4
GED,GOLDEN DEEPS LIMITED.,Large IP Targets and Exceptional Cu Ag Zn Ge Intersections,2026-03-03,"Large IP Sulphide Targets Defined Directly Down Plunge of Exceptional New Drilling Results Including 34.8% Copper, 388 g/t Silver, 18.4% Zinc and 237 g/t Germanium  Final 3-D modelling of results from the detailed Induced Polarisation (IP) and Resistivity survey at the Graceland Critical Metals Pro",https://cdn-api.markitdigital.com/apiman-gateway/ASX/asx-research/1.0/file/2924-03063708-6A1314489?access_token=83ff96335c2d45a094df02a206a39ff4
WA1,WA1 RESOURCES LTD,Luni Niobium Project - Assay Results,2026-03-03,"▪ Infill drilling across Luni continues to deliver exceptional niobium results ▪ New intersections directly adjacent to the existing western Indicated MRE envelope provide a strong basis for conversion of additional high-grade mineralisation into higher confidence categories, including: LUDD-0215 fr",https://cdn-api.markitdigital.com/apiman-gateway/ASX/asx-research/1.0/file/2924-03063677-6A1314478?access_token=83ff96335c2d45a094df02a206a39ff4
PMM,PIONEER MINERALS LIMITED,Skull Creek Delivers Exceptional Uranium Surface Results,2026-03-03,"Skull Creek Uranium Project Delivers Exceptional Surface Results up to 4,257 ppm U O and Defines Extensive Concealed Soil Anomalies • High Grade rock chip uranium mineralisation confirmed up to 4,257 ppm U O (sample A0843234) at Countryline Prospect, Western Block.",https://cdn-api.markitdigital.com/apiman-gateway/ASX/asx-research/1.0/file/2924-03063697-6A1314484?access_token=83ff96335c2d45a094df02a206a39ff4
PAT,PATRIOT RESOURCES LIMITED,Tassa Acquisition Completed,2026-03-02,High-Grade 31.4Moz AgEq Tassa Acquisition Completed • Establishes Patriot as an emerging silver growth company with immediate high-grade resource • Maiden JORC (2012) Inferred Resource of 31.4Moz AgEq at 52.68g/t AgEq. • Silver-dominant system with 25.5Moz silver and strong polymetallic credits.,https://cdn-api.markitdigital.com/apiman-gateway/ASX/asx-research/1.0/file/2924-03063402-6A1314397?access_token=83ff96335c2d45a094df02a206a39ff4
ALD,AMPOL LIMITED,ACCC Update on Proposed Acquisition of EG Australia,2026-03-02,Ampol Limited (Ampol) (ASX:ALD) notes the publication today by the Australian Competition and Consumer Commission (ACCC) of the summary of the Notice of Competition Concerns (NOCC) on its Acquisitions Register and as attached.,https://cdn-api.markitdigital.com/apiman-gateway/ASX/asx-research/1.0/file/2924-03063398-2A1657208?access_token=83ff96335c2d45a094df02a206a39ff4
ECH,ECHELON RESOURCES LIMITED,PROPOSED SALE OF CUE & PARTICIPATION IN TAKEOVER OFFER,2026-03-02,"Echelon Resources Limited (ASX: ECH, Echelon) advises that it has agreed with Horizon Oil Limited (ASX: HZN, Horizon) to sell 19.99% of Cue Energy Resources Limited (ASX: CUE, Cue) shares via an off market transaction at A$0.115 per share.1 Echelon notes Horizon’s proposed off market takeover bid fo",https://cdn-api.markitdigital.com/apiman-gateway/ASX/asx-research/1.0/file/2924-03063356_PS-3A688516?access_token=83ff96335c2d45a094df02a206a39ff4
KP2,KORE POTASH PLC,Acquisition of interest in SPSA,2026-03-02,"Kore Potash plc 25 Moorgate, London EC2R 6AY Kore Potash Plc (“Kore Potash” or “Kore” or the “Company”) Purchase of a 0.46% interest in the share capital of Sintoukola Potash SA (“SPSA”) and conditional right to acquire the remaining outstanding minority shares in SPSA",https://cdn-api.markitdigital.com/apiman-gateway/ASX/asx-research/1.0/file/2924-03063380-6A1314400?access_token=83ff96335c2d45a094df02a206a39ff4
RML,RESOLUTION MINERALS LTD,Acquisition of Processing Mill and Tungsten Stockpiles,2026-03-02,"Resolution Minerals Ltd (ASX:RML; OTCQB: RLMF) (“Resolution” or the “Company”) is pleased to announce the successful completion of its acquisition of the Johnson Creek Tungsten & Antimony Mill, associated infrastructure, and 2,000 tonnes of tungsten ore stockpiles located adjacent to its Horse Heave",https://cdn-api.markitdigital.com/apiman-gateway/ASX/asx-research/1.0/file/2924-03063363-2A1657193?access_token=83ff96335c2d45a094df02a206a39ff4
SYR,SYRAH RESOURCES LIMITED,Syrah signs Balama binding offtake with NextSource,2026-03-02,Syrah signs Balama binding offtake with NextSource • Multi-year binding conditional offtake agreement signed with NextSource for Balama natural graphite • Agreement reinforces the criticality of Balama natural graphite to the ex-China anode and battery supply chain • NextSource is advancing towards ,https://cdn-api.markitdigital.com/apiman-gateway/ASX/asx-research/1.0/file/2924-03063312-3A688507?access_token=83ff96335c2d45a094df02a206a39ff4
LYC,LYNAS RARE EARTHS LIMITED,Lynas Malaysia operating licence renewed for 10 years,2026-03-02,"Lynas Rare Earths Ltd (ASX: LYC, OTCQX: LYSDY, LYSCF) (“Lynas”) has received a letter from the Malaysian Department of Atomic Energy confirming that the Lynas Malaysia operating licence has been renewed for 10 years, commencing 3 March 2026.",https://cdn-api.markitdigital.com/apiman-gateway/ASX/asx-research/1.0/file/2924-03063279-6A1314362?access_token=83ff96335c2d45a094df02a206a39ff4
RMX,RED MOUNTAIN MINING LIMITED,OUTSTANDING HIGH-GRADE ANTIMONY ASSAYS FROM THOMPSON FALLS,2026-03-02,• New assay results from the historical Eastern Star Silver-Lead mine within Red Mountain’s Thompson Falls Antimony Project on the Montana-Idaho border have returned consistently High-Grade Antimony and Strong Anomalous Gold results • Samples from the historical Eastern Star mine have returned stron,https://cdn-api.markitdigital.com/apiman-gateway/ASX/asx-research/1.0/file/2924-03063329-6A1314377?access_token=83ff96335c2d45a094df02a206a39ff4
NAE,NEW AGE EXPLORATION LIMITED,CEO Appointment and NSW Silver Project Acquisition,2026-03-02,"ASX: NAE 2 March 2026 CEO Appointment and NSW Silver Project Acquisition • Kirby Johnson appointed Chief Executive Officer, a geologist who brings more than 35 years’ experience across exploration, mining operations and corporate • Recently completed 4,034m RC drill program at Wagyu Gold Project (Pi",https://cdn-api.markitdigital.com/apiman-gateway/ASX/asx-research/1.0/file/2924-03063323-3A688511?access_token=83ff96335c2d45a094df02a206a39ff4
HZN,HORIZON OIL LIMITED,Horizon Takeover offer for Cue Energy Resources Ltd (CUE),2026-03-02,Company Announcements Sydney NSW 2000 HORIZON OIL LIMITED (ASX:HZN) – TAKEOVER OFFER FOR CUE ENERGY RESOURCES LIMITED (ASX:CUE) Horizon Oil Limited (ASX:HZN) (Horizon) has today announced an off-market takeover offer to acquire all of the fully paid ordinary shares (Cue Shares) on issue in Cue Energ,https://cdn-api.markitdigital.com/apiman-gateway/ASX/asx-research/1.0/file/2924-03063302-2A1657153?access_token=83ff96335c2d45a094df02a206a39ff4
RGL,RIVERSGOLD LIMITED,Strategic Tenement Granted - Kalgoorlie Gold Project,2026-03-02,"Strategic Tenement Granted - Kalgoorlie Gold Project Located 25km from Kalgoorlie • Riversgold has been granted the strategic P25/2848 tenement (RGL 100%). • The tenement is contiguous to the proven gold mineralisation intersected in the Northern Zone Project, refer Figure 1.",https://cdn-api.markitdigital.com/apiman-gateway/ASX/asx-research/1.0/file/2924-03063242-6A1314346?access_token=83ff96335c2d45a094df02a206a39ff4
MFG,MAGELLAN FINANCIAL GROUP LIMITED,Proposed merger with Barrenjoey,2026-03-02,ASX Market Announcements Office Proposed merger with Barrenjoey Magellan Financial Group Ltd (“MFG”) is pleased to announce it has entered into an agreement to merge with Barrenjoey Capital Partners (“Barrenjoey”) (the “Merger”).,https://cdn-api.markitdigital.com/apiman-gateway/ASX/asx-research/1.0/file/2924-03063206-2A1657133?access_token=83ff96335c2d45a094df02a206a39ff4
MFG,MAGELLAN FINANCIAL GROUP LIMITED,Investor presentation - Proposed merger with Barrenjoey,2026-03-02,"Not for release to US wire services or distribution in the United States MFG and Barrenjoey proposed merger Today’s presenters Andrew Formica Brian Benari Chairman, MFG Chief Executive Officer,",https://cdn-api.markitdigital.com/apiman-gateway/ASX/asx-research/1.0/file/2924-03063207-2A1657136?access_token=83ff96335c2d45a094df02a206a39ff4
VNL,VINYL GROUP LTD,ACQUISITION AND STRATEGY PRESENTATION,2026-03-02,Prepared by Josh Simons This presentation has been prepared by Vinyl Group Ltd ACN 106 513 580 (Vinyl Group or the Company).,https://cdn-api.markitdigital.com/apiman-gateway/ASX/asx-research/1.0/file/2924-03063228-2A1657121?access_token=83ff96335c2d45a094df02a206a39ff4
RAU,RESOURO STRATEGIC METALS INC.,Metallurgical Testwork & PEA Update - Tiros Project,2026-03-02,TSX-V News Release ASX News Release Metallurgical Testwork and Preliminary Economic Assessment Update Resouro Strategic Metals Inc.,https://cdn-api.markitdigital.com/apiman-gateway/ASX/asx-research/1.0/file/2924-03063222-6A1314327?access_token=83ff96335c2d45a094df02a206a39ff4
MM8,MEDALLION METALS LIMITED.,Acquisition Completion,2026-02-27,Forrestania Acquisition Completion Medallion Metals Limited (ASX: MM8) (Medallion or the Company) is pleased to advise that all conditions precedent to the acquisition of the Forrestania Nickel Operation (FNO) from IGO Limited (IGO) (Transaction) pursuant to the conditional binding Asset Sale Agreem,https://cdn-api.markitdigital.com/apiman-gateway/ASX/asx-research/1.0/file/2924-03062512-6A1314074?access_token=83ff96335c2d45a094df02a206a39ff4
FIN,FIN RESOURCES LIMITED,Land Use Permit Assignment Finalises Cabin Lake Acquisition,2026-02-27,"FIN Resources Limited (ASX: FIN) (“FIN” or “the Company”) is pleased to advise that the Wek’èezhìı ASX: FIN Land and Water Board (“WLWB”) has formally approved the assignment of Land Use Permit for the Cabin Lake Gold Project, Northwest Territories, Canada.",https://cdn-api.markitdigital.com/apiman-gateway/ASX/asx-research/1.0/file/2924-03062433-6A1314044?access_token=83ff96335c2d45a094df02a206a39ff4
CNQ,CLEAN TEQ WATER LIMITED,CNQ Secures Phase 2 Contract with Nyrstar,2026-02-27,Clean TeQ Water Secures ~A$10.4M Phase 2 Contract for European DESALX® Project with Nyrstar • Clean TeQ Water Limited (ASX: CNQ) awarded a €5.06 million (~A$8.5 million1) Phase 2 contract by Nyrstar to deliver a DESALX® wastewater treatment project for its Nyrstar Balen (Belgium) business in Europe ,https://cdn-api.markitdigital.com/apiman-gateway/ASX/asx-research/1.0/file/2924-03062318-3A688286?access_token=83ff96335c2d45a094df02a206a39ff4
DTR,DATELINE RESOURCES LIMITED,Dateline Acquires U.S. High-Grade Heavy Rare Earths Project,2026-02-27,"Market Announcement Dateline Acquires Heavy Rare Earths Project in the U.S • Music Valley heavy rare earths (HREE) acquisition: Dateline has secured the Music Valley HREE Project, comprising 57 claims over 1,140 acres in the Music Valley area of California.",https://cdn-api.markitdigital.com/apiman-gateway/ASX/asx-research/1.0/file/2924-03062285-2A1656626?access_token=83ff96335c2d45a094df02a206a39ff4
LCY,LEGACY IRON ORE LIMITED,Update on the Mount Celia Gold Project,2026-02-27,"About Legacy Iron Ore Legacy Iron Ore Limited (“Legacy Iron” or the “Company”) is a Western Update on the Mt. Celia Gold Project Australian based Company, focused on iron ore, base metals, tungsten",https://cdn-api.markitdigital.com/apiman-gateway/ASX/asx-research/1.0/file/2924-03062256-6A1314012?access_token=83ff96335c2d45a094df02a206a39ff4
PYC,PYC THERAPEUTICS LIMITED,PKD Clinical Trial - Approval to Escalate Dosing,2026-02-27,• PYC is progressing a drug candidate (known as PYC-003) that addresses the underlying cause of Polycystic Kidney Disease (PKD) through clinical trials • The Company today announces that it is escalating dosing to the third cohort in Part B of the Single Ascending Dose (SAD) study being conducted in,https://cdn-api.markitdigital.com/apiman-gateway/ASX/asx-research/1.0/file/2924-03062216-6A1313984?access_token=83ff96335c2d45a094df02a206a39ff4
AWJ,AURIC MINING LIMITED,Outstanding 2026 Gold Outturns at Munda,2026-02-27,"Outstanding 2026 Gold Outturns and Munda Update • Gold produced and gross revenue far exceeds all budgets. • 4,819 ounces produced from three gold outturns for Campaign Two with a final outturn plus GIC to come. • Results confirm Munda Main Pit as a major economic gold resource.",https://cdn-api.markitdigital.com/apiman-gateway/ASX/asx-research/1.0/file/2924-03062268-6A1314013?access_token=83ff96335c2d45a094df02a206a39ff4
TXR,TALONX RESOURCES LIMITED,New Assays Return More High-Grade Gold at Viking,2026-02-27,"27th February 2026 ASX CODE: TXR • 1m resampling confirms significant high-grade gold within previously reported composite intervals • 25VKRC005 returns 5m @ 7.4g/t Au from 70m, including 1m @ 20.6g/t Au • High-grade gold mineralisation occurs within primary quartz veining beneath the oxide zone",https://cdn-api.markitdigital.com/apiman-gateway/ASX/asx-research/1.0/file/2924-03062215-6A1313982?access_token=83ff96335c2d45a094df02a206a39ff4
IVR,INVESTIGATOR SILVER LIMITED,"Paris DFS Confirms Maiden Ore Reserve, Strong Economics",2026-02-27,"Cautionary Statement The Definitive Feasibility Study (DFS) discussed herein has been undertaken to assess the technical and economic feasibility of developing an open pit mine to economically and sustainably exploit the Paris Silver deposit, located in South Australia.",https://cdn-api.markitdigital.com/apiman-gateway/ASX/asx-research/1.0/file/2924-03062716-2A1656851?access_token=83ff96335c2d45a094df02a206a39ff4
VAU,VAULT MINERALS LIMITED,Exploration results to drive portfolio LOM extensions,2026-02-27,High grade results to drive LOM extensions across the portfolio and leverage incumbency in prolific districts Vault Minerals Limited (ASX: VAU) (Vault) is pleased to report a compelling suite of exploration results that underscore the strength and depth of the portfolio.,https://cdn-api.markitdigital.com/apiman-gateway/ASX/asx-research/1.0/file/2924-03062205-6A1313977?access_token=83ff96335c2d45a094df02a206a39ff4
CUV,CLINUVEL PHARMACEUTICALS LIMITED,"CLINUVEL Record Revenues, Advances Strategic Expansion",2026-02-26,"Melbourne, Australia, 26 February 2026 ASX: CUV | Börse Frankfurt: UR9 | ADR Level 1: CLVLY CLINUVEL Record Revenues, Advances Strategic Expansion An Investor Webinar will be held today (26 February) at 18:00–18:30 AEDT (08:00–08:30 CET) to discuss the half year results – refer below.",https://cdn-api.markitdigital.com/apiman-gateway/ASX/asx-research/1.0/file/2924-03061813-3A688171?access_token=83ff96335c2d45a094df02a206a39ff4
MM1,MIDAS MINERALS LTD,Midas expands high-grade copper-silver discovery at Otavi,2026-02-26,"Otavi Copper Project, Namibia  Further shallow high-grade copper and silver results from the Spaatzu Prospect on Midas’ Otavi Copper Project in Namibia include:  26m at 1.37% Cu and 31.1g/t Ag from 45m (MORC010), including: 6m at 2.39% Cu and 42.7g/t Ag from 47m; and 11m at 1.62% Cu and 43.6g/t Ag",https://cdn-api.markitdigital.com/apiman-gateway/ASX/asx-research/1.0/file/2924-03061766-6A1313853?access_token=83ff96335c2d45a094df02a206a39ff4
CCO,THE CALMER CO INTERNATIONAL LIMITED,The Calmer CO secures $2m pa Supply Agreement,2026-02-26,"The Calmer Co. Secures $2m per Annum Minimum Revenue via Strategic CO Kava Supply Agreement Brisbane, Australia – The Calmer Co.",https://cdn-api.markitdigital.com/apiman-gateway/ASX/asx-research/1.0/file/2924-03061743-6A1313843?access_token=83ff96335c2d45a094df02a206a39ff4
W2V,WAY 2 VAT LTD.,"W2V Increases Revenue 46% in FY25, Completes RBC Acquisition",2026-02-26,"Way2VAT increases revenue by 46% in FY25 and completes RBC Global fintech leader in automated VAT claim and return solutions, Way2VAT Ltd (ASX:W2V, Way2VAT or the Company), today announced its Preliminary Final Report for the 12 months ended FY25 Highlights (all figures A$ and unaudited unless other",https://cdn-api.markitdigital.com/apiman-gateway/ASX/asx-research/1.0/file/2924-03061752-6A1313845?access_token=83ff96335c2d45a094df02a206a39ff4
AR9,ARCHTIS LIMITED,AR9 Awarded US/EU Alliance Contract & Provides US DOD Update,2026-02-26,archTIS Awarded US/EU Alliance Contract and Provides US DOD Update US/European Military Alliance selects NC Protect to safeguard member nation  NC Protect selected to safeguard member nation data for secure collaboration across transatlantic allied defence operations.,https://cdn-api.markitdigital.com/apiman-gateway/ASX/asx-research/1.0/file/2924-03061728-6A1313838?access_token=83ff96335c2d45a094df02a206a39ff4
DRO,DRONESHIELD LIMITED,$21.7m Western Military Contracts,2026-02-26,$21.7m Western Military Contracts DroneShield Limited (ASX:DRO) (DroneShield or the Company) is pleased to announce that it has received a package of six standalone contracts for $21.7 million from an in-country reseller for delivery to a western military end-customer.,https://cdn-api.markitdigital.com/apiman-gateway/ASX/asx-research/1.0/file/2924-03061620-2A1656234?access_token=83ff96335c2d45a094df02a206a39ff4
ALV,ALVO MINERALS LIMITED,Touro Drilling Results Confirm Additional Copper Intercepts,2026-02-26,"Touro Drilling Results Confirm Additional Copper Intercepts • Drill assays received from four initial holes drilled at Touro in 2025 have been received and confirm the visual mineralisation previously reported, with better results including: o 5.1m @ 1.1% CuEq (0.4% Cu, 2.4% Zn, 0.05% Pb, 9.8 g/t Ag",https://cdn-api.markitdigital.com/apiman-gateway/ASX/asx-research/1.0/file/2924-03061850-3A688188?access_token=83ff96335c2d45a094df02a206a39ff4
CHR,CHARGER METALS NL,Further Assays Confirm Very High Grade Xmas Gold Discovery,2026-02-26,Further drilling assays confirm very high-grade nature of the Xmas Gold Discovery • Further drilling assays at Charger’s 100%-owned Lake Johnston Lithium and Gold Project confirm the very high-grade nature of “Xmas Gold Discovery”.,https://cdn-api.markitdigital.com/apiman-gateway/ASX/asx-research/1.0/file/2924-03061697-6A1313832?access_token=83ff96335c2d45a094df02a206a39ff4
BSL,BLUESCOPE STEEL LIMITED,BlueScope responds to revised takeover proposal,2026-02-26,BlueScope responds to revised takeover proposal,https://cdn-api.markitdigital.com/apiman-gateway/ASX/asx-research/1.0/file/2924-03061497-3A688096?access_token=83ff96335c2d45a094df02a206a39ff4
CBL,CONTROL BIONICS LIMITED,Joint venture with NextLevel Assistive Technology,2026-02-26,"Control Bionics enters strategic joint venture with NextLevel Assistive Technology to expand iOS speech-generating device platform in the United States Control Bionics Limited (ASX: CBL) (“Control Bionics” or “the Company”) is pleased to announce that its US subsidiary, Control Bionics Inc.",https://cdn-api.markitdigital.com/apiman-gateway/ASX/asx-research/1.0/file/2924-03061492-2A1656138?access_token=83ff96335c2d45a094df02a206a39ff4
ACE,ACUSENSUS LIMITED.,Fixed site enforcement contract expansion in WA,2026-02-26,"Fixed site multi -function enforcement contract expansion in Western Australia ● Expansion of fixed site enforcement agreement with the WA Road Safety Commission for multi -function enforcement services, which was originally signed in ● Additional fixed sites expected to be progressively deployed fr",https://cdn-api.markitdigital.com/apiman-gateway/ASX/asx-research/1.0/file/2924-03061414-2A1656106?access_token=83ff96335c2d45a094df02a206a39ff4
PC2,PC GOLD LTD,Assays of 4.5M @ 28.36 g/t Au Validate Macau Link Zone,2026-02-26,"2[6 ] FFeebbrruuaarryy 22002266 New High-Grade Assays including 4.5m @ 28.36 g/t Au Validate New Macau Link Zone • Five diamond holes drilled over 225m of strike have all intersected visible gold within a consistent hema�te–magne�te structure, confirming con�nuity of the newly iden�fied Macau Link Z",https://cdn-api.markitdigital.com/apiman-gateway/ASX/asx-research/1.0/file/2924-03061436-6A1313776?access_token=83ff96335c2d45a094df02a206a39ff4
QML,QMINES LIMITED,Visible Gold Observed in Drilling at Mount Mackenzie,2026-02-26,"Visible Gold Observed in Drilling at Mount Mackenzie • Visible gold logged in diamond core in hole MMDD010 (11m to 12m) at a prospect called Vein 355 at the high-grade Mount Mackenzie gold and silver project; • Mineralisation hosted in vuggy, strongly oxidised volcanic breccia with remnant silica ve",https://cdn-api.markitdigital.com/apiman-gateway/ASX/asx-research/1.0/file/2924-03061603-6A1313810?access_token=83ff96335c2d45a094df02a206a39ff4
IRD,IRON ROAD LIMITED,Mulgathing Project Heavy Mineral Sands Drilling Results,2026-02-26,"Iron Road Ltd (Iron Road, ASX: IRD) Heavy Mineral Sands Stage 1 Drilling Assay Results • Twenty-seven air-core drill holes for a total 690.5m drilled, with hole depths varying from 9m to 36m.",https://cdn-api.markitdigital.com/apiman-gateway/ASX/asx-research/1.0/file/2924-03061609-2A1656219?access_token=83ff96335c2d45a094df02a206a39ff4
PVT,PIVOTAL METALS LIMITED,Drilling to Commence at Belleterre High-Grade Cu Targets,2026-02-26,"Pivotal Metals Limited Initial 1,500m program focused on multiple new untested targets identified by Pivotal. Funding provides flexibility to expand based on •Belleterre Projects:  Drilling is set to commence at the Midrim project area – mobilisation next week.",https://cdn-api.markitdigital.com/apiman-gateway/ASX/asx-research/1.0/file/2924-03061434-6A1313775?access_token=83ff96335c2d45a094df02a206a39ff4
FRB,FIREBIRD METALS LIMITED,Exclusive LMFP Licence Agreement Secured,2026-02-26,"Strengthening Firebird’s IP Portfolio • Firebird Metals has secured an exclusive licence agreement from its wholly owned subsidiary, Hunan Firebird Battery Technology Co., Ltd., covering five core LMFP patents filed and registered in China.",https://cdn-api.markitdigital.com/apiman-gateway/ASX/asx-research/1.0/file/2924-03061396-6A1313755?access_token=83ff96335c2d45a094df02a206a39ff4
MEU,MARMOTA LIMITED,Bonanza gold/widths extend spectacular Greenewood discovery,2026-02-26,"Gawler Craton Gold Project, South Australia Bonanza-grade gold and big widths extend spectacular Greenewood discovery Grades of up to 24 g/t gold, intercepts up to 44m, discovery open in all directions, and new drilling program to extend it further starts in March Marmota (ASX: MEU) is pleased to an",https://cdn-api.markitdigital.com/apiman-gateway/ASX/asx-research/1.0/file/2924-03061453-2A1656092?access_token=83ff96335c2d45a094df02a206a39ff4
MYG,MAYFIELD GROUP HOLDINGS LIMITED,Acquisition of SMEC Power & Technology,2026-02-25,"Acquisition of SMEC Power & Technology • Strategic acquisition of SMEC Power & Technology (Southern Mining Electrical Contractors) for an enterprise value of up to $30 million • SMEC designs, manufactures and installs underground electrical starter panels, switchboards and substations to provide ele",https://cdn-api.markitdigital.com/apiman-gateway/ASX/asx-research/1.0/file/2924-03061274-2A1656045?access_token=83ff96335c2d45a094df02a206a39ff4
RGT,ARGENT BIOPHARMA LIMITED,Provisional Patent Lodged with USPTO for NanoBodies Platform,2026-02-25,U.S. Provisional Patent for Novel NanoBodies Platform Targeting Septic Shock and Systemic Inflammation • Provisional patent application filed with the USPTO for the NanoBodies (NB) platform (Application No.,https://cdn-api.markitdigital.com/apiman-gateway/ASX/asx-research/1.0/file/2924-03060902-6A1313597?access_token=83ff96335c2d45a094df02a206a39ff4
LDR,LODE RESOURCES LTD,High Grade Antimony and Gold Mineralisation at Rock Abbey,2026-02-25,Lode Resources Ltd (‘Lode’ or ‘Company’) (ASX: LDR) is pleased to announce that surface mapping and sampling at Rock Abbey located 7km southwest of the historical Magwood Antimony Mine has shown high grade antimony and gold mineralization over a significant strike length.,https://cdn-api.markitdigital.com/apiman-gateway/ASX/asx-research/1.0/file/2924-03060903-2A1655824?access_token=83ff96335c2d45a094df02a206a39ff4
ARI,ARIKA RESOURCES LIMITED,Exceptional High-Grade Intercepts Expand Pennyweight Point,2026-02-25,"Yundamindra Gold Project, WA – Exploration Update Standout assays expand the high-grade Pennyweight Point system along strike and at depth  Significant new assay results confirm the continuity of gold mineralisation along strike, down-dip and down-plunge at Pennyweight Point: 21m @ 4.65g/t Au from ",https://cdn-api.markitdigital.com/apiman-gateway/ASX/asx-research/1.0/file/2924-03060971-6A1313614?access_token=83ff96335c2d45a094df02a206a39ff4
EGR,ECOGRAF LIMITED,Updated Epanko Bankable Feasibility Study,2026-02-25,ASX Rele ase / 25 February 2026 Updated Epanko Bankable Feasibility Study Completion of Updated BFS Provides Robust Financials for Project Financing EcoGraf Limited (“EcoGraf” or “the Company”) (ASX: EGR; FSE: FMK) is pleased to announce the completion of its updated Bankable Feasibility Study (“BFS,https://cdn-api.markitdigital.com/apiman-gateway/ASX/asx-research/1.0/file/2924-03061184-6A1313671?access_token=83ff96335c2d45a094df02a206a39ff4
CAZ,CAZALY RESOURCES LIMITED,Large Scale Namibian Copper-REE Project Granted,2026-02-25,"Namibian Copper-REE Project Granted in World Class African Copper Belt Large scale project covering +790km2 located in the Otavi Copper Belt, Northern Highly prospective for Copper and Rare Earth mineralisation located nearby to the world class Tsumeb Copper mine (produced 30Mt of ore @ 4.3% Cu, 3.5",https://cdn-api.markitdigital.com/apiman-gateway/ASX/asx-research/1.0/file/2924-03060881-6A1313591?access_token=83ff96335c2d45a094df02a206a39ff4
PXX,POLARX LIMITED,High-grade Gold assays with significant widths at Humboldt,2026-02-25,"Humboldt Range Gold-Silver Project, Nevada High-grade Gold assays with significant widths point to major discovery Grades of up to 37g/t Au outline mineralisation from surface over 800m strike length with a further 2.8km of the same anomaly to be drilled  First drilling program at the Ridgeline pro",https://cdn-api.markitdigital.com/apiman-gateway/ASX/asx-research/1.0/file/2924-03060897-6A1313592?access_token=83ff96335c2d45a094df02a206a39ff4
LCL,LCL RESOURCES LIMITED,High-Grade Gold and Silver Rock Chips at Kusi,2026-02-25,"REGISTERED OFFICE: Suite 6, Level 1, 389 Oxford Street, Mount Hawthorn WA 6016 PH: + 61 (8) 6245 9879 EMAIL: info@lclresources.au lclresources.au High-Grade gold and silver rock chips from new prospect at Kusi, PNG LCL Resources Limited (ASX: LCL) (LCL or the Company) is pleased to give an explorati",https://cdn-api.markitdigital.com/apiman-gateway/ASX/asx-research/1.0/file/2924-03060859-6A1313589?access_token=83ff96335c2d45a094df02a206a39ff4
TSO,TESORO GOLD LTD,Tesoro Gold to advance Ternera to Definitive Feasibility,2026-02-25,"Tesoro Gold Limited (Tesoro or the Company) (ASX: TSO, OTCQB: TSORF, FSE: 5D7) is pleased to advise that, following completion of comprehensive technical trade off studies, the Company has decided to progress directly to a Definitive Feasibility Study (DFS) for the 1.82 Moz Ternera Gold Deposit (Ter",https://cdn-api.markitdigital.com/apiman-gateway/ASX/asx-research/1.0/file/2924-03060768-6A1313577?access_token=83ff96335c2d45a094df02a206a39ff4
NWM,NORWEST MINERALS LIMITED,Marymia East drilling results,2026-02-25,"Norwest Minerals Limited – Marymia East Drilling Results High-Grade Gold Intersected at Marymia East – Strong Potential for Near Surface Resource Growth PERTH, Western Australia - 25 February 2026 - Norwest Minerals Limited (ASX: NWM) (“Norwest” or “the Company”) is pleased to announce the receipt o",https://cdn-api.markitdigital.com/apiman-gateway/ASX/asx-research/1.0/file/2924-03060790-6A1313579?access_token=83ff96335c2d45a094df02a206a39ff4
ALR,ALTAIR MINERALS LIMITED,South Oko Returns High-Grade Gold up to 7g/t Au,2026-02-25,"Wednesday 25 February 2026 ASX : ALR South Oko Returns High-Grade Gold up to 7g/t; and Drill Contractor Appointed ▪ A Grab sample collected from base of Trench 2 at South Oko (“SOKO”), exposed sheared quartz and pyrite, has returned an assay of 7.03g/t Au.",https://cdn-api.markitdigital.com/apiman-gateway/ASX/asx-research/1.0/file/2924-03060887-3A687978?access_token=83ff96335c2d45a094df02a206a39ff4
FND,FINDI LIMITED,FND seeks Nova approval as cash trends support growth,2026-02-25,"Findi to Seek Shareholder Approval for Nova Investment as Strong Cash Trends Support Findi will seek shareholder approval for Nova Global strategic investment, with the EGM Notice of Meeting issued upon ASX approval.",https://cdn-api.markitdigital.com/apiman-gateway/ASX/asx-research/1.0/file/2924-03060720-3A687936?access_token=83ff96335c2d45a094df02a206a39ff4
FEX,FENIX RESOURCES LTD,Half Year Results - Record Production and Earnings,2026-02-25,Fenix Resources Ltd (ASX: FEX) (Fenix or the Company) is pleased to announce the Company’s financial results for the half year ended 31 December 2025 (H1 FY26).,https://cdn-api.markitdigital.com/apiman-gateway/ASX/asx-research/1.0/file/2924-03060733-6A1313572?access_token=83ff96335c2d45a094df02a206a39ff4
AKO,AKORA RESOURCES LIMITED,High Grade Iron Mineralisation Extended at Bekiopa Project,2026-02-25,"AKORA Resources Limited info@akoravy.com Ballarat Victoria 3350 ASX: AKO High Grade Iron Mineralisation Extended at the Bekisopa Project, Madagascar.",https://cdn-api.markitdigital.com/apiman-gateway/ASX/asx-research/1.0/file/2924-03060817-3A687961?access_token=83ff96335c2d45a094df02a206a39ff4
AKA,AUREKA LIMITED,Newly Identified High Grade Silver Component to St Arnaud,2026-02-25,"• Aureka Limited (ASX: AKA, Aureka or the Company) is pleased to announce high-grade gold assays and newly identified along strike significant silver mineralisation at the St Arnaud Comstock project, located in Central Western Victoria.",https://cdn-api.markitdigital.com/apiman-gateway/ASX/asx-research/1.0/file/2924-03060737-3A687941?access_token=83ff96335c2d45a094df02a206a39ff4
AT4,AMERICAN TUNGSTEN & ANTIMONY LTD,DUTCH MOUNTAIN PATHWAY TO ACCELERATED TUNGSTEN PRODUCTION,2026-02-25,"Reviving and restarting America's last active tungsten mine, underpinned by the only fully permitted tungsten processing facility in the Clifton Mining District • Completion of phase 1 exploration at Dutch Mountain, comprising a grid-controlled soil and rock chip sampling program, with initial findi",https://cdn-api.markitdigital.com/apiman-gateway/ASX/asx-research/1.0/file/2924-03060566-6A1313553?access_token=83ff96335c2d45a094df02a206a39ff4
ALK,ALKANE RESOURCES LIMITED,Costerfield's Kendal Deposit Hits High-Grade Antimony-Gold,2026-02-25,"INVESTOR ANNOUNCEMENT and MEDIA RELEASE Alkane Advances Near-Mine Kendal Deposit with High Grade Antimony-Gold Intercepts at Costerfield Perth, Western Australia - Alkane Resources Limited (ASX: ALK; TSX: ALK; OTCQX: ALKRY) (‘Alkane’ or ‘the Company’) is pleased to announce the latest exploration re",https://cdn-api.markitdigital.com/apiman-gateway/ASX/asx-research/1.0/file/2924-03060738-6A1313573?access_token=83ff96335c2d45a094df02a206a39ff4
BAS,BASS OIL LIMITED,Bass Receives $3.5 million Grant for the Kiwi Gas Project,2026-02-24,Release date: 24 February 2026 Bass Receives $3.5 million Grant for the Kiwi Gas Project Bass Oil Limited (ASX:BAS) is an Australian-listed oil producer that holds a majority interest in eight permits in the Cooper Basin (Australia) including the 100% owned Worrior and Padulla oil fields and a 55% i,https://cdn-api.markitdigital.com/apiman-gateway/ASX/asx-research/1.0/file/2924-03060219-3A687826?access_token=83ff96335c2d45a094df02a206a39ff4
PSL,PATERSON RESOURCES LTD,Further High-Grade Shallow Gold Results Returned,2026-02-24,"Second batch of Assays Confirm High-Grade, Shallow Gold Mineralisation Open @ Depth @ Grace Gold-Copper Project • The second batch of assays for 6 (out of 18) drill-holes from Phase I of the comprehensive 8,500m RC drilling campaign at the Grace Gold-Copper Project all intersected shallow zones of w",https://cdn-api.markitdigital.com/apiman-gateway/ASX/asx-research/1.0/file/2924-03060258-6A1313416?access_token=83ff96335c2d45a094df02a206a39ff4
OLY,OLYMPIO METALS LIMITED,Olympio Expands in USA - High Grade Silver/Antimony Projects,2026-02-24,"• Olympio has signed a Binding Option Agreement to acquire two projects in the USA, the Raven Silver Project in Montana and Sawtooth Antimony Project in Idaho • Both projects are highly prospective for silver, antimony and copper, with high- grade historical silver production at the Raven Project • ",https://cdn-api.markitdigital.com/apiman-gateway/ASX/asx-research/1.0/file/2924-03060232-6A1313408?access_token=83ff96335c2d45a094df02a206a39ff4
AOA,AUSMON RESOURCES LIMITED,Drilling results (pXRF) for rare earth elements in SA,2026-02-24,"Ausmon Resources Limited Sydney NSW 2000, Australia E: office@ausmonresources.com.au W: www.ausmonresources.com.au ASX Market Announcements DRILLING RESULTS (pXRF) RECEIVED FOR RARE EARTH ELEMENTS (“REEs”) AT",https://cdn-api.markitdigital.com/apiman-gateway/ASX/asx-research/1.0/file/2924-03060252-2A1655458?access_token=83ff96335c2d45a094df02a206a39ff4
MEX,MINERALS EXPLORATION LIMITED,High Grade Rock Chips at Invincible Gold Project,2026-02-24,"High grade rock chip assays from the Invincible Gold Project The historic Invincible Gold Mine recorded production graded up to 30g/t Au, shares similar geological features, including footwall tungsten mineralisation, with other large gold deposits in the Otago Goldfields.",https://cdn-api.markitdigital.com/apiman-gateway/ASX/asx-research/1.0/file/2924-03060200-6A1313395?access_token=83ff96335c2d45a094df02a206a39ff4
SPA,SPACETALK LTD,Spacetalk Executes Software MOU with TPG Telecom,2026-02-24,Spacetalk Ltd (ASX: SPA) Spacetalk Executes Software MOU with TPG Telecom (Vodafone Australia) MOU supports exclusive distribution of Spacetalk’s Family Safety software platform to millions of Vodafone Australia’s postpaid customers and accelerates Spacetalk’s transition to a software-led,https://cdn-api.markitdigital.com/apiman-gateway/ASX/asx-research/1.0/file/2924-03060062-2A1655353?access_token=83ff96335c2d45a094df02a206a39ff4
MCE,MATRIX COMPOSITES & ENGINEERING LIMITED,New Subsea Awards Increase FY26 Secured Revenue,2026-02-24,"Matrix Composites & Engineering Ltd (ASX: MCE, “Matrix” or the “Company”) is pleased to announce an increase in secured revenue for the 2026 financial year (“FY26”) with approximately $11 million in new project awards adding to the Company’s Subsea order book.",https://cdn-api.markitdigital.com/apiman-gateway/ASX/asx-research/1.0/file/2924-03059934-6A1313332?access_token=83ff96335c2d45a094df02a206a39ff4
VKA,VIKING MINES LIMITED,VIKING SEES HIGH-GRADES AT LINKA INC. 12.2M AT 1.3% WO3,2026-02-24,"• Project-wide historical data digitisation is 100% complete (70 holes; ~2,881m), providing a base to accelerate potential development and domestic supply security.",https://cdn-api.markitdigital.com/apiman-gateway/ASX/asx-research/1.0/file/2924-03060186-6A1313393?access_token=83ff96335c2d45a094df02a206a39ff4
SXL,SOUTHERN CROSS MEDIA GROUP LIMITED,"SCA completes merger, grows audio earnings - 1H FY26 Results",2026-02-24,"SCA continues to grow audio earnings whilst completing merger with Seven West Media Southern Cross Media Group Limited (ASX: SXL) (SCA) today released its results for the six months ended 31 December 2025 (H1 FY26), demonstrating continued delivery against its transformation strategy, with strong ea",https://cdn-api.markitdigital.com/apiman-gateway/ASX/asx-research/1.0/file/2924-03059957-3A687772?access_token=83ff96335c2d45a094df02a206a39ff4
SGA,SARYTOGAN GRAPHITE LIMITED,Water Licence Secured,2026-02-24,"Sarytogan Graphite Limited (ASX: SGA, “the Company” or “Sarytogan”) is pleased to advise that it has received the water licence for the Sarytogan Graphite Project in Kazakhstan.",https://cdn-api.markitdigital.com/apiman-gateway/ASX/asx-research/1.0/file/2924-03059933-6A1313331?access_token=83ff96335c2d45a094df02a206a39ff4
TNC,TRUE NORTH COPPER LIMITED,TNC Secures $400k CDP Grant to Progress Mt Oxide,2026-02-24,"TNC and Regeneration Secure Queensland Government CDP Grant to Unlock Value from Mt Oxide Legacy Materials True North Copper Limited (ASX:TNC) (True North, TNC or the Company) is pleased to advise that it has been awarded approximately A$400,000 under the Queensland Government’s Collaborative Develo",https://cdn-api.markitdigital.com/apiman-gateway/ASX/asx-research/1.0/file/2924-03060102-6A1313361?access_token=83ff96335c2d45a094df02a206a39ff4
ANX,ANAX METALS LIMITED,Whim Creek DFS Update Confirms Outstanding Economics,2026-02-24,"The DFS referred to in this announcement has been undertaken to assess the technical and economic viability of the Whim Creek Project in support of permitting, financing and development of the Project.",https://cdn-api.markitdigital.com/apiman-gateway/ASX/asx-research/1.0/file/2924-03060157-6A1313380?access_token=83ff96335c2d45a094df02a206a39ff4
NNL,NORDIC RESOURCES LTD,Latest Gold Assays Extend Kopsa Further in the North,2026-02-24,Second batch of northern drilling continues to significantly extend and in-fill the gold mineralisation outside the current resource boundary. • Assay results from a further six holes testing potential strike extensions to the north of the Kopsa gold-copper deposit.,https://cdn-api.markitdigital.com/apiman-gateway/ASX/asx-research/1.0/file/2924-03059921-6A1313321?access_token=83ff96335c2d45a094df02a206a39ff4
EVR,EV RESOURCES LTD,Exceptional Channel Sampling Results up to 30.2% Sb,2026-02-24,"Exceptional Channel Sampling Results up to 30.2% Sb Confirm Widespread Antimony at Los Lirios • Exceptional High-Grade Results: Channel sampling at historical pits returns widespread high-grade antimony mineralisation at surface, including: o 30.2% Sb reported from 0.5m channel at Lirios 2 East pit",https://cdn-api.markitdigital.com/apiman-gateway/ASX/asx-research/1.0/file/2924-03060199-6A1313400?access_token=83ff96335c2d45a094df02a206a39ff4
DCC,DIGITALX LIMITED,DCC to Establish Strategic Acquisition Program,2026-02-23,"DigitalX Limited (ASX: DCC, OTCQB: DGGFX) (“DigitalX” or the “Company”), announces its plan to utilise its existing asset base to establish a strategic investment acquisition program with the capacity to deploy up to A$30 million into select digital asset infrastructure businesses and Bitcoin-aligne",https://cdn-api.markitdigital.com/apiman-gateway/ASX/asx-research/1.0/file/2924-03059527-6A1313169?access_token=83ff96335c2d45a094df02a206a39ff4
GNG,GR ENGINEERING SERVICES LIMITED,Preferred Contractor - Tower Hill Project,2026-02-23,"Appointed as Preferred Contractor – Tower Hill Gold Project GR Engineering Services Limited (ASX: GNG) (GR Engineering) is pleased to announce that it has been appointed preferred contractor by Genesis Minerals Limited (ASX: GMD) (Genesis) in relation to the engineering, procurement and construction",https://cdn-api.markitdigital.com/apiman-gateway/ASX/asx-research/1.0/file/2924-03059494-6A1313155?access_token=83ff96335c2d45a094df02a206a39ff4
ABB,AUSSIE BROADBAND LIMITED,ABB strengthens SME capability with acquisition of Nexgen,2026-02-23,"Aussie Broadband strengthens SME capability with the acquisition of Nexgen Aussie Broadband Limited (ASX: ABB) has entered into a binding agreement to acquire 100% of Nexgen Investment Group Pty Limited (Nexgen), a leading provider of advanced business communication solutions, from Infotrust Limited",https://cdn-api.markitdigital.com/apiman-gateway/ASX/asx-research/1.0/file/2924-03059466-3A687691?access_token=83ff96335c2d45a094df02a206a39ff4
LSR,LODESTAR MINERALS LIMITED,High Grade Heavy Rare Earths Confirmed at Virgin Mountain,2026-02-23," High-grade results up to 3.73% TREO have been returned from Lodestar’s 2025 reconnaissance sampling over the Virgin Mountain Rare Earth Element (REE) Project in Arizona, USA.",https://cdn-api.markitdigital.com/apiman-gateway/ASX/asx-research/1.0/file/2924-03059534-6A1313143?access_token=83ff96335c2d45a094df02a206a39ff4
HRN,HORIZON GOLD LIMITED,High-grade intercepts from Kingfisher Diamond Drilling,2026-02-23,"Gum Creek Gold Project High-grade intercepts returned from Kingfisher Diamond Drilling ▪ Assays returned from four of the seven diamond holes drilled at Kingfisher, significant intercepts ▪ 4m @ 11.35g/t Au from 431m including 1m @ 42.2g/t Au from 432m ▪ 18m @ 1.09g/t Au from 469m including 10m @ 1.",https://cdn-api.markitdigital.com/apiman-gateway/ASX/asx-research/1.0/file/2924-03059477-6A1313157?access_token=83ff96335c2d45a094df02a206a39ff4
BIM,BINDI METALS LIMITED,Drill Program approval at Ravni Gold Project,2026-02-23,"Regulatory Approval for Maiden Drill Program at Ravni • Maiden drill program formally approved by the Ministry, with land access agreements • Induced Polarisation survey mobilising underway for planned two-week program • IP program to identify potential chargeability and resistivity anomalies associ",https://cdn-api.markitdigital.com/apiman-gateway/ASX/asx-research/1.0/file/2924-03059469-6A1313149?access_token=83ff96335c2d45a094df02a206a39ff4
TVN,TIVAN LIMITED,Tivan shares draft Feasibility Study for Speewah,2026-02-23,Draft Feasibility Study for the Speewah Fluorite Project submitted to Project partners The Board of Tivan Limited (ASX: TVN) (“Tivan” or the “Company”) is pleased to advise that the Company has submitted a confidential draft of the Feasibility Study for the Speewah Fluorite Project (“Project”) in We,https://cdn-api.markitdigital.com/apiman-gateway/ASX/asx-research/1.0/file/2924-03059412-6A1313135?access_token=83ff96335c2d45a094df02a206a39ff4
MBK,METAL BANK LIMITED,High-Grade Near-Surface Graphite Intersected at Millennium,2026-02-23,High-Grade Near-Surface Graphite Intersected Adjacent to Millennium Co-Cu-Au Resource • High-grade near-surface graphite intersected in recent drilling • Diamond drill core results include:  13.1m @ 12.23% TGC from 1m  3.7m @ 18.49% TGC from 38.64m,https://cdn-api.markitdigital.com/apiman-gateway/ASX/asx-research/1.0/file/2924-03059532-3A687717?access_token=83ff96335c2d45a094df02a206a39ff4
PHX,PHARMX TECHNOLOGIES LIMITED,Pharmx and Sigma enter multi-year strategic alliance,2026-02-23,"Pharmx and Sigma enter multi-year strategic alliance Sydney, 23 February 2026: Pharmx Technologies Limited (ASX: PHX), (Pharmx) is pleased to announce it has entered into a binding, multi-year strategic alliance with Sigma Healthcare Limited (ASX: SIG), (Sigma) one of Australia's leading pharmaceuti",https://cdn-api.markitdigital.com/apiman-gateway/ASX/asx-research/1.0/file/2924-03059308-2A1654935?access_token=83ff96335c2d45a094df02a206a39ff4
GML,GATEWAY MINING LIMITED,"Further Wide, High-Grade Gold at Haflinger",2026-02-23,"64m @ 1.2g/t Au INTERSECTED 100m NORTH OF THE DISCOVERY HOLE ▪ Aircore drilling at Haflinger continues to delineate shallow, high-grade gold mineralisation: ▪ 64m @ 1.2g/t Au from 56m incl 24m @ 2.4g/t Au in MPAC0291 ▪ 20m @ 1.4g/t Au from 64m incl 4m @ 6.0g/t Au in MPAC0264 ▪ 12m @ 1.0g/t Au from 1",https://cdn-api.markitdigital.com/apiman-gateway/ASX/asx-research/1.0/file/2924-03059371-2A1654983?access_token=83ff96335c2d45a094df02a206a39ff4
SHN,SUNSHINE METALS LIMITED,Outstanding Silver Intercept Highlights Liontown Potential,2026-02-23,"Sunshine Metals Limited ASX: SHN U26,31-45 Eyre St info@shnmetals.com.au North Ward, Qld 4810 shnmetals.com.au Outstanding Silver Intercept Highlights Liontown Potential • A recent RC grade control drilling program at the Liontown deposit has returned exceptional high-grade gold and silver intercept",https://cdn-api.markitdigital.com/apiman-gateway/ASX/asx-research/1.0/file/2924-03059441-6A1313138?access_token=83ff96335c2d45a094df02a206a39ff4
PVW,,PVW Finalises Acquisition of U.S Gold and Silver Projects,2026-02-23,"PVW Finalises Acquisition of Nevada Gold Project Hosting 173koz Historical Estimate • Acquisition of 100% of Southern Prospecting Pty Ltd completed. • Secures the Cobb Creek Project, located within Nevada’s prolific Independence Gold Trend, sub-parallel to the Carlin Trend.",https://cdn-api.markitdigital.com/apiman-gateway/ASX/asx-research/1.0/file/2924-03059265-6A1313087?access_token=83ff96335c2d45a094df02a206a39ff4
QML,QMINES LIMITED,Develin Creek Resource Upgrade Unlocks Expansion Planning,2026-02-23,"• Develin Creek resource upgrade delivers 90% of the 4.70Mt Mineral Resource to Indicated, providing the scale and confidence to advance Phase 2 expansion planning; • Indicated Mineral Resources grew 46% to 4.22Mt @ 0.98% Cu and 1.08% Zn, materially de-risking the project and strengthening the pathw",https://cdn-api.markitdigital.com/apiman-gateway/ASX/asx-research/1.0/file/2924-03059358-6A1313126?access_token=83ff96335c2d45a094df02a206a39ff4
PGO,PACGOLD LIMITED,High-Grade Gold in Initial White Dam Drilling Results,2026-02-23,High-Grade Gold in Initial White Dam Resource Drilling Results Resource drilling continuing to May and second rig on site for Heap Leach testwork  WHITE DAM RESOURCE DRILLING PROGRAMME RAPIDLY ADVANCING – Reverse Circulation (RC) drilling to upgrade the Vertigo Mineral Resource Estimate (MRE) is 85,https://cdn-api.markitdigital.com/apiman-gateway/ASX/asx-research/1.0/file/2924-03059291-3A687633?access_token=83ff96335c2d45a094df02a206a39ff4
BTR,BRIGHTSTAR RESOURCES LIMITED,High-grade assays incl 4m @ 26.7g/t Au in Sandstone drilling,2026-02-23,Sandstone Diamond Drilling Delivers Impressive 4m @ 26.7g/t Au Intercept Results from 2025 drilling programs at the Indomitable Camp to feed into upcoming Mineral Resource update and Sandstone Pre-Feasibility Study • Brightstar has received results from its maiden diamond core drilling (DD) program ,https://cdn-api.markitdigital.com/apiman-gateway/ASX/asx-research/1.0/file/2924-03059292-6A1313114?access_token=83ff96335c2d45a094df02a206a39ff4
VML,VITAL METALS LIMITED,Nechalacho Prospecting Delivers Ultra-High-Grade TREO,2026-02-23,"ASX An nouncement Nechalacho Prospecting Delivers Ultra-High- Three New Regional Targets Identified Three Central Zone Targets Advanced • High-grade mineralisation identified across three new regional targets with peak grab samples of 168,035ppm TREO (minimum*) and 15,521ppm Nb O .",https://cdn-api.markitdigital.com/apiman-gateway/ASX/asx-research/1.0/file/2924-03059506-6A1313159?access_token=83ff96335c2d45a094df02a206a39ff4
GMN,GOLD MOUNTAIN LIMITED,New discovery Capivara high grade rare earths,2026-02-23,"Gold Mountain Limited Gold Mountain Limited (ASX:GMN) GMN Expands High-Grade Rare Earth Discovery at 24/589 Stirling Highway Cottesloe WA 6011 Capivara Prospect, Down Under Project Gold Mountain Limited (ASX: GMN) (“Gold Mountain” or “the Company” or “GMN”)",https://cdn-api.markitdigital.com/apiman-gateway/ASX/asx-research/1.0/file/2924-03059267-2A1654908?access_token=83ff96335c2d45a094df02a206a39ff4
VEN,VINTAGE ENERGY LTD,Grants to Southern Flank gas projects,2026-02-20,Vintage welcomes $5 million in grants to Southern Flank gas projects ▪ $5M in grants to Vintage’s Southern Flank gas projects announced by SA govt.,https://cdn-api.markitdigital.com/apiman-gateway/ASX/asx-research/1.0/file/2924-03059032-2A1654831?access_token=83ff96335c2d45a094df02a206a39ff4
CDO,CADENCE OPPORTUNITIES FUND LIMITED.,Media Release - Record Profits & Interim Dividend,2026-02-20,"Cadence Opportunities Fund Limited (ASX: CDO) Record Profits & Interim Dividend Sydney, 20 February 2026: Cadence Half Year Results to 31 December 2025: Opportunities Fund Limited today announced a record half year profit before • Record Profit before tax of $9.1m",https://cdn-api.markitdigital.com/apiman-gateway/ASX/asx-research/1.0/file/2924-03058983-2A1654798?access_token=83ff96335c2d45a094df02a206a39ff4
PDN,PALADIN ENERGY LTD,EIS Approval for Patterson Lake South Project,2026-02-20,"Paladin Energy Ltd (ASX:PDN, TSX:PDN, OTCQX:PALAF) (Paladin or the Company) announces it has received Ministerial approval for the Company’s Environmental Impact Statement (EIS) under The Environmental Assessment Act (Saskatchewan) for the development of its Patterson Lake South (PLS) Project, locat",https://cdn-api.markitdigital.com/apiman-gateway/ASX/asx-research/1.0/file/2924-03058950-6A1312946?access_token=83ff96335c2d45a094df02a206a39ff4
PPE,PEOPLEIN LIMITED,H1 FY26 Results and Acquisition Announcement,2026-02-20,"Key Highlights for H1 FY26: • Earnings results in line with expectations at $16.1m • Ongoing business $10.5m ($11.5m Dec 24) with over 44% organic growth from PeopleIN’s Engineering, Trades and Labour division • Announced acquisition of Infrawork in New Zealand, expanding our infrastructure construc",https://cdn-api.markitdigital.com/apiman-gateway/ASX/asx-research/1.0/file/2924-03058827-2A1654696?access_token=83ff96335c2d45a094df02a206a39ff4
FG1,FLYNN GOLD LIMITED,Drilling Commences at High-Grade Silver King Prospect,2026-02-20,JOIN FLYNN GOLD’S INTERACTIVE INVESTOR HUB to interact with Flynn’s announcements and updates by asking questions or making comments which our team will respond to where possible Henty Silver-Lead-Zinc Project Drilling Commences at High-Grade Silver King Prospect at,https://cdn-api.markitdigital.com/apiman-gateway/ASX/asx-research/1.0/file/2924-03058895-3A687577?access_token=83ff96335c2d45a094df02a206a39ff4
EPM,ECLIPSE METALS LIMITED.,Encouraging metallurgical results from REE Greenland Project,2026-02-20,Metallurgical Sighter Tests Indicate >90% of REE Reports to Combined Magnetic Fractions at Grønnedal REE Project in Greenland Eclipse Metals Ltd (ASX: EPM) (“Eclipse” or “the Company”) is pleased to report encouraging preliminary Phase 1 metallurgical results from the Grønnedal Rare Earth Element (R,https://cdn-api.markitdigital.com/apiman-gateway/ASX/asx-research/1.0/file/2924-03058727-6A1312901?access_token=83ff96335c2d45a094df02a206a39ff4
TIO,TEMAS RESOURCES CORP.,Temas Commences Valuable Re-Assay Program at La Blache,2026-02-20,"Re-Assaying up to 36,614m of historic drilling to accelerate development and save Temas approximately $40 million in future drilling costs • Preliminary indications from historical data review suggest potential for gallium, scandium and chromium at La Blache.",https://cdn-api.markitdigital.com/apiman-gateway/ASX/asx-research/1.0/file/2924-03058757-6A1312910?access_token=83ff96335c2d45a094df02a206a39ff4
REC,RECHARGE METALS LIMITED,Acquisition of Sunset Well Project - Presentation,2026-02-20,"February 2026 ASX:REC Theinformationcontainedinthispresentationisforinformationalpurposesonlyanddoesnotconstituteanoffertoissue,orarrangetoissue,securitiesorotherfinancialproducts.Theinformationcontainedinthispresentationis notinvestmentorfinancialproductadviceandisnotintendedtobeusedasthebasisforma",https://cdn-api.markitdigital.com/apiman-gateway/ASX/asx-research/1.0/file/2924-03058893-6A1312943?access_token=83ff96335c2d45a094df02a206a39ff4
REC,RECHARGE METALS LIMITED,Acquisition of the Sunset Well Gold Project,2026-02-20,"Acquisition of the Sunset Well Gold Project, Eastern Goldfields, WA • Acquisition of the Sunset Well Gold Project in the highly prospective Leonora district of Western Australia • Sunset Well contains the Prospero Deposit, hosting a shallow Inferred Mineral Resource of 2.87 Mt @ 1.0 g/t Au for 94,50",https://cdn-api.markitdigital.com/apiman-gateway/ASX/asx-research/1.0/file/2924-03058864-6A1312930?access_token=83ff96335c2d45a094df02a206a39ff4
TLG,TALGA GROUP LTD,Circular Graphite Anode Grant Update,2026-02-19,Circular Graphite Anode Grant Update Battery materials and technology company Talga Group Ltd (“Talga” or “the Company”) provides an update regarding the Company’s grant application for the “Circular Graphite Anode at Industrial Scale for Low-emission Batteries” project under the Swedish Energy Agen,https://cdn-api.markitdigital.com/apiman-gateway/ASX/asx-research/1.0/file/2924-03058567-6A1312841?access_token=83ff96335c2d45a094df02a206a39ff4
AR1,AUSTRAL RESOURCES AUSTRALIA LTD,Binding Commitments Received for QIC-led $65m Fundraising,2026-02-19,Austral Resources Australia Ltd (ASX:AR1) Austral fully funded for meaningful acceleration in copper production and exploration • Binding commitments received for Placement to raise $65 million at $0.09 per share • The Placement has been cornerstoned by the QIC Critical Minerals and Battery Technolo,https://cdn-api.markitdigital.com/apiman-gateway/ASX/asx-research/1.0/file/2924-03058457-2A1654525?access_token=83ff96335c2d45a094df02a206a39ff4
TGN,TUNGSTEN MINING NL,Company Update and Preliminary Offtake Discussions,2026-02-19,"19th February 2026 Tungsten Mining Advances International Engagement, Downstream Processing and Preliminary Offtake Discussions Tungsten Mining NL (ASX: TGN, OTCQB: TGNMF) (“Tungsten Mining,” “TGN,” or “the Company”) is pleased to provide an update on its recent international activities.",https://cdn-api.markitdigital.com/apiman-gateway/ASX/asx-research/1.0/file/2924-03058440-6A1312789?access_token=83ff96335c2d45a094df02a206a39ff4
PEN,PENINSULA ENERGY LIMITED,Operational Progress and CPP Commissioning Update,2026-02-19,"Lance Uranium Project, Wyoming, USA Operational Progress and Central Process Plant Commissioning Update • Peninsula remains on track to meet forecast uranium production guidance for CY2026 of 0.4 to 0.5Mlbs, underpinned by the installed CPP production capacity of 2.0Mlbs per annum and the accelerate",https://cdn-api.markitdigital.com/apiman-gateway/ASX/asx-research/1.0/file/2924-03058400-6A1312767?access_token=83ff96335c2d45a094df02a206a39ff4
CMM,CAPRICORN METALS LTD,Acquisition of Extension Hill and Mungada Projects,2026-02-19,Capricorn Metals Ltd (“Capricorn” or “the Company”) is pleased to advise that it has entered into a binding agreement with AMMM Resources Pty Ltd (“AMMM”) to acquire the prospective Extension Hill and Mungada tenement package (“Project Tenure”).,https://cdn-api.markitdigital.com/apiman-gateway/ASX/asx-research/1.0/file/2924-03058149-6A1312727?access_token=83ff96335c2d45a094df02a206a39ff4
RRL,REGIS RESOURCES LIMITED,Record Profit and 15cps Fully Franked Dividend,2026-02-19,"Half Year Financial Results 31 December 2025 15c PER SHARE FULLY FRANKED DIVIDEND • Record Statutory net profit after tax for the period was $323M, up $235M1. • Record cash flow2 of $413M during the first half. • Gold production of 186,917 ounces for H1 FY26 at an AISC of $2,850/oz.",https://cdn-api.markitdigital.com/apiman-gateway/ASX/asx-research/1.0/file/2924-03058138-6A1312696?access_token=83ff96335c2d45a094df02a206a39ff4
EXR,ELIXIR ENERGY LIMITED,Outstanding results at Lorelle-3,2026-02-19,"Outstanding results at Lorelle-3  The drilling of Lorelle-3 has measured a significant gas and condensate resource within ATP 2056 in Queensland’s Taroom Trough, with multiple hydrocarbon-bearing intervals delivering above expectations.",https://cdn-api.markitdigital.com/apiman-gateway/ASX/asx-research/1.0/file/2924-03058144-6A1312699?access_token=83ff96335c2d45a094df02a206a39ff4
GDM,GREAT DIVIDE MINING LTD,Coonambula drilling continues to deliver high grade results,2026-02-19,"Coonambula drilling continues to deliver high grade gold, silver and antimony Great Divide Mining Limited (ASX: GDM) (“GDM” or “the Company”) an Australian gold, copper, antimony and critical metals miner, explorer and producer, is pleased to provide an update on the 4,000m drilling programme being ",https://cdn-api.markitdigital.com/apiman-gateway/ASX/asx-research/1.0/file/2924-03058461-6A1312799?access_token=83ff96335c2d45a094df02a206a39ff4
OSM,OSMOND RESOURCES LIMITED,High-Grade Assay Results Confirm Potential Scale at Orion,2026-02-19,"• Regional drilling 9.5kms from initial drill holes confirm potential scale • Potential for globally significant titanium (rutile), zircon and rare earths • Multiple heavy mineral layers intersected at NWOR-03 and NWOR-04 • Assay highlights include: - 3.0m* at 3.49% TiO †, 0.75% ZrO , 168ppm HfO , 0",https://cdn-api.markitdigital.com/apiman-gateway/ASX/asx-research/1.0/file/2924-03058234-6A1312744?access_token=83ff96335c2d45a094df02a206a39ff4
MGU,MAGNUM MINING AND EXPLORATION LIMITED,IONIC ADSORPTION CLAY DISCOVERY CONFIRMED AT AZIMUTH,2026-02-19,Desorption test work undertaken on recent exceptional REE drilling results1 has confirmed that the mineralisation at the Piracanjuba Prospect is an Ionic Adsorption Clay (IAC) REE system.,https://cdn-api.markitdigital.com/apiman-gateway/ASX/asx-research/1.0/file/2924-03058368-6A1312741?access_token=83ff96335c2d45a094df02a206a39ff4
RUL,,Implementation of Scheme of Arrangement,2026-02-18,"Implementation of Scheme of Arrangement RPMGlobal Holdings Limited (ASX: RUL) [RPM ® or the Company] refers to the proposed acquisition of 100% of the shares on issue in the Company by Revolution HoldCo Pty Ltd (Caterpillar BidCo), a direct wholly owned subsidiary of Caterpillar Inc (Caterpillar), b",https://cdn-api.markitdigital.com/apiman-gateway/ASX/asx-research/1.0/file/2924-03057867-2A1654212?access_token=83ff96335c2d45a094df02a206a39ff4
OZM,OZAURUM RESOURCES LIMITED,Diamond Drilling Commences to Advance Heap Leach Feasibility,2026-02-18,"Diamond Drilling Commences to Advance Heap Leach Feasibility, Mulgabbie North OzAurum Resources Ltd (ASX: OZM or OzAurum or the Company) is pleased to announce the commencement of a diamond drilling program at its Mulgabbie North Gold Project in Western Australia.",https://cdn-api.markitdigital.com/apiman-gateway/ASX/asx-research/1.0/file/2924-03057802-6A1312581?access_token=83ff96335c2d45a094df02a206a39ff4
KLR,KAILI RESOURCES LIMITED,REEs pXRF Drilling Results at Mallee Project SA,2026-02-18,"Kaili Resources Limited 87-89 Liverpool Street Sydney NSW 2000, Australia E: contact@kailigroup.com.au ASX Market Announcements Kaili Resources Limited (“Company”) is pleased to announce that the Aircore drilling results from",https://cdn-api.markitdigital.com/apiman-gateway/ASX/asx-research/1.0/file/2924-03057926-2A1654242?access_token=83ff96335c2d45a094df02a206a39ff4
KSN,KINGSTON RESOURCES LIMITED,High Grade Intercepts at Southern Ore Zone,2026-02-18,"ASX/Media Announcement Wide, high-grade polymetallic intersections at Mineral Hill • High-grade intercepts returned within planned near-term underground stoping areas (lodes A, B and C) at Southern Ore Zone, Mineral Hill. • Results strengthen the November 2025 Mineral Resource model.",https://cdn-api.markitdigital.com/apiman-gateway/ASX/asx-research/1.0/file/2924-03057794-6A1312597?access_token=83ff96335c2d45a094df02a206a39ff4
VNT,VENTIA SERVICES GROUP LIMITED,Ventia extends contract with Transpower New Zealand,2026-02-18,Ventia Services Group Ltd North Sydney NSW 2060 ASX and NZX Release Ventia extends contract to provide specialist electrical services across New Zealand’s national grid Ventia Services Group Limited (ASX: VNT) has today extended its contract with Transpower New,https://cdn-api.markitdigital.com/apiman-gateway/ASX/asx-research/1.0/file/2924-03057586-2A1654100?access_token=83ff96335c2d45a094df02a206a39ff4
NES,NELSON RESOURCES LIMITED.,High-Grade Au-Bearing Sheeted Veins Identified at Gold Point,2026-02-18,"High-Grade Gold-Bearing Sheeted Veins Identified in Intrusion at Gold Point South,  High-grade intrusion-hosted gold-silver veins discovered at Gold Point South, Nevada, within the Sylvania Intrusive Complex, with rock chip samples returning up to 15.1g/t Au and 357g/t Ag.",https://cdn-api.markitdigital.com/apiman-gateway/ASX/asx-research/1.0/file/2924-03057678-6A1312547?access_token=83ff96335c2d45a094df02a206a39ff4
WYX,WESTERN YILGARN NL,High-Grade Cobalt-Nickel-Lead-Scandium over Ida Holmes,2026-02-18,"High-Grade Discovery of Cobalt-Scandium-Nickel Mineralisation over Ida Holmes Project in Western • High-grade critical and base metal mineralisation has been confirmed by Western Yilgarn’s ground reconnaissance rock chip reconnaissance program over the Ida Holmes Junction Project, located approximat",https://cdn-api.markitdigital.com/apiman-gateway/ASX/asx-research/1.0/file/2924-03057783-6A1312585?access_token=83ff96335c2d45a094df02a206a39ff4
VMS,VENARI MINERALS NL,Updated Exploration Target for Red Mountain Lithium Project,2026-02-18,"ASX / Media Release Revised Exploration Target Established for Red Mountain Lithium Project, Nevada, USA Updated Exploration Target demonstrates significant upside and scale potential • Revised JORC-compliant Exploration Target established for the Red Mountain Lithium Project following the recent an",https://cdn-api.markitdigital.com/apiman-gateway/ASX/asx-research/1.0/file/2924-03057712-6A1312556?access_token=83ff96335c2d45a094df02a206a39ff4
ENR,ENCOUNTER RESOURCES LIMITED,High-Grade Niobium Extends Over 4km at Green,2026-02-18,18X XF eSberputaermy b2e0r2 62 025 High-Grade Niobium Extends Over 4km at Green Encounter Resources Limited (ASX: ENR) (“Encounter” or “the Company”) is pleased to report additional high-grade niobium and REE intersections from aircore and diamond drilling at the Green prospect at the Aileron projec,https://cdn-api.markitdigital.com/apiman-gateway/ASX/asx-research/1.0/file/2924-03057599-6A1312510?access_token=83ff96335c2d45a094df02a206a39ff4
BSL,BLUESCOPE STEEL LIMITED,BlueScope to consider revised takeover proposal,2026-02-18,"Date: 18 February 2026 BlueScope to consider revised takeover proposal from SGH and Steel Dynamics BlueScope advises that it has received another unsolicited, non‑binding, indicative and conditional takeover proposal from the consortium comprising SGH Limited (SGH, ASX:SGH) and Steel Dynamics, Inc.",https://cdn-api.markitdigital.com/apiman-gateway/ASX/asx-research/1.0/file/2924-03057776-3A687339?access_token=83ff96335c2d45a094df02a206a39ff4
MLS,METALS AUSTRALIA LTD,High Grade Assays Verify the Emerging Manindi VTM Project,2026-02-18,"- Assay results confirm the broad mineralisation intervals encountered are high-grade - Metallurgical test-work demonstrates strong potential to produce high purity TiO Metals Australia Limited (“Metals Australia”, the “Company” or “MLS”) is pleased to report assay results from its successful drilli",https://cdn-api.markitdigital.com/apiman-gateway/ASX/asx-research/1.0/file/2924-03057610-6A1312521?access_token=83ff96335c2d45a094df02a206a39ff4
BRE,BRAZILIAN RARE EARTHS LIMITED,Monte Alto Expands with New Ultra-High Grade Discoveries,2026-02-18,"Monte Alto expands with new ultra-high grade discoveries Monte Alto ultra-high grade drilling results ▪ Drilling assays returned ultra-high-grade rare earths grades of up to 35.3% Total Rare Earth Oxide (TREO)1 ▪ Wide, continuous high-grade intercepts: 27.6 m at 19.4% TREO and 23.9 m at 17.4% TREO, ",https://cdn-api.markitdigital.com/apiman-gateway/ASX/asx-research/1.0/file/2924-03057608-6A1312534?access_token=83ff96335c2d45a094df02a206a39ff4
PPL,PUREPROFILE LTD,Acquisition of Australian Qualitative Research Business,2026-02-17,Acquisition of Australian Qualitative Research Pureprofile Limited (ASX: PPL or the Company) is pleased to announce the signing of a binding Asset Purchase Agreement for the acquisition of the assets of Bastion Stable Research Pty Ltd (“CRNRSTONE”).,https://cdn-api.markitdigital.com/apiman-gateway/ASX/asx-research/1.0/file/2924-03057322-2A1653937?access_token=83ff96335c2d45a094df02a206a39ff4
AGE,ALLIGATOR ENERGY LIMITED,Commissioning of Pilot Plant Complete,2026-02-17,"Co mmissioning of Samphire Pilot Plant Completed • Pilot plant to be energised, full operations team recruited and inducted, final preparation for field recovery trial (FRT) operations now underway • First test pattern pre-conditioning to commence next week in readiness for uranium extraction • FRT ",https://cdn-api.markitdigital.com/apiman-gateway/ASX/asx-research/1.0/file/2924-03057346-2A1653944?access_token=83ff96335c2d45a094df02a206a39ff4
GNG,GR ENGINEERING SERVICES LIMITED,Preferred Contractor - Laverton Processing Plant,2026-02-17,"Appointed as Preferred Contractor – Laverton Processing Plant GR Engineering Services Limited (ASX: GNG) (GR Engineering) is pleased to announce that it has been appointed preferred contractor by Brightstar Resources Limited (ASX: BTR) (Brightstar) in relation to the engineering, procurement and con",https://cdn-api.markitdigital.com/apiman-gateway/ASX/asx-research/1.0/file/2924-03057274-6A1312386?access_token=83ff96335c2d45a094df02a206a39ff4
MGT,MAGNETITE MINES LIMITED.,Razorback Project Awarded Major Project Status,2026-02-17,"➢ Magnetite Mines’ flagship Razorback Iron Ore Project has been awarded “Major Project Status” (MPS) by the Australian Government in recognition of its scale and national ➢ The MPS designation reflects the potential economic contribution of the Razorback Project to the Australian economy, estimated ",https://cdn-api.markitdigital.com/apiman-gateway/ASX/asx-research/1.0/file/2924-03057306-6A1312402?access_token=83ff96335c2d45a094df02a206a39ff4
MM8,MEDALLION METALS LIMITED.,"FID Approved, US$50 million Loan Facility & Offtake Secured",2026-02-17,"Ravensthorpe Gold Project FID Approved US$50 million Loan Facility & Offtake Secured Medallion Metals Ltd (ASX: MM8), (“Medallion” or the “Company”) is pleased to advise that it has executed documentation with Trafigura Pte Ltd (Trafigura) for the provision of a US$50 million loan facility (Loan Fac",https://cdn-api.markitdigital.com/apiman-gateway/ASX/asx-research/1.0/file/2924-03057240-6A1312365?access_token=83ff96335c2d45a094df02a206a39ff4
BTR,BRIGHTSTAR RESOURCES LIMITED,EPC Contractor Engaged for Goldfields Project,2026-02-17,"• Early works at the Goldfields Project are well advanced, after a competitive front end engineering design work stream completed in December • GR Engineering Services Limited (ASX:GNG) selected as the preferred contractor for Brightstar under an Engineering, Procurement and Construction (EPC) engag",https://cdn-api.markitdigital.com/apiman-gateway/ASX/asx-research/1.0/file/2924-03057266-6A1312381?access_token=83ff96335c2d45a094df02a206a39ff4
ADD,ADAVALE RESOURCES LIMITED,Acquisition of Adjacent Strategic Exploration Tenure,2026-02-17,Acquisition of Adjacent Strategic Exploration Tenure Adavale’s 100% acquisition of a strategic exploration tenure package adjacent and complementary to our Parkes Gold-Copper Project from Alkane Resources for 100% scrip.,https://cdn-api.markitdigital.com/apiman-gateway/ASX/asx-research/1.0/file/2924-03057148-2A1653849?access_token=83ff96335c2d45a094df02a206a39ff4
NVU,NANOVEU LIMITED,NVU Secures Exclusive License to Autonomous Drone Swarm IP,2026-02-17,"Nanoveu Limited Perth WA, 6000 Australia Nanoveu Secures Exclusive Evaluation License to Autonomous Drone Swarm Technologies Four complementary inventions to unlock multi drone GPS-free navigation and coordination in complex environments",https://cdn-api.markitdigital.com/apiman-gateway/ASX/asx-research/1.0/file/2924-03057250-6A1312374?access_token=83ff96335c2d45a094df02a206a39ff4
VNT,VENTIA SERVICES GROUP LIMITED,Ventia secures extension of Defence Maintenance Contract,2026-02-17,Ventia Services Group Ltd North Sydney NSW 2060 ASX and NZX Release Ventia secures extension of Defence Maintenance Contract Ventia Services Group Limited (ASX:VNT) announces a one-year extension of its Defence,https://cdn-api.markitdigital.com/apiman-gateway/ASX/asx-research/1.0/file/2924-03057087-2A1653877?access_token=83ff96335c2d45a094df02a206a39ff4
TM1,TERRA METALS LIMITED,High-Grade PGM Feeder System Confirmed at Southwest SW6,2026-02-17,"• Multiple wide intercepts confirm a potentially globally significant platinum group metal (“PGM”)–copper–nickel sulfide system at SW6 Prospect, Southwest • Drilling to date has defined mineralisation over an apparent thickness of >200m, remaining open at depth beyond 348m.",https://cdn-api.markitdigital.com/apiman-gateway/ASX/asx-research/1.0/file/2924-03057285-6A1312394?access_token=83ff96335c2d45a094df02a206a39ff4
PEC,PERPETUAL RESOURCES LIMITED,"High-Grade Caesium Results at Morro Grande, Brazil",2026-02-17,"Significant Caesium & Lithium Grades Confirmed at Morro Grande Prospect, Brazil Channel sampling results support refined targeting for subsequent drill program; Assays from Morro Grande confirm the significant prospectivity of the Igrejinha Project.",https://cdn-api.markitdigital.com/apiman-gateway/ASX/asx-research/1.0/file/2924-03057120-6A1312314?access_token=83ff96335c2d45a094df02a206a39ff4
KRR,KING RIVER RESOURCES LIMITED,KRR to acquire High-Grade Mindoolah Gold Project,2026-02-17,------------------------------------------------------------------------------------------------------------ Australian Securities Exchange Announcement 17 February 2026 ------------------------------------------------------------------------------------------------------------ King River Resources ,https://cdn-api.markitdigital.com/apiman-gateway/ASX/asx-research/1.0/file/2924-03057392-6A1312443?access_token=83ff96335c2d45a094df02a206a39ff4
NWM,NORWEST MINERALS LIMITED,Bulgera Phase 2 drilling results,2026-02-17,"Strong RC Drilling Results Extends Bulgera Gold Mineralisation at Depth PERTH, Western Australia - 17 February 2026 - Norwest Minerals Limited (ASX: NWM) (“Norwest” or “the Company”) is pleased to announce the receipt of gold assay results from its recently completed Phase 2 Reverse Circulation (RC)",https://cdn-api.markitdigital.com/apiman-gateway/ASX/asx-research/1.0/file/2924-03057233-6A1312362?access_token=83ff96335c2d45a094df02a206a39ff4
BC8,BLACK CAT SYNDICATE LIMITED,High-grade Antimony Results Continue - Mt Clement,2026-02-17,High-grade Antimony Results Continue - Mt Clement Black Cat Syndicate Limited (“Black Cat” or “the Company”) is pleased to provide an update on diamond drilling at the 100% owned Mt Clement Antimony Project (“Mt Clement”).,https://cdn-api.markitdigital.com/apiman-gateway/ASX/asx-research/1.0/file/2924-03057115-6A1312312?access_token=83ff96335c2d45a094df02a206a39ff4
AR1,AUSTRAL RESOURCES AUSTRALIA LTD,Lady Loretta Acquisition and Repayment of Rocklands Facility,2026-02-16,Austral Resources Australia Ltd (ASX:AR1) Austral to become debt free • Austral has entered into a binding document to complete the acquisition of Lady Loretta from Glencore • Austral to repay the Rocklands Facility provided by Glencore upon shareholder approval and completion of the Lady Loretta ac,https://cdn-api.markitdigital.com/apiman-gateway/ASX/asx-research/1.0/file/2924-03056861-2A1653739?access_token=83ff96335c2d45a094df02a206a39ff4
PLA,PACIFIC LIME AND CEMENT LIMITED,Cornerstone Quicklime Offtake with Newmont,2026-02-16,"Pacific Lime and Cement Secures Cornerstone Quicklime Offtake with Newmont Pacific Lime and Cement Limited (ASX: PLA, PNGX: PLC) (“PLC” or “the Company”) is pleased to announce that it has entered into a long-term quicklime offtake agreement with Newmont Corporation (“Newmont”), the world’s leading ",https://cdn-api.markitdigital.com/apiman-gateway/ASX/asx-research/1.0/file/2924-03056855-2A1653743?access_token=83ff96335c2d45a094df02a206a39ff4
MGT,MAGNETITE MINES LIMITED.,Ironback Hill REE Project Drilling Approvals Secured,2026-02-16,➢ Approvals received: Permitting and approvals have been secured and heritage clearances finalised for an initial drilling program at the Ironback Hill Rare Earth Element (REE) Project in South Australia.,https://cdn-api.markitdigital.com/apiman-gateway/ASX/asx-research/1.0/file/2924-03056794-6A1312167?access_token=83ff96335c2d45a094df02a206a39ff4
ACL,AUSTRALIAN CLINICAL LABS LIMITED,CEO contract update,2026-02-16,"Australian Clinical Labs Limited Registered Office: 1868-1892 Dandenong Road Clayton VIC 3168 clinicallabs.com.au Monday, 16 February 2026",https://cdn-api.markitdigital.com/apiman-gateway/ASX/asx-research/1.0/file/2924-03056732-3A687138?access_token=83ff96335c2d45a094df02a206a39ff4
VTM,VICTORY METALS LIMITED,PARTNERSHIP TO ESTABLISH AUSTRALIA AS A HREE LEADER,2026-02-16,"Victory Metals Limited (ASX:VTM) (""Victory"" or ""the Company"") is pleased to announce Curtin University and Victory have formed a strategic partnership to accelerate the development of Victory’s North Stanmore Heavy Rare Earth (HREE) and Strategic Defence Metal project, which will help supply Austral",https://cdn-api.markitdigital.com/apiman-gateway/ASX/asx-research/1.0/file/2924-03056767-6A1312156?access_token=83ff96335c2d45a094df02a206a39ff4
ERE,EUROPEAN RESOURCES LIMITED,Korsnas Project advanced by metallurgical results,2026-02-16,"Korsnäs Project advanced by metallurgical results • PT Geoservices completed screening test work (gravity, magnetic, sulphide flotation) on apatite and allanite-dominant samples prepared from coarse assay laboratory rejects from the Korsnäs REE Project’s hard rock mineralised system and Tailings Sto",https://cdn-api.markitdigital.com/apiman-gateway/ASX/asx-research/1.0/file/2924-03056783-2A1653712?access_token=83ff96335c2d45a094df02a206a39ff4
TG6,TG METALS LIMITED,"Drilling delivers thick, high grade gold at Van Uden",2026-02-16,"Drilling delivers thick, high grade gold at Van Uden ■ New assay results from infill resource drilling to materially add to the Van ■ New high tenor results include: ■ 30m @ 1.6 g/t Au ■ 13m @ 2.48 g/t Au ■ 15m @ 2.22 g/t Au ■ 13m @ 2.23 g/t Au ■ Successful 2025 drilling campaign has confirmed conti",https://cdn-api.markitdigital.com/apiman-gateway/ASX/asx-research/1.0/file/2924-03056759-6A1312148?access_token=83ff96335c2d45a094df02a206a39ff4
RMX,RED MOUNTAIN MINING LIMITED,RMX Commences Metallurgical Testwork at High-Grade Prospect,2026-02-16,"• Metallurgical test work has commenced for the Oaky Creek Antimony Prospect to accelerate progress at Red Mountain’s 100% owned Armidale Antimony-Gold Project in New South Wales • Detailed mineralogical characterisation and a comprehensive crush, grind and flotation study of a ~20kg representative ",https://cdn-api.markitdigital.com/apiman-gateway/ASX/asx-research/1.0/file/2924-03056724-6A1312130?access_token=83ff96335c2d45a094df02a206a39ff4
AQI,ALICANTO MINERALS LIMITED,Alicanto Completes Mt Henry Acquisition,2026-02-16,"Alicanto Completes the Acquisition of the Mt Henry Gold Project in WA Planning underway for upcoming 50,000m drilling program to grow the 915,000oz resource along the 16km corridor Alicanto Minerals Limited (ASX: AQI) (“Alicanto” or the “Company”) is pleased to advise that it has completed the acqui",https://cdn-api.markitdigital.com/apiman-gateway/ASX/asx-research/1.0/file/2924-03056716_PS-6A1312126?access_token=83ff96335c2d45a094df02a206a39ff4
PNN,POWER MINERALS LIMITED,FINAL SANTA ANNA  HIGH-GRADE REE & NB AUGER DRILL RESULTS,2026-02-16,Final high-grade niobium and rare earth auger drill results at the Santa Anna Project in Brazil Final results from Power Minerals’ shallow auger drilling program to a depth of 15m have been received with excellent high-grade results.,https://cdn-api.markitdigital.com/apiman-gateway/ASX/asx-research/1.0/file/2924-03056729-2A1653696?access_token=83ff96335c2d45a094df02a206a39ff4
TVN,TIVAN LIMITED,Key awards made for Molyhil Tungsten Project,2026-02-16,Key awards made for Molyhil Tungsten Project Scoping Study for mining & processing operation progressing in parallel to drill planning • Tivan is progressing a Scoping Study for a proposed mining and processing operation at its 100% owned Molyhil Tungsten Project (“Project”) in the Northern Territor,https://cdn-api.markitdigital.com/apiman-gateway/ASX/asx-research/1.0/file/2924-03056694-6A1312117?access_token=83ff96335c2d45a094df02a206a39ff4
FRS,FORRESTANIA RESOURCES LIMITED,Acquisition of MacPhersons Reward,2026-02-16,Forrestania Resources Ltd Phone +61 8 6555 2950 Subiaco WA 6008 ACN 647 899 698 ASX: FRS forrestaniaresources.com.au Forrestania Continues Coolgardie Hub Consolidation Through MacPhersons Reward Acquisition • Forrestania Resources has entered into a binding heads of agreement with Beacon,https://cdn-api.markitdigital.com/apiman-gateway/ASX/asx-research/1.0/file/2924-03056595_PS-6A1312083?access_token=83ff96335c2d45a094df02a206a39ff4
HTM,HIGH-TECH METALS LTD,Wagtail Returns 220g/t Au Bonanza Gold Hit from Drilling,2026-02-16,• Assay results from recently completed infill RC drilling at the high-grade Wagtail Gold Deposit continue to confirm strong grade continuity within the existing JORC (2012) Mineral Resource of 63kt @ 7.11 g/t Au for 14.6koz1.,https://cdn-api.markitdigital.com/apiman-gateway/ASX/asx-research/1.0/file/2924-03056771-6A1312155?access_token=83ff96335c2d45a094df02a206a39ff4
WTM,WARATAH MINERALS LIMITED,Strategic Acquisition expands Spur Gold Project,2026-02-16,Strategic Acquisition Expands Spur Gold • Binding agreement executed to acquire 100% of Mining Lease GL5828 (Ironclad) • Ironclad sits directly along strike from Waratah’s Spur and Consols gold discoveries • Numerous advanced drill-ready targets with strong gold intercepts in historical drilling • E,https://cdn-api.markitdigital.com/apiman-gateway/ASX/asx-research/1.0/file/2924-03056600-6A1312091?access_token=83ff96335c2d45a094df02a206a39ff4
AS2,ASKARI METALS LIMITED,High-Grade Mineralisation Intersected at Uis - DP Trenches,2026-02-16,"- Highly strategic, 100%-owned Uis Project located contiguous to the operating Uis Tin Mine, owned by Andrada Mining (LSE: ATM), which hosts a JORC (2012) MRE of 77.51Mt @ 0.79% Li2O, 0.15% Sn and 82 ppm Ta.",https://cdn-api.markitdigital.com/apiman-gateway/ASX/asx-research/1.0/file/2924-03056774-6A1312157?access_token=83ff96335c2d45a094df02a206a39ff4
AX8,ACCELERATE RESOURCES LIMITED,High Grade Manganese over 4km at Woodie Woodie North,2026-02-16,"• Multiple new high-grade manganese outcrops discovered grading up to 59.4% Mn (AA813) along newly defined 4km El Largo Corridor at AX8 wholly owned Woodie Woodie North Project, WA.",https://cdn-api.markitdigital.com/apiman-gateway/ASX/asx-research/1.0/file/2924-03056559-6A1312076?access_token=83ff96335c2d45a094df02a206a39ff4
HCH,HOT CHILI LIMITED,Shallow High-Grade Cu-Au Results Continue at La Verde,2026-02-16,Monday 16th February 2026 Shallow High-Grade Cu-Au Results Continue at La Verde Deeper Drilling Continues to Drive Expansion of High-Grade Core Core photo from DKD039 (709m downhole) showing vein-hosted and disseminated chalcopyrite (~3%) and pyrite (~2%) mineralisation in strongly veined tonalite h,https://cdn-api.markitdigital.com/apiman-gateway/ASX/asx-research/1.0/file/2924-03056563-6A1312079?access_token=83ff96335c2d45a094df02a206a39ff4
ICI,ICANDY INTERACTIVE LIMITED,LS strenghthens global partnerships amidst strategic review,2026-02-13,iCandy Interactive Limited iCandy – Proudly Ranked 25th of Australia’s Fastest Growing Companies 4 Bridge Street Sydney NSW 2000 Lemon Sky strengthens global partnership capability amidst strategic review,https://cdn-api.markitdigital.com/apiman-gateway/ASX/asx-research/1.0/file/2924-03056125-6A1311851?access_token=83ff96335c2d45a094df02a206a39ff4
MBK,METAL BANK LIMITED,MOU With Austral to Assess Toll Treatment of Millennium Ore,2026-02-13, MBK has signed a non-binding MOU with Austral to evaluate potential toll treatment of ore from MBK’s Millennium Project at Austral’s Rocklands processing facility  Rocklands is located approx.,https://cdn-api.markitdigital.com/apiman-gateway/ASX/asx-research/1.0/file/2924-03056160-3A687032?access_token=83ff96335c2d45a094df02a206a39ff4
TVN,TIVAN LIMITED,Tivan completes acquisition of Baucau and Ossu Projects,2026-02-13,"Tivan completes acquisition of Baucau and Ossu Projects Agreement signed for planned joint venture with Timorese state mining company Murak Rai • Tivan has completed acquisition of 100% of the Baucau and Ossu Projects in Timor-Leste, following execution of a Binding Term Sheet in November 2025.",https://cdn-api.markitdigital.com/apiman-gateway/ASX/asx-research/1.0/file/2924-03056115-6A1311860?access_token=83ff96335c2d45a094df02a206a39ff4
RXL,ROX RESOURCES LIMITED,EPC contractor engaged for Youanmi,2026-02-13,EPC contractor engaged for Youanmi MACA Interquip Mintrex engaged as preferred contractor to build processing plant WA gold exploration and development company Rox Resources Limited (“Rox” or “the Company”) (ASX: RXL) has engaged MACA Interquip Mintrex (“MIQM” or the “Contractor”) as the preferred c,https://cdn-api.markitdigital.com/apiman-gateway/ASX/asx-research/1.0/file/2924-03056056-6A1311827?access_token=83ff96335c2d45a094df02a206a39ff4
SQX,SQX RESOURCES LIMITED,Ground Position Doubled at Bonanza-Grade Gold-Silver Project,2026-02-13,"• Recent staking campaign more than doubles AM6’s ground position at the Williams Au-Ag Project, with 25 new claims increasing the total group to 45 claims.",https://cdn-api.markitdigital.com/apiman-gateway/ASX/asx-research/1.0/file/2924-03056020-2A1653376?access_token=83ff96335c2d45a094df02a206a39ff4
KAL,KALGOORLIE GOLD MINING LIMITED,"EIS diamond drilling results, Pinjin",2026-02-13,"Kirgella Gift diamond drilling intersects thick gold mineralisation, confirms primary gold extends at depth Kalgoorlie Gold Mining (ASX: KAL) (‘KalGold’ or ‘the Company’) is pleased to report thick gold intercepts and orogenic gold mineralisation below previous RC drilling at Kirgella Gift and Provi",https://cdn-api.markitdigital.com/apiman-gateway/ASX/asx-research/1.0/file/2924-03056024-6A1311837?access_token=83ff96335c2d45a094df02a206a39ff4
AGI,AINSWORTH GAME TECHNOLOGY LIMITED,Post-Close of Takeover Offers,2026-02-12,Ainsworth Game Technology Ltd Newington NSW 2127 Notice under ASX Listing Rule 3.4.2 Post-close of Novomatic AG Takeover Offer and Kjerulf David Hastings Ainsworth Proportional Ainsworth Game Technology Limited (ASX: AGI) (Ainsworth) refers to the off-market takeover offer by Novomatic AG (Novomatic,https://cdn-api.markitdigital.com/apiman-gateway/ASX/asx-research/1.0/file/2924-03055854-2A1653308?access_token=83ff96335c2d45a094df02a206a39ff4
MTM,METALLIUM LIMITED,NFM: Binding Option to Acquire 90% of Advanced Pomme REE,2026-02-12,"Binding Option to Acquire 90% of Advanced Pomme R EE Project in Quebec, Partnering with Metallium • Binding option and staged earn-in agreement executed to acquire 90% of the Pomme Project which is a large carbonatite-hosted REE-Nb Rare Earth Element (REE) Project in Québec • Strategic alignment and",https://cdn-api.markitdigital.com/apiman-gateway/ASX/asx-research/1.0/file/2924-03055755-6A1311708?access_token=83ff96335c2d45a094df02a206a39ff4
PHO,PHOSCO LTD,Excellent assays at SAB and KM,2026-02-12,"Excellent final assays pave way for maiden resources at KM and SAB prospects These prospects have potential to boost the upfront economics of Gasaat due to their high grade, thick mineralisation, low strip ratio, and proximity to the proposed plant • Outstanding final assays have been received for s",https://cdn-api.markitdigital.com/apiman-gateway/ASX/asx-research/1.0/file/2924-03055754-3A686968?access_token=83ff96335c2d45a094df02a206a39ff4
NFM,NEW FRONTIER MINERALS LIMITED,Binding Option to Acquire 90% of Advanced Pomme REE Project,2026-02-12,"Binding Option to Acquire 90% of Advanced Pomme R EE Project in Quebec, Partnering with Metallium • Binding option and staged earn-in agreement executed to acquire 90% of the Pomme Project which is a large carbonatite-hosted REE-Nb Rare Earth Element (REE) Project in Québec • Strategic alignment and",https://cdn-api.markitdigital.com/apiman-gateway/ASX/asx-research/1.0/file/2924-03055753-6A1311626?access_token=83ff96335c2d45a094df02a206a39ff4
ERE,EUROPEAN RESOURCES LIMITED,Outstanding Korsnas Drill Results and Metallurgy Update,2026-02-12,"Outstanding Korsnäs Drill Results and Metallurgy Update • Drilling completed: 6 diamond drill holes for 1,326.2m at Korsnäs REE Project, with the following targets tested: • 2 holes – Korsnäs mine area KR-311: 16.0m @ 2,390 ppm TREOi from 216m (NdPr enrichment ii25%) KR-312: 27.0m @ 3,767 ppm TREO f",https://cdn-api.markitdigital.com/apiman-gateway/ASX/asx-research/1.0/file/2924-03055729-2A1653253?access_token=83ff96335c2d45a094df02a206a39ff4
GG8,GORILLA GOLD MINES LTD,"Comet Vale POW's Granted, Soil Targets and Extra Tenure",2026-02-12,"Comet Vale Gold Project, WA Key drill permits granted to drive growth, new high-priority targets identified from soil sampling and adjacent tenure secured Key POW’s granted – unlocking further growth at Comet Vale - current",https://cdn-api.markitdigital.com/apiman-gateway/ASX/asx-research/1.0/file/2924-03055726-6A1311689?access_token=83ff96335c2d45a094df02a206a39ff4
GTI,GRATIFII LIMITED,Gratifii Announces Partnership with Marketplacer,2026-02-12,"Gratifii announces strategic partnership with Marketplacer to enhance loyalty and rewards marketplace • Five-year strategic partnership signed with Marketplacer, with option to extend for a further five years • Marketplacer’s enterprise-grade marketplace technology is used by global Tier-1 brands in",https://cdn-api.markitdigital.com/apiman-gateway/ASX/asx-research/1.0/file/2924-03055628-2A1653200?access_token=83ff96335c2d45a094df02a206a39ff4
ENP,ENTROPY NEURODYNAMICS LIMITED,Australian Patent Secures TRP 8803 Platform to 2042,2026-02-12,"Grant of Australian patent significantly strengthens TRP-8803’s IP position and long term competitive moat  Australian patent relating to novel, precision-controlled method of administering psilocybin, psilocin and related forms to treat a range of pain disorders has been granted  Protects the cor",https://cdn-api.markitdigital.com/apiman-gateway/ASX/asx-research/1.0/file/2924-03055640-6A1311662?access_token=83ff96335c2d45a094df02a206a39ff4
TOR,TORQUE METALS LIMITED..,20m at 5.8g/t Gold in Paris as High-Grade System Grows,2026-02-12,"ALONG-STRIKE CONTINUITY, NEW MINERALISED STRUCTURES AND DHEM VECTORING REINFORCES • Extensional drilling targeting along strike continuity delivers a standout intercept of: ✓ 20m @ 5.8 g/t gold from 222m, including 7m @ 13.5 g/t gold from 225m in 26PRC205 • Paris confirmed as multi-lode gold system ",https://cdn-api.markitdigital.com/apiman-gateway/ASX/asx-research/1.0/file/2924-03055655-6A1311663?access_token=83ff96335c2d45a094df02a206a39ff4
AM5,ANTARES METALS LIMITED,High-Grade Copper-Gold Mineralisation at Startle and Astound,2026-02-12,"High-Grade Copper-Gold Mineralisation at Startle and Astound Prospects Rock chip samples return up to 27% Cu and 2.66 g/t Au at Mt Isa North Project, Queensland Key Highlights: • Rock chip sampling at the Startle and Astound prospects returned exceptional grades up to",https://cdn-api.markitdigital.com/apiman-gateway/ASX/asx-research/1.0/file/2924-03055567-6A1311628?access_token=83ff96335c2d45a094df02a206a39ff4
CNB,CARNABY RESOURCES LIMITED,Shallow High Grade Results Bolster Trek 1 - 7m @ 8.9% CuEq,2026-02-12,7m @ 8.9% CuEq from 35m Shares on Issue 276.1M Market Cap (@ 47 cents) $130M AND 13m @ 5.1% CuEq from 26m Cash $16.0M1 1As at 31 December 2025.,https://cdn-api.markitdigital.com/apiman-gateway/ASX/asx-research/1.0/file/2924-03055699-6A1311675?access_token=83ff96335c2d45a094df02a206a39ff4
CZR,CZR RESOURCES LTD,Croydon Gold Project - Strong Initial Gold Assay Results,2026-02-12,"CZR Resources Ltd West Perth Western Australia 6005 Website: www.czrresources.com The Company Announcements Office, ASX Limited 12 February, 2026 Croydon Gold Project, Pilbara Assays including 51m at 1.3g/t support the",https://cdn-api.markitdigital.com/apiman-gateway/ASX/asx-research/1.0/file/2924-03055706-6A1311682?access_token=83ff96335c2d45a094df02a206a39ff4
RTR,RUMBLE RESOURCES LIMITED,High Grade Gold Intercept Extends Western Queen South 500m,2026-02-12,High-grade gold intercept extends Western Queen South mineralisation to over 500m down plunge Early drilling at Western Queen Central continues to deliver exceptional intercepts including 6.3m @ 24.88 g/t Au from 305m • Extensional drilling at Western Queen South has extended high-grade mineralisati,https://cdn-api.markitdigital.com/apiman-gateway/ASX/asx-research/1.0/file/2924-03055563-6A1311625?access_token=83ff96335c2d45a094df02a206a39ff4
AIS,AERIS RESOURCES LIMITED,STRATEGIC ACQUISITION OF PEEL MINING PRESENTATION,2026-02-12,Strategic Acquisition of Reinforcing Aeris as a leading Australian mid-tier copper and gold producer Not for release to US wire services or distribution in the United States This investor presentation has been prepared by Aeris Resources Limited FINANCIAL INFORMATION Forward-looking statements are b,https://cdn-api.markitdigital.com/apiman-gateway/ASX/asx-research/1.0/file/2924-03055733-6A1311692?access_token=83ff96335c2d45a094df02a206a39ff4
BC8,BLACK CAT SYNDICATE LIMITED,Broad high-grades outside the Resource - Paulsens,2026-02-12,Broad high-grades outside the Resource - Paulsens Black Cat Syndicate Limited (“Black Cat” or “the Company”) is pleased to provide an update on drilling activities at the 100% owned Paulsens Gold Operation (“Paulsens”).,https://cdn-api.markitdigital.com/apiman-gateway/ASX/asx-research/1.0/file/2924-03055562-6A1311636?access_token=83ff96335c2d45a094df02a206a39ff4
MEI,METEORIC RESOURCES NL,Pilot Plant Delivering Outstanding Recoveries and MREC,2026-02-11,Pilot Plant Delivering Outstanding Recoveries and MREC Production Meteoric Resources NL (ASX: MEI) (Meteoric or the Company) is pleased to provide an update on the production performance at its recently commissioned Mixed Rare Earth Carbonate (MREC) Pilot Plant at the Caldeira Rare Earth Project (Ca,https://cdn-api.markitdigital.com/apiman-gateway/ASX/asx-research/1.0/file/2924-03055314-6A1311517?access_token=83ff96335c2d45a094df02a206a39ff4
NAE,NEW AGE EXPLORATION LIMITED,New Drill Assays Support Gold Discovery at Wagyu,2026-02-11,"ASX: NAE 11 February 2026 New Drill Assays Support the Discovery of an Intrusion-Related Gold System at Wagyu • First round of assay results received from the recently completed 4,034m RC Drill Program at NAE’s Wagyu Gold Project support the discovery of a Hemi-Style intrusion- related system1 at Wa",https://cdn-api.markitdigital.com/apiman-gateway/ASX/asx-research/1.0/file/2924-03055319-3A686887?access_token=83ff96335c2d45a094df02a206a39ff4
KAU,KAISER REEF LIMITED,Union Hill Waste Dump Drilling Results & Stockpile Estimate,2026-02-11,Kaiser Reef Limited (ASX: KAU) (“Kaiser” or “the Company”) is pleased to announce results of the recent drilling program targeting the historical Union Hill waste dumps at the Maldon Gold Project and an estimate of the stockpile material.,https://cdn-api.markitdigital.com/apiman-gateway/ASX/asx-research/1.0/file/2924-03055287-6A1311508?access_token=83ff96335c2d45a094df02a206a39ff4
ECS,ECS BOTANICS HOLDINGS LTD,ECS Enters German Distribution Partnership with OzSun,2026-02-11,"ECS Botanics Holdings Ltd (ASX:ECS) ECS Enters German Distribution Partnership with Nimbus Health; OzSun Launch Imminent ECS Botanics Holdings Ltd (ASX: ECS) (“ECS” or the “Company”), a leading medicinal cannabis company, is pleased to advise that the Company has secured a strategic distribution par",https://cdn-api.markitdigital.com/apiman-gateway/ASX/asx-research/1.0/file/2924-03055296-6A1311509?access_token=83ff96335c2d45a094df02a206a39ff4
MGU,MAGNUM MINING AND EXPLORATION LIMITED,POTENTIAL LARGE-SCALE IONIC ADSORPTION CLAY REE DISCOVERY,2026-02-11,"All 13 first-pass auger holes drilled to a maximum 14m depth have intersected near-surface REE mineralisation, within a thick clay section and every hole ending in REE mineralisation.",https://cdn-api.markitdigital.com/apiman-gateway/ASX/asx-research/1.0/file/2924-03055239-6A1311468?access_token=83ff96335c2d45a094df02a206a39ff4
TM1,TERRA METALS LIMITED,New Thick Ti-V-Ga Discovery Across Southwest SW3 and SW4,2026-02-11,"• New results have confirmed a large, thick titanium–vanadium–gallium (“Ti-V-Ga”) discovery at SW3 and SW4 targets within the Southwest Prospect, part of the larger Dante Project.",https://cdn-api.markitdigital.com/apiman-gateway/ASX/asx-research/1.0/file/2924-03055275-6A1311504?access_token=83ff96335c2d45a094df02a206a39ff4
ABB,AUSSIE BROADBAND LIMITED,ABB acquires AGL Telco assets & enters strategic partnership,2026-02-11,"Aussie Broadband acquires AGL Telco assets and enters strategic partnership to drive future growth Aussie Broadband Group (ASX:ABB) has signed an agreement to acquire the telecommunications business of AGL Energy Limited (ASX:AGL) (‘AGL Telco’), including its customer assets.",https://cdn-api.markitdigital.com/apiman-gateway/ASX/asx-research/1.0/file/2924-03055165-3A686858?access_token=83ff96335c2d45a094df02a206a39ff4
TVN,TIVAN LIMITED,Tivan delivers maiden drilling results at Sandover Fluorite,2026-02-11,Ultra high-grade assay results returned from maiden drilling program at the Sandover Fluorite Project • Assays results from Tivan’s maiden drilling program at the Sandover Fluorite Project in the NT undertaken in Q4 2025 have returned ultra high-grade fluorite results across multiple drill holes.,https://cdn-api.markitdigital.com/apiman-gateway/ASX/asx-research/1.0/file/2924-03055208-6A1311482?access_token=83ff96335c2d45a094df02a206a39ff4
LIN,LINDIAN RESOURCES LIMITED,Drilling Resource Upgrades To Define Stage Two Metrics,2026-02-11,• Stage 2 resource definition drilling underway to define the Stage 2 pit design and mine scheduling. • Target: purpose of drilling is to convert ~20–40 Mt from Inferred to Indicated within the current resource footprint (subject to drilling outcomes and Competent Person review).,https://cdn-api.markitdigital.com/apiman-gateway/ASX/asx-research/1.0/file/2924-03055140-6A1311454?access_token=83ff96335c2d45a094df02a206a39ff4
BPM,BPM MINERALS LIMITED,Key Bonnie & Clyde Tenement Granted,2026-02-11,"11th February 2026 Key Bonnie & Clyde Tenement Granted and Further Geological Review Enhances Tropicana-style Potential BPM Minerals Ltd (ASX: BPM) (‘BPM’ or ‘the Company’) is pleased to report the key E28/3543 tenement, which Hosts the Bonnie & Clyde Prospects, has been granted.",https://cdn-api.markitdigital.com/apiman-gateway/ASX/asx-research/1.0/file/2924-03055141-6A1311455?access_token=83ff96335c2d45a094df02a206a39ff4
FMR,FMR RESOURCES LIMITED,First Goshen Assays Confirm Mineralised System,2026-02-11,First Goshen Assays Confirm Mineralised System First assays have been received from the drilling completed at Goshen in Q4 2025 Shallow copper mineralisation confirmed in GSH-25-001 with intersections of: o 7m at 0.47% copper incl.,https://cdn-api.markitdigital.com/apiman-gateway/ASX/asx-research/1.0/file/2924-03055129-6A1311444?access_token=83ff96335c2d45a094df02a206a39ff4
SXE,SOUTHERN CROSS ELECTRICAL ENGINEERING LTD,Contract awards totalling $75m,2026-02-11,"Contract awards totalling $75m • Awards received totalling $75m • Works in Western Australia, New South Wales, and the ACT Southern Cross Electrical Engineering Limited (“SCEE Group”) is pleased to announce that various subsidiaries have received a range of awards totalling $75m as follows.",https://cdn-api.markitdigital.com/apiman-gateway/ASX/asx-research/1.0/file/2924-03055096-6A1311435?access_token=83ff96335c2d45a094df02a206a39ff4
CRS,CAPRICE RESOURCES LTD,Drilling Confirms Extensions to High-Grade Gold at Vadrians,2026-02-11,"Caprice Resources Ltd (ASX: CRS) (Caprice or the Company) is pleased to report further reverse circulation (RC) and diamond drilling results from the Island Gold Project (IGP, Island or the Project).",https://cdn-api.markitdigital.com/apiman-gateway/ASX/asx-research/1.0/file/2924-03055094-6A1311433?access_token=83ff96335c2d45a094df02a206a39ff4
GRV,GREENVALE ENERGY LTD,Regional Discovery Potential,2026-02-11, Sentinel-2 multi-spectral data covering the entire exploration area surrounding the Oasis deposit has been acquired and analysed.,https://cdn-api.markitdigital.com/apiman-gateway/ASX/asx-research/1.0/file/2924-03055281-2A1653037?access_token=83ff96335c2d45a094df02a206a39ff4
D3E,D3 ENERGY LIMITED,New Technical Cooperation Permit awarded adjacent to ER315,2026-02-11,_________________________________________________________________________________ • Award of new Technical Cooperation Permit (TCP273) expanding D3 Energy’s footprint in the world-class Free State helium province • Strategic addition of TCP273 strengthens the Company’s portfolio alongside its flagsh,https://cdn-api.markitdigital.com/apiman-gateway/ASX/asx-research/1.0/file/2924-03055132-6A1311471?access_token=83ff96335c2d45a094df02a206a39ff4
ESR,ESTRELLA RESOURCES LIMITED,Werumata Limestone Initial Assays,2026-02-11,"➔ Assay results of samples from WLR001 – WLR011 received, representing approximately 25% of the samples collected from the drilling programme completed at Werumata in 2025.",https://cdn-api.markitdigital.com/apiman-gateway/ASX/asx-research/1.0/file/2924-03055264-6A1311503?access_token=83ff96335c2d45a094df02a206a39ff4
ARD,ARGENT MINERALS LIMITED,Further Surface High-Grade Gold Results at Trunkey Creek,2026-02-11,"Argent Minerals Limited E: info@argentminerals.com.au West Perth WA 6005 ASX: ARD 11th February 2026 High-grade gold rock chips up to 73.3 g/t Au returned over historical workings. • Trunkey Creek Project, NSW returns exceptional rock chip results, including:",https://cdn-api.markitdigital.com/apiman-gateway/ASX/asx-research/1.0/file/2924-03055151-6A1311464?access_token=83ff96335c2d45a094df02a206a39ff4
IVG,INVERT GRAPHITE LIMITED,Drilling Confirms High-Grade Graphite at Kumba,2026-02-11,Diamond and RC Drilling Confirms High-Grade Graphite at Kumba Over 21% TGC from diamond drilling at Morogoro • Results from four Diamond Drilling (DD) and a further seven Reverse Circulation (RC) drill holes at the Kumba prospect in Morogoro have returned wide zones of graphite from surface includin,https://cdn-api.markitdigital.com/apiman-gateway/ASX/asx-research/1.0/file/2924-03055212-2A1653007?access_token=83ff96335c2d45a094df02a206a39ff4
AHK,ARK MINES LIMITED,MoU Signed for Rare Earths Processing Trial,2026-02-10,ASX: AHK | 10 February 2026 RARE EARTH DISCOVERIES MoU Signed for Rare Earths Processing Trial • Memorandum of Understanding (MoU) executed to undertake a processing trial of monazite ore from the Sandy Mitchell Rare Earths Project in Queensland.,https://cdn-api.markitdigital.com/apiman-gateway/ASX/asx-research/1.0/file/2924-03054843-2A1652791?access_token=83ff96335c2d45a094df02a206a39ff4
EMH,EUROPEAN METALS HOLDINGS LIMITED,Key Approval for the Cinovec Project,2026-02-10,"Key Approval for the Cinovec Project European Metals Holdings Limited (ASX and AIM: EMH, OTCQX: EMHXY/EMHLF) (“European Metals” or the “Company”) is pleased to announce that Geomet s.r.o.",https://cdn-api.markitdigital.com/apiman-gateway/ASX/asx-research/1.0/file/2924-03054775-6A1311308?access_token=83ff96335c2d45a094df02a206a39ff4
BML,BOAB METALS LIMITED,Final Works Approval Received for Sorby Hills Construction,2026-02-10,"Boab Metals Receives Final Works Approval for Construction of the Sorby Hills Project Boab Metals Limited (ASX: BML) is pleased to advise that it has received its Part V Works Approval under the Environmental Protection Act 1986 (WA) for the Sorby Hills Silver-lead-Zinc Project, located in the East ",https://cdn-api.markitdigital.com/apiman-gateway/ASX/asx-research/1.0/file/2924-03054718-6A1311288?access_token=83ff96335c2d45a094df02a206a39ff4
SRZ,STELLAR RESOURCES LIMITED,Stellar Completes Granite Tor Tin Project Acquisition,2026-02-10,Stellar Completes Granite Tor Acquisition in Tasmania’s World Class Tin Province • Stellar has been notified by Mineral Resources Tasmania (MRT) of the transfer of the Granite Tor Tin Project (EL6/2023) to the Company.,https://cdn-api.markitdigital.com/apiman-gateway/ASX/asx-research/1.0/file/2924-03054735-3A686773?access_token=83ff96335c2d45a094df02a206a39ff4
ACE,ACUSENSUS LIMITED.,Multi-function enforcement contract expansion in WA,2026-02-10,"Multi-function enforcement contract expansion in Western Australia ● Expansion and extension of the agreement with the WA Road Safety Commission (originally signed in October 2024) for multi-function enforcement services, doubling the number of trailer-based enforcement units contracted ● Six additi",https://cdn-api.markitdigital.com/apiman-gateway/ASX/asx-research/1.0/file/2924-03054700-2A1652721?access_token=83ff96335c2d45a094df02a206a39ff4
OMA,OMEGA OIL & GAS LIMITED,OMA Awarded Large New Taroom Trough Acreage Setting Up 2026,2026-02-10,"A dynamic Australian exploration company with a focus on unlocking oil and gas resources in Queensland’s Taroom Trough. Omega Awarded Large New Taroom Trough Acreage Setting Up a Transformational 2026 Extensive Acreage Position with Strong, Fast-Moving Joint Venture Partners",https://cdn-api.markitdigital.com/apiman-gateway/ASX/asx-research/1.0/file/2924-03054705-2A1652723?access_token=83ff96335c2d45a094df02a206a39ff4
PLS,PLS GROUP LIMITED,PLS executes offtake agreement with Canmax,2026-02-10,PLS executes offtake agreement with Canmax – includes price floor and prepayment PLS Group Limited (ASX: PLS) (PLS or the Company) is pleased to announce that it has executed a multi- year offtake agreement with Canmax Technologies Co.,https://cdn-api.markitdigital.com/apiman-gateway/ASX/asx-research/1.0/file/2924-03054671-6A1311265?access_token=83ff96335c2d45a094df02a206a39ff4
WTM,WARATAH MINERALS LIMITED,High Gold Recoveries at Spur Zone - Geometallurgical Results,2026-02-10,"High Gold Recoveries at Spur Zone in Geometallurgical Results • High gold recoveries of over 90% (90-97%) by gravity and conventional leaching indicated by early- stage test work on samples from the Spur Zone • Coarse, free milling gold in grain sizes up to 688 µm confirmed • Gravity recovery rangin",https://cdn-api.markitdigital.com/apiman-gateway/ASX/asx-research/1.0/file/2924-03054687-6A1311269?access_token=83ff96335c2d45a094df02a206a39ff4
SGM,SIMS LIMITED,Acquisition of Tri Coastal Trading,2026-02-10,"Tri-Coastal Acquisition Structurally improves NAM’s ability to service domestic and international customers at higher, more resilient margins.",https://cdn-api.markitdigital.com/apiman-gateway/ASX/asx-research/1.0/file/2924-03054654-2A1652698?access_token=83ff96335c2d45a094df02a206a39ff4
ELV,ELEVRA LITHIUM LIMITED,Elevra signs Non-Binding Offtake MOU with Mangrove Lithium,2026-02-10,"Elevra Signs Non-Binding Memorandum of Understanding for Spodumene Concentrate offtake with Mangrove North American lithium producer Elevra Lithium Limited (“Elevra”) (ASX:ELV; NASDAQ:ELVR) is pleased to announce that it has signed a non-binding Memorandum of Understanding (""MoU"") to supply Mangrove",https://cdn-api.markitdigital.com/apiman-gateway/ASX/asx-research/1.0/file/2924-03054630-2A1652692?access_token=83ff96335c2d45a094df02a206a39ff4
ENV,ENOVA MINING LIMITED,DISCOVERY OF SURFACE IONIC ADSORPTION REE MINERALISATION,2026-02-10, Initial assay results from diamond drilling at the East Salinas Project confirms rare earth element (REE) ionic adsorption (IAC) style enrichment within thick surface saprolite that are amenable to IAC1 leaching  Assay results have been received from the first four diamond holes of a 14-hole prog,https://cdn-api.markitdigital.com/apiman-gateway/ASX/asx-research/1.0/file/2924-03054646-3A686754?access_token=83ff96335c2d45a094df02a206a39ff4
CAV,CARNAVALE RESOURCES LIMITED,Mining Lease granted at Kookynie,2026-02-10,"Mining Lease granted at Kookynie Carnavale Resources Ltd (“Carnavale” or the “Company”) is pleased to advise that the Mining Lease M40/362, that hosts all the Kookynie Gold Project (KGP) resources has been granted.",https://cdn-api.markitdigital.com/apiman-gateway/ASX/asx-research/1.0/file/2924-03054639-6A1311241?access_token=83ff96335c2d45a094df02a206a39ff4
NAG,NAGAMBIE RESOURCES LIMITED,Update - Proposed Alkane and Nagambie Joint Venture (ANJV),2026-02-09,"Update: Proposed Alkane and Nagambie Joint Venture (ANJV) Nagambie Resources Limited (ASX: NAG) (Nagambie or the Company) provides the following update regarding the proposed joint venture with Mandalay Resources Costerfield Operations Pty Ltd, a 100% subsidiary of Alkane Resources Ltd (Alkane) (ANJ",https://cdn-api.markitdigital.com/apiman-gateway/ASX/asx-research/1.0/file/2924-03054500-3A686741?access_token=83ff96335c2d45a094df02a206a39ff4
PSL,PATERSON RESOURCES LTD,Initial Assays Confirm Zones of Shallow Gold Mineralisation,2026-02-09,"Initial Assays Confirm Wide Zones of Shallow Gold Mineralisation at Grace Gold-Copper Project • Assay results for five (out of 18) drill-holes from Phase I of the comprehensive 8,500m* RC drilling campaign at the Grace Gold-Copper Project confirmed shallow zones of wide gold mineralisation within a ",https://cdn-api.markitdigital.com/apiman-gateway/ASX/asx-research/1.0/file/2924-03054373-6A1311130?access_token=83ff96335c2d45a094df02a206a39ff4
RR1,REACH RESOURCES LIMITED,Excellent Metallurgical Results,2026-02-09,"Excellent Metallurgical Results Support Toll Milling Potential • Gold recoveries of 95.2%-97.4% achieved via gravity/cyanide leach at P 106µm across three composites representative of early production • Test conditions reflect those of nearby toll and ore-purchase facilities, with all tests complete",https://cdn-api.markitdigital.com/apiman-gateway/ASX/asx-research/1.0/file/2924-03054339-6A1311113?access_token=83ff96335c2d45a094df02a206a39ff4
AUZ,AUSTRALIAN MINES LIMITED,Exceptional scandium grades from Flemington,2026-02-09,"Flemington Project: Assays Confirm Exceptional Near-Surface Scandium and Expansion Potential Australian Mines Limited (ASX: AUZ) (“Australian Mines” or “the Company”) is pleased to report results from aircore drilling at the Flemington Project, confirming expansion potential and broad, exceptional, ",https://cdn-api.markitdigital.com/apiman-gateway/ASX/asx-research/1.0/file/2924-03054331-2A1652538?access_token=83ff96335c2d45a094df02a206a39ff4
FG1,FLYNN GOLD LIMITED,Exceptional Tungsten Assays up to 14.75% WO3 at Gorge Creek,2026-02-09,"JOIN FLYNN GOLD’S INTERACTIVE INVESTOR HUB to interact with Flynn’s announcements and updates by asking questions or making comments which our team will respond to where possible Exceptional Tungsten Assays of up to 14.75% WO at Gorge Creek, • Significant high-grade tungsten results of up to 14.75% ",https://cdn-api.markitdigital.com/apiman-gateway/ASX/asx-research/1.0/file/2924-03054318-3A686710?access_token=83ff96335c2d45a094df02a206a39ff4
TG6,TG METALS LIMITED,Lithium Recovery Patent Application Filed,2026-02-09,Lithium Recovery Patent Application Filed ■ TG Metals has developed technology that materially enhances the recovery and quality of spodumene concentrates for both DMS and ■ A provisional patent application has been lodged - securing the intellectual property rights for this technology ■ The technol,https://cdn-api.markitdigital.com/apiman-gateway/ASX/asx-research/1.0/file/2924-03054317-6A1311104?access_token=83ff96335c2d45a094df02a206a39ff4
WGR,WESTERN GOLD RESOURCES LIMITED.,Pre-mining Works Contract and Mine Operator Appointment,2026-02-09,"Date 9th February 2026 Gold Duke Project Pre Mining Works Letter of Award, DWER Approval and Mine Operator Appointed • Letters of Award executed with SSH Mining Australia Pty Ltd (subsidiary of SSH Group Ltd (ASX:SSH)) to commence pre-mining works at the Gold",https://cdn-api.markitdigital.com/apiman-gateway/ASX/asx-research/1.0/file/2924-03054307-6A1311089?access_token=83ff96335c2d45a094df02a206a39ff4
BWN,BHAGWAN MARINE LIMITED,Bhagwan Marine Acquisition of Riverside Marine,2026-02-09,"Bhagwan Delivers on Growth Strategy with Acquisition of Riverside Marine Australian marine solutions company, Bhagwan Marine Limited (ASX: BWN) (Bhagwan or the Company), is pleased to announce that it has entered into a share sale and purchase agreement (Agreement) to acquire 100% of Riverside Marin",https://cdn-api.markitdigital.com/apiman-gateway/ASX/asx-research/1.0/file/2924-03054277-6A1311016?access_token=83ff96335c2d45a094df02a206a39ff4
GDR,GOLDEN DRAGON MINING LTD,High Grade Gold Close to Surface at Coodardy,2026-02-09,"Date: 9/02/2026 High Grade Gold Close to Surface at Coodardy Golden Dragon Mining Ltd (‘Golden Dragon’ or ‘Company’) is pleased to announce that the first phase of Reverse Circulation (RC) drilling has intersected high-grade gold close to surface at Coodardy, one of Golden Dragon’s advanced gold tar",https://cdn-api.markitdigital.com/apiman-gateway/ASX/asx-research/1.0/file/2924-03054289-3A686705?access_token=83ff96335c2d45a094df02a206a39ff4
I88,INFINI RESOURCES LIMITED,Assays Confirm Uranium System at Portland Creek,2026-02-09,"Released 9 February 2026 Assays Confirm Structurally Controlled Uranium System at Portland Creek First batch of assay results received from the Phase 2 drilling program at the Portland Creek Uranium Project, covering holes PCDD25-007 to PCDD25-018 (excluding -011A).",https://cdn-api.markitdigital.com/apiman-gateway/ASX/asx-research/1.0/file/2924-03054265-6A1311084?access_token=83ff96335c2d45a094df02a206a39ff4
PNN,POWER MINERALS LIMITED,HIGH-GRADE NIOBIUM AND RARE EARTH RESULTS CONTINUE IN BRAZIL,2026-02-09,"▪ Latest assays in Power’s ongoing auger drilling program at the Santa Anna Project in Brazil have returned exceptionally high-grade results over a total sampled interval of 81.0m: • 14m at 6,081 ppm TREO from surface to EOH, including 3m at 15,436 ppm (or 1.54%) TREO from 11m in drillhole MN-TM-057",https://cdn-api.markitdigital.com/apiman-gateway/ASX/asx-research/1.0/file/2924-03054245-2A1652514?access_token=83ff96335c2d45a094df02a206a39ff4
ASL,ANDEAN SILVER LIMITED,Drilling continues to intersect high-grade at Cerro Bayo,2026-02-09,"Cerro Bayo Silver-Gold Project, Chile Drilling continues to intersect significant mineralisation ahead of resource update One of the thickest intersections to date within 500m of the mill; Infill drilling also underway to upgrade more of the resource to support restart studies Details of Latest Dril",https://cdn-api.markitdigital.com/apiman-gateway/ASX/asx-research/1.0/file/2924-03054243-6A1311074?access_token=83ff96335c2d45a094df02a206a39ff4
1AI,ALGORAE PHARMACEUTICALS LIMITED,Algorae Signs License and Supply Agreement with Cadila,2026-02-09,ASX: 1AI |9 February 2026  Algorae finalises Licence & Supply Agreement (“LSA”) with Cadila Pharmaceuticals to launch two generic medicines targeting cardiovascular and metabolic disorders in Australia and New Zealand (“ANZ”).,https://cdn-api.markitdigital.com/apiman-gateway/ASX/asx-research/1.0/file/2924-03054222-2A1652507?access_token=83ff96335c2d45a094df02a206a39ff4
RML,RESOLUTION MINERALS LTD,New Gold Discovery at Golden Gate South,2026-02-09,"New gold discovery at Golden Gate South confirms a second mineralised shear zone, expanding the Golden Gate system beyond the established Golden Gate North deposit.",https://cdn-api.markitdigital.com/apiman-gateway/ASX/asx-research/1.0/file/2924-03054237-2A1652508?access_token=83ff96335c2d45a094df02a206a39ff4
MEM,MEMPHASYS LIMITED.,Memphasys Secures TGA Approval for Felix System,2026-02-09,"Memphasys Secures TGA Approval for Felix™ System, Unlocking Commercial Sales in • Felix™ System approved by the Therapeutic Goods Administration (TGA) and included on the Australian Register of Therapeutic Goods (ARTG) • Approval granted approximately two months ahead of previously guided timeframe ",https://cdn-api.markitdigital.com/apiman-gateway/ASX/asx-research/1.0/file/2924-03054203-3A686683?access_token=83ff96335c2d45a094df02a206a39ff4
CGF,CHALLENGER LIMITED,Response to speculation on acquisition of Pepper Money,2026-02-09,"Response to speculation on acquisition of Challenger Limited (ASX: CGF), in response to recent media speculation, confirms that it has been engaging in discussions relating to a potential transaction that would involve partnering with Pepper Group ANZ HoldCo Limited (Pepper Group) to jointly acquire",https://cdn-api.markitdigital.com/apiman-gateway/ASX/asx-research/1.0/file/2924-03054181-2A1652483?access_token=83ff96335c2d45a094df02a206a39ff4
WYX,WESTERN YILGARN NL,Surface Assay Results confirm High-Grade Gallium-Tellurium,2026-02-09,"High-Grade Gallium-Tellurium Discovery over E36/1046 Ida Holmes Junction Project, Western Australia • Western Yilgarn’s ground reconnaissance rock chip program at the Ida Holmes Junction Project, located approximately 50 kilometres southwest of Gold Fields’ Agnew Gold Mine in Western Australia, has ",https://cdn-api.markitdigital.com/apiman-gateway/ASX/asx-research/1.0/file/2924-03054163-6A1311041?access_token=83ff96335c2d45a094df02a206a39ff4
LM8,LUNNON METALS LIMITED,"Contracts Signed, Mining Commences at Lady Herial",2026-02-09,"• Contracts signed with Hampton Mining & Civil Services and Goldfields Technical • Clearing and site establishment has commenced, mining of first benches imminent • Lady Herial will be: o the first new mine, gold or nickel, on the Foster belt for over 30 years; and o the first open pit on land at St",https://cdn-api.markitdigital.com/apiman-gateway/ASX/asx-research/1.0/file/2924-03054144-6A1311025?access_token=83ff96335c2d45a094df02a206a39ff4
DRE,DREADNOUGHT RESOURCES LTD,High Grade Gold Upgrades from Mangaroon Au,2026-02-09,"Unit 1, 4 Burgay Court, Osborne Park, WA 6017 info@dreres.com.au High Grade Gold Upgrades from Mangaroon Au • The Minga Bar shear zone is a major camp scale target at Mangaroon Gold.",https://cdn-api.markitdigital.com/apiman-gateway/ASX/asx-research/1.0/file/2924-03054160-6A1311034?access_token=83ff96335c2d45a094df02a206a39ff4
AZI,ALTAMIN LIMITED,Retrospective Environmental Approval for Gorno Permit,2026-02-09," The Italian Ministry of Environment and Energy Security has issued a positive retrospective Environmental Impact Assessment (EIA) for the Cime exploration permit (Cime EL) at the  EIA approval incorporates favourable opinions from all relevant national, regional and cultural authorities and enhan",https://cdn-api.markitdigital.com/apiman-gateway/ASX/asx-research/1.0/file/2924-03054140-6A1311021?access_token=83ff96335c2d45a094df02a206a39ff4
OLY,OLYMPIO METALS LIMITED,Bousquet High Grade Soils Confirm New Priority Gold Target,2026-02-09,9th February 2026 • Successful maiden soil sampling program with gold in soils up to 0.58 g/t Au and pathfinder trend delineated at the T1 Target • T1 Target comprises a prospective tonalite intrusion with historical drilling intersecting 105.0m @ 0.22 g/t Au from 150m (TMN-03-08)1 • Structural unde,https://cdn-api.markitdigital.com/apiman-gateway/ASX/asx-research/1.0/file/2924-03054139-6A1311020?access_token=83ff96335c2d45a094df02a206a39ff4
MEG,MEGADO MINERALS LTD,Iberian Copper Project Investigation Permits Awarded,2026-02-09,Iberian Copper Project Investigation Permits Awarded • Investigation Permits awarded for flagship Iberian Copper Project • Airborne magnetic survey to commence shortly across entire project area of 956.1km2 • Induced Polarisation (IP) / Resistivity survey planned for historic Mina Emila mine area • ,https://cdn-api.markitdigital.com/apiman-gateway/ASX/asx-research/1.0/file/2924-03054183-6A1311056?access_token=83ff96335c2d45a094df02a206a39ff4
HMG,HAMELIN GOLD LIMITED,High Grade Aurora Gold Lode at Day Dawn Project,2026-02-09,High‑Grade Aurora Gold Lode at Day Dawn Project Hamelin Gold Limited (ASX:HMG) (“Hamelin” or “the Company”) advises a detailed review of historical drilling datasets has resulted in the identification of the high-grade Aurora gold lode at the Day Dawn Project in the Paterson Province of Western Aust,https://cdn-api.markitdigital.com/apiman-gateway/ASX/asx-research/1.0/file/2924-03054133-6A1311015?access_token=83ff96335c2d45a094df02a206a39ff4
BWN,BHAGWAN MARINE LIMITED,Investor Presentation on the Acquisition of Riverside Marine,2026-02-09,Riverside Marine Image: Rivtow Operated Tugs Summary information and must not be relied upon as such.,https://cdn-api.markitdigital.com/apiman-gateway/ASX/asx-research/1.0/file/2924-03054279-6A1311017?access_token=83ff96335c2d45a094df02a206a39ff4
NIM,NIMY RESOURCES LIMITED,Amended - High Grade Gallium Test Material Shipment to U.S,2026-02-06,Release Date: 6 February 2026 Market Announcements Office Australian Securities Exchange 152-158 St Georges Terrace Clarification: High Grade Gallium Mineralised Test Material Shipment to U.S.,https://cdn-api.markitdigital.com/apiman-gateway/ASX/asx-research/1.0/file/2924-03054039-6A1310955?access_token=83ff96335c2d45a094df02a206a39ff4
RTR,RUMBLE RESOURCES LIMITED,Thunderstorm Gold Project Acquisition Complete and Cleansing,2026-02-06,Rumble completes acquisition of the highly prospective Thunderstorm Gold Project • Rumble has completed the acquisition of the remaining 70% in three exploration tenements in the Fraser Range Province from former joint venture partner IGO Limited to secure 100% of the highly prospective Thunderstorm,https://cdn-api.markitdigital.com/apiman-gateway/ASX/asx-research/1.0/file/2924-03053751-6A1310861?access_token=83ff96335c2d45a094df02a206a39ff4
BP8,BPH GLOBAL LTD,MoU with Indonesia National Research & Innovation Agency,2026-02-06,"BPH Global Ltd Executes Binding MoU with Indonesia’s National Research and Innovation Agency (BRIN) ● BPH Global’s Indonesian subsidiary, PT BPH Global Indonesia, has executed a binding Memorandum of Understanding (MoU) with Badan Riset dan Inovasi Nasional (BRIN), Indonesia’s National Research and ",https://cdn-api.markitdigital.com/apiman-gateway/ASX/asx-research/1.0/file/2924-03053764-2A1652224?access_token=83ff96335c2d45a094df02a206a39ff4
CTQ,CARETEQ LIMITED,Careteq signs binding agreement for sale of EHS business,2026-02-06,"Careteq Limited info@careteq.com.au International: +613 8866 5594 Careteq Limited (ASX: CTQ) (“Careteq” or “the Company”), a clinical healthtech company specialising in innovative medication management and clinical governance solutions, is pleased to announce it has entered into a binding sale agree",https://cdn-api.markitdigital.com/apiman-gateway/ASX/asx-research/1.0/file/2924-03053669-2A1652165?access_token=83ff96335c2d45a094df02a206a39ff4
TGH,TERRAGEN HOLDINGS LIMITED,Terragen Raises $7.0m to Accelerate Global Commercialisation,2026-02-06,"Not for release to US wire services or distribution in the United States • Terragen has completed an Equity Raising of approximately A$7.0 million to fund scientific research and development as well as accelerate global commercialisation opportunities, in addition to supporting working capital and t",https://cdn-api.markitdigital.com/apiman-gateway/ASX/asx-research/1.0/file/2924-03053712-2A1652175?access_token=83ff96335c2d45a094df02a206a39ff4
MGX,MGX RESOURCES LIMITED,Completion of CTPJV acquisition,2026-02-06,MGX completes its acquisition of 50% of the Central Tanami Gold Project Joint Venture • MGX has completed its previously announced acquisition of a 50% interest in the Central Tanami Gold Project from Northern Star Resources. • Payment of the $50 million cash consideration has been made.,https://cdn-api.markitdigital.com/apiman-gateway/ASX/asx-research/1.0/file/2924-03053594_PS-6A1310800?access_token=83ff96335c2d45a094df02a206a39ff4
GEN,GENMIN LIMITED,Offtake MOUs extended,2026-02-06,"Genmin extends offtake MoUs with China Minmetals, Jianlong and Hunan-Valin for Baniaka Green® iron ore • Genmin Executive Chair Greg Lilleyman and CEO Andrew Taplin met with representatives from China Minmetals Corporation, and Hunan-Valin Iron & Steel Group, during a strategic visit to mainland Chi",https://cdn-api.markitdigital.com/apiman-gateway/ASX/asx-research/1.0/file/2924-03053578-6A1310804?access_token=83ff96335c2d45a094df02a206a39ff4
HMC,HMC CAPITAL LIMITED,Energy Transition Strategic Partnership with KKR,2026-02-06,HMC Capital (ASX: HMC) today announces the establishment of a new strategic partnership under which KKR managed funds will invest up to $603 million into HMC’s Energy Transition Platform (Platform).,https://cdn-api.markitdigital.com/apiman-gateway/ASX/asx-research/1.0/file/2924-03053646-2A1652147?access_token=83ff96335c2d45a094df02a206a39ff4
WRK,WRKR LTD,Completion of Strategic Acquisition of PaidRight Holdings,2026-02-05,"Completion of the strategic acquisition of PaidRight Holdings Pty Ltd WRKR Ltd (ASX: WRK) (“WRKR” or “the Company”) is pleased to announce the completion of the strategic acquisition of 100% of the issued share capital in PaidRight Holdings Pty Ltd (PaidRight), as announced to the ASX on 22 December",https://cdn-api.markitdigital.com/apiman-gateway/ASX/asx-research/1.0/file/2924-03053493-2A1652016?access_token=83ff96335c2d45a094df02a206a39ff4
NMT,NEOMETALS LTD,ELi Process - MOU with Rio Tinto Extended,2026-02-05,"Extension of MoU with Rio Tinto for ELi Process Neometals Ltd (ASX: NMT) (""Neometals"" or ""the Company"") and leading mining services provider Mineral Resources Limited (ASX: MIN) (""MIN"") advise that their 70:30 co-owned company, Reed Advanced Materials Pty Ltd (""RAM""), has agreed with Livent USA Corp",https://cdn-api.markitdigital.com/apiman-gateway/ASX/asx-research/1.0/file/2924-03053367-6A1310713?access_token=83ff96335c2d45a094df02a206a39ff4
SLB,STELAR METALS LIMITED,High-grade Silver Assays up to 211 g/t Ag at Baratta Project,2026-02-05,High-grade silver assays up to 211 g/t Ag at Baratta Project SA • Rock chips samples collected by Stelar in 2024 have returned high-grade silver assays up to 211 g/t and 164 g/t Ag1 at Lone Pine Prospect with 4 of the samples measuring over 2 ounces silver • Silver grades up to 38 g/t Ag2 were also ,https://cdn-api.markitdigital.com/apiman-gateway/ASX/asx-research/1.0/file/2924-03053332-6A1310697?access_token=83ff96335c2d45a094df02a206a39ff4
MOH,MOHO RESOURCES LIMITED,New Drill Targets Unlocked Following Tenement Grants,2026-02-05,"Moho Resources Ltd P. +61 8 9481 0389 168 Stirling Hwy mohoresources.com.au Nedlands WA 6009 ASX MOH Bush Chook Project: New Drill Targets Unlocked Following Tenement Grants – Supported by Trench Results • Four, new high priority gold targets, including Gage Road (trench assays of 9m at 1.85g/t Au)",https://cdn-api.markitdigital.com/apiman-gateway/ASX/asx-research/1.0/file/2924-03053322-6A1310694?access_token=83ff96335c2d45a094df02a206a39ff4
VRC,VOLT RESOURCES LIMITED,Bunyu Offtake Extended and Sales Significantly Increased,2026-02-05,"xx 5 February 2026 Bunyu Graphite Offtake Agreement Extended and Annual Sales Volume Significantly Increased ▪ Binding Offtake Agreement with Qingdao Baixing Graphite Co., Ltd varied to extend commencement date, aligning with the expected Bunyu development timeline under the Unbounded Opportunities ",https://cdn-api.markitdigital.com/apiman-gateway/ASX/asx-research/1.0/file/2924-03053296-6A1310684?access_token=83ff96335c2d45a094df02a206a39ff4
SKY,SKY METALS LIMITED,High-Grade Tin Rock-Chip Results expand Doradilla,2026-02-05,"Material increase in scale of the Doradilla mineralised system beyond current Exploration Target • High‑grade tin‑polymetallic mineralisation confirmed in new rock‑chip sample, with results 3.10% tin, 3.03% lead, 0.33% copper, 0.27 zinc & 159ppm indium (MP20250903-1) • New results extend the known m",https://cdn-api.markitdigital.com/apiman-gateway/ASX/asx-research/1.0/file/2924-03053275-2A1651751?access_token=83ff96335c2d45a094df02a206a39ff4
RMX,RED MOUNTAIN MINING LIMITED,ACQUISITION OF HIGH-GRADE ANTIMONY PROJECT AT THOMPSON FALLS,2026-02-05,"Acquisition of “Thompson Falls” High-Grade Antimony Project Adjacent to America’s only Antimony Smelter • Red Mountain has acquired the “Thompson Falls Antimony Project” adjacent to United States Antimony Corporation’s operations (NYSE: UAMY, Market Cap A$2.2b), which has the only Antimony smelter i",https://cdn-api.markitdigital.com/apiman-gateway/ASX/asx-research/1.0/file/2924-03053352-6A1310702?access_token=83ff96335c2d45a094df02a206a39ff4
RSG,RESOLUTE MINING LIMITED,Mining Permit Awarded for Doropo Gold Project,2026-02-05,"Mining Permit Awarded for Doropo Gold Project Resolute Mining Limited (“Resolute” or “the Company”) (ASX/LSE: RSG), the Africa-focused gold miner, is pleased to announce that the Council of Ministers have officially announced the award of the mining permit for the Doropo Gold Project in Côte d’Ivoir",https://cdn-api.markitdigital.com/apiman-gateway/ASX/asx-research/1.0/file/2924-03053272-6A1310675?access_token=83ff96335c2d45a094df02a206a39ff4
JNO,JUNO MINERALS LIMITED,Additional Gold-In-Soil Anomalies Identified at Mount Ida,2026-02-05,• Phase 2 wide spaced soil sampling results received from northern areas not previously • The soil sampling program has identified additional gold anomalies and prospective • First pass drill program on the southern prospect QV1 structure to commence end of Juno Minerals Limited (ASX: JNO) (‘Juno’ o,https://cdn-api.markitdigital.com/apiman-gateway/ASX/asx-research/1.0/file/2924-03053260-6A1310667?access_token=83ff96335c2d45a094df02a206a39ff4
SRZ,STELLAR RESOURCES LIMITED,Consent to Apply for Mining Licence at Heemskirk,2026-02-05,Stellar Receives Consent to Apply for Mining Licence Adjacent to Heemskirk Tin Project Detailed assessment by reputable engineering firm confirms potential for a Tailings Storage Facility within Mining Licence Area • Study work under the Memorandum of Understanding (MOU) over the Comstock site immed,https://cdn-api.markitdigital.com/apiman-gateway/ASX/asx-research/1.0/file/2924-03053227-3A686542?access_token=83ff96335c2d45a094df02a206a39ff4
SKS,SKS TECHNOLOGIES GROUP LIMITED,Major Contract Award and FY26 Profit Upgrade,2026-02-05,"Major contract awards boost FY26 earnings forecast SKS Technologies Group Limited (ASX: SKS) has recently been awarded a range of contracts totalling $60 million across data centre and corporate clients and, as such, has revised its FY26 earnings guidance.",https://cdn-api.markitdigital.com/apiman-gateway/ASX/asx-research/1.0/file/2924-03053213-3A686541?access_token=83ff96335c2d45a094df02a206a39ff4
EV8,EVERLAST MINERALS LTD.,Everlast Granted New Exploration Licence,2026-02-05,"Everlast Granted New Explora(cid:415)on Licence  EV8 adds further potential scale to its Bangladesh Mineral Sands operations with granting of new Kurigram Exploration Licence (EL)  Kurigram EL covers an area of ~4,000 hectares in the Kurigram District, in northern Bangladesh  Upcoming work campai",https://cdn-api.markitdigital.com/apiman-gateway/ASX/asx-research/1.0/file/2924-03053221-6A1310654?access_token=83ff96335c2d45a094df02a206a39ff4
OR3,ORE RESOURCES LIMITED,Mount Monger Acquisition Expands Kal East Gold Project,2026-02-05,Mt Monger Acquisition Expands Kal East Gold Project Ore Resources Ltd (ASX: OR3) (Ore or the Company) is pleased to announce the acquisition of highly prospective gold tenure in the Mount Monger goldfields of Western Australia.,https://cdn-api.markitdigital.com/apiman-gateway/ASX/asx-research/1.0/file/2924-03053205-6A1310649?access_token=83ff96335c2d45a094df02a206a39ff4
KNB,KOONENBERRY GOLD LIMITED,KNB extends gold zone to 415m & high-grade zones identified,2026-02-05,"KNB extends mineralisation to 415m vertical and identifies high-grade zones at depth at Enmore Gold Project, NSW Koonenberry Gold (ASX:KNB) has received assays from the first 5 Diamond Drill holes in Phase II drilling at the Sunnyside Prospect, with 9 holes now completed for 3,482m.",https://cdn-api.markitdigital.com/apiman-gateway/ASX/asx-research/1.0/file/2924-03053133-6A1310632?access_token=83ff96335c2d45a094df02a206a39ff4
AUE,AURUM RESOURCES LIMITED,High-Grade Extensions at BD Deposits for Resource Growth,2026-02-05,"Aurum confirms high-grade 150m depth extension at Boundiali’s BDT3; 700m strike extension at BDT1 Aurum Resources (ASX: AUE, “Aurum” or “the Company”) is pleased to announce high-grade gold results from its ongoing 100,000m diamond drilling program at the 2.41Moz Boundiali Gold Project1 in Côte d'Iv",https://cdn-api.markitdigital.com/apiman-gateway/ASX/asx-research/1.0/file/2924-03053226-6A1310656?access_token=83ff96335c2d45a094df02a206a39ff4
BTR,BRIGHTSTAR RESOURCES LIMITED,High grade assays continue from Sandstone RC drilling,2026-02-05,Sandstone RC drilling delivers high-grade assays up to Results from significant drilling programs in 2025 at several advanced deposits to feed into Mineral Resource upgrade and Sandstone PFS • Brightstar has received results from reverse circulation drilling at the 2.4Moz @ 1.5g/t Au Sandstone Hub c,https://cdn-api.markitdigital.com/apiman-gateway/ASX/asx-research/1.0/file/2924-03053138-6A1310634?access_token=83ff96335c2d45a094df02a206a39ff4
FIN,FIN RESOURCES LIMITED,Cabin Lake Assays Upgraded Through Core Resampling,2026-02-04,"INCLUDING 31.4m @ 15.2g/t FIN Resources Limited (ASX: FIN) (“FIN” or “the Company”) is pleased to announce an update from its 2025 due diligence re-sampling and targeted new sampling of historical diamond drill core at the Cabin Lake Gold Project in the Northwest Territories, Canada.",https://cdn-api.markitdigital.com/apiman-gateway/ASX/asx-research/1.0/file/2924-03052863-6A1310494?access_token=83ff96335c2d45a094df02a206a39ff4
LSA,LACHLAN STAR LIMITED,Lachlan Star Acquires High Grade New Waverley Gold Project,2026-02-04,"• Lachlan Star has entered a binding agreement with a private prospector/vendor, David “Golly” Pascoe, to acquire a 90% interest in the New Waverley Gold Project (“New Waverley” or “the Project”), located in the Norseman Mining District of Western Australia.",https://cdn-api.markitdigital.com/apiman-gateway/ASX/asx-research/1.0/file/2924-03052847-6A1310451?access_token=83ff96335c2d45a094df02a206a39ff4
WCE,WEST COAST SILVER LIMITED,Bonanza Silver Hits at Elizabeth Hill,2026-02-04,"27.4m @ 1,314 g/t Silver Drilled at Elizabeth Hill Bonanza Silver Grades up to 33,107 g/t (1,064 oz/t) over 0.35 m • Native silver intersected in multiple drill holes, with assays returning exceptionally high grades and broad zones of high-grade mineralisation.",https://cdn-api.markitdigital.com/apiman-gateway/ASX/asx-research/1.0/file/2924-03052852-6A1310405?access_token=83ff96335c2d45a094df02a206a39ff4
LRV,LARVOTTO RESOURCES LIMITED,Continued Strong Drilling Results at Freehold,2026-02-04,"L arvotto Resources Limited – ASX Announcement Continued Strong Drilling Results at Freehold, Further Supporting Hillgrove Growth Potential • Ongoing drilling at Larvotto’s Freehold prospect continues to return strong results, confirming broad, high-grade gold-antimony-tungsten mineralisation across",https://cdn-api.markitdigital.com/apiman-gateway/ASX/asx-research/1.0/file/2924-03052821-6A1310474?access_token=83ff96335c2d45a094df02a206a39ff4
BRE,BRAZILIAN RARE EARTHS LIMITED,Exceptional Ore Sorting Yields and Enrichment at Monte Alto,2026-02-04,"Exceptional Ore Sorting Results: +95% Yield and +100% Rare Earth Enrichment ▪ Exceptional grade enrichment (+100%): Achieved grade upgrade factors of >2x, increasing feed grades from 12.4% TREO to ~27% TREO, using multi-sensor ore sorting ▪ High-grade product in single-pass: Produced a +27% TREO ult",https://cdn-api.markitdigital.com/apiman-gateway/ASX/asx-research/1.0/file/2924-03052816-6A1310471?access_token=83ff96335c2d45a094df02a206a39ff4
ILA,ISLAND PHARMACEUTICALS LIMITED,FDA confirms Galidesivir approval pathway,2026-02-04,"FDA confirms Galidesivir development pathway, unlocking accelerated approval route • FDA provides clear alignment on Galidesivir’s Animal Rule development pathway, validating Island’s proposed Marburg model • Two-stage development sequence established, significantly de-risking approval and enabling ",https://cdn-api.markitdigital.com/apiman-gateway/ASX/asx-research/1.0/file/2924-03052800-3A686477?access_token=83ff96335c2d45a094df02a206a39ff4
TM1,TERRA METALS LIMITED,Resource Upgrade Drilling Continues to Confirm Thick Reef,2026-02-04,"• The second round of assays from resource upgrade drilling at Reef 2 (Hyperion) continue to confirm thick, laterally continuous Ti–V–Cu–PGM–Au mineralisation from surface, with multiple high-grade internal reef positions.",https://cdn-api.markitdigital.com/apiman-gateway/ASX/asx-research/1.0/file/2924-03052826-6A1310473?access_token=83ff96335c2d45a094df02a206a39ff4
GCM,GCM CORPORATION LIMITED,GCM Advances Commercialisation,2026-02-04,"Commercialisation Update • Advanced prototyping for multiple customers across China, Europe, and the United States. • Advanced products for high-growth sectors including EV infrastructure, electronics / semiconductors, and liquid cooling for data centres.",https://cdn-api.markitdigital.com/apiman-gateway/ASX/asx-research/1.0/file/2924-03052795-6A1310461?access_token=83ff96335c2d45a094df02a206a39ff4
STM,SUNSTONE METALS LTD,Discovery of high grade surface mineralisation at Porotillo,2026-02-04,"Bramaderos Gold-Copper Project, Southern Ecuador Discovery of extensive high-grade surface porphyry mineralisation points to strong growth in 3.6Moz1,2 AuEq resource Drilling about to start to convert the large Copete-Porotillo Exploration Target into resources",https://cdn-api.markitdigital.com/apiman-gateway/ASX/asx-research/1.0/file/2924-03052797-2A1651414?access_token=83ff96335c2d45a094df02a206a39ff4
DWG,DATAWORKS GROUP LIMITED,DWG Executes Chg Order Under Existing Ontario CSE Contract,2026-02-04,"DataWorks Executes Change Order Under Existing Ontario CSE Contract to Deliver Managed Contact Centre Services • DataWorks has executed a Change Order with iGaming Ontario under its existing Centralised Self-Exclusion (“CSE”) contract, exercising optional services contemplated within the original • ",https://cdn-api.markitdigital.com/apiman-gateway/ASX/asx-research/1.0/file/2924-03052786-6A1310435?access_token=83ff96335c2d45a094df02a206a39ff4
AA2,ARIANA RESOURCES PLC,Settlement of Outstanding Debt to RiverFort,2026-02-04,"Settlement of Outstanding Debt to RiverFort Ariana Resources plc (AIM: AAU, ASX: AA2, “Ariana” or the “Company”), the mineral exploration, development and production company with gold project interests in Africa and Europe, is pleased to announce that it has settled all outstanding loan balances due",https://cdn-api.markitdigital.com/apiman-gateway/ASX/asx-research/1.0/file/2924-03052739-6A1310426?access_token=83ff96335c2d45a094df02a206a39ff4
NIM,NIMY RESOURCES LIMITED,High Grade Gallium Ore Shipment to U.S.,2026-02-04,"MONS PROJECT, WA Release Date 4 February 2026 Shipment of High-Grade Gallium Ore to United States The shipment, which is part of the collaboration agreement between Nimy and critical minerals specialist M2i Global, will be analysed to determine the best processing route",https://cdn-api.markitdigital.com/apiman-gateway/ASX/asx-research/1.0/file/2924-03052746-6A1310431?access_token=83ff96335c2d45a094df02a206a39ff4
RUL,,Scheme of Arrangement becomes legally effective,2026-02-04,"Scheme of Arrangement becomes legally effective RPMGlobal Holdings Limited (ASX: RUL) [RPM ® or the Company] refers to the proposed acquisition of 100% of the shares on issue in the Company by Revolution HoldCo Pty Ltd (Caterpillar BidCo), a direct wholly owned subsidiary of Caterpillar Inc (Caterpi",https://cdn-api.markitdigital.com/apiman-gateway/ASX/asx-research/1.0/file/2924-03052696-2A1651373?access_token=83ff96335c2d45a094df02a206a39ff4
ZNC,ZENITH MINERALS LIMITED,High-Grade Gold Confirmed at Auburn Gold Project,2026-02-04,"High-Grade Gold Confirmed at Auburn Gold Project, Queensland Expanding Zenith’s Gold Portfolio Zenith Minerals Limited (“Zenith” or “the Company”) is pleased to report assay results from seven recently collected grab samples, together with previously reported rock-chip and soil sampling results, fro",https://cdn-api.markitdigital.com/apiman-gateway/ASX/asx-research/1.0/file/2924-03052730-6A1310423?access_token=83ff96335c2d45a094df02a206a39ff4
GG1,GREEN & GOLD MINERALS LIMITED,Future Facing Metals Acquisition Ag-Cu-Sn-Au-In,2026-02-04,"A SX Announcement Acquisition: Prospective for Future Facing Metals Ag-Cu-Sn-Au-In ➢ 88km2 of Silver, Copper, Tin, Gold and Indium prospective tenements (Burlington) in the silver and copper heart of the increasingly significant Herberton Mineral Field (NQ).",https://cdn-api.markitdigital.com/apiman-gateway/ASX/asx-research/1.0/file/2924-03052865-2A1651436?access_token=83ff96335c2d45a094df02a206a39ff4
VKA,VIKING MINES LIMITED,EXCEPTIONAL TUNGSTEN ASSAYS UP TO 14.7% WO3,2026-02-04,"• High-grade assays of 14.7% (WO ) and 5.2% (WO ) received from face sampling at the Linka Project Conquest pit. • Channel sampling at the Linka Project Hillside shaft yielded 4.4m at 0.6% (WO ), confirming the tenor of the tactite zone.",https://cdn-api.markitdigital.com/apiman-gateway/ASX/asx-research/1.0/file/2924-03052732-6A1310424?access_token=83ff96335c2d45a094df02a206a39ff4
BC8,BLACK CAT SYNDICATE LIMITED,Completion of Strategic Tenements Acquisition,2026-02-04,"Completion of Strategic Tenements Acquisition Black Cat Syndicate Limited (ASX: BC8) (“Black Cat” or “the Company”) is pleased to advise of the completion of the acquisition of 100% of 90km2 of tenements adjacent to the 1.2mtpa Lakewood processing facility (“Lakewood”), part of the Kal East Gold Ope",https://cdn-api.markitdigital.com/apiman-gateway/ASX/asx-research/1.0/file/2924-03052670-6A1310394?access_token=83ff96335c2d45a094df02a206a39ff4
LM1,LEEUWIN METALS LTD,First Assays From 2026 Drilling Return High-Grade Gold,2026-02-04,"Significant high-grade assays from step out drilling below existing resource at Evanston; Aggressive 10,000m RC drill program ongoing with multiple holes pending assays • First assays received from Leeuwin’s 2026 RC drilling at Evanston, returning shallow gold intercepts including: o 13m @ 3.2g/t go",https://cdn-api.markitdigital.com/apiman-gateway/ASX/asx-research/1.0/file/2924-03052680-6A1310403?access_token=83ff96335c2d45a094df02a206a39ff4
LU7,LITHIUM UNIVERSE LIMITED,Strategic Binding Feedstock Supply for Becancour Secured,2026-02-04,"Building a Lithium Future  Strategic 10-year (rolling 5 years thereafter) spodumene supply binding Offtake Agreement signed with Norah Mining Limited  LU7 secures strategic spodumene feedstock for its Bécancour Lithium Refinery in Québec,  Feedstock will underpin long-term operations of the Bécan",https://cdn-api.markitdigital.com/apiman-gateway/ASX/asx-research/1.0/file/2924-03052794-6A1310460?access_token=83ff96335c2d45a094df02a206a39ff4
RUL,,Federal Court of Australia approves Scheme of Arrangement,2026-02-03,Federal Court of Australia approves Scheme of Arrangement RPMGlobal Holdings Limited (ASX: RUL) [RPM ® or the Company] is pleased to announce that the Federal Court of Australia (Court) has today made orders approving the proposed acquisition of all the shares in the Company by Revolution HoldCo Pty,https://cdn-api.markitdigital.com/apiman-gateway/ASX/asx-research/1.0/file/2924-03052401-2A1651189?access_token=83ff96335c2d45a094df02a206a39ff4
STK,STRICKLAND METALS LIMITED,$55M Placement to Accelerate Exploration and Deliver DFS,2026-02-03,ASX: STK | 3 Feb 2026 Equity raising to fund Strickland’s 2026 exploration program and support delivery of a Pre-Feasibility Study in the first half of 2027 Not for release to US wire services or distribution in the United States • Strickland intends to conduct an equity raising by way of an institu,https://cdn-api.markitdigital.com/apiman-gateway/ASX/asx-research/1.0/file/2924-03052607-6A1310357?access_token=83ff96335c2d45a094df02a206a39ff4
HIQ,HITIQ LIMITED,Exclusive 3 Year National Partnership with Hockey Australia,2026-02-03,"HITIQ Secures Exclusive Three-Year National Partnership with Hockey Australia ● Exclusive Partnership: HITIQ appointed the exclusive Official Player Safety Partner of Hockey Australia for three years ● National Reach: Over 105,000 registered participants (source: Hockey Australia), with approximatel",https://cdn-api.markitdigital.com/apiman-gateway/ASX/asx-research/1.0/file/2924-03052359-6A1310251?access_token=83ff96335c2d45a094df02a206a39ff4
STK,STRICKLAND METALS LIMITED,Significant New Copper-Gold Discovery at Rogozna,2026-02-03,"ASX: STK | 3 February 2026 Rogozna Gold and Base Metals Project, Serbia – Drilling Update New body of mineralisation discovered at Red Creek, just 1km west of the 5.3Moz AuEq Shanac Deposit • A new body of high-grade gold and base metal mineralisation has been discovered at the Red Creek Prospect, l",https://cdn-api.markitdigital.com/apiman-gateway/ASX/asx-research/1.0/file/2924-03052606-6A1310349?access_token=83ff96335c2d45a094df02a206a39ff4
BIO,BIOME AUSTRALIA LIMITED,Ethics Approval Granted for BMB18 Human Clinical Trial,2026-02-03,"Ethics Approval Granted for BMB18 Human Clinical Trial ● Randomised, double-blind, placebo-controlled trial recruiting 240 participants to investigate the efficacy of proprietary strain Lactobacillus plantarum BMB18 (DSM 35214) in adults experiencing digestive symptoms, sleep and mood disturbances ●",https://cdn-api.markitdigital.com/apiman-gateway/ASX/asx-research/1.0/file/2924-03052199-3A686385?access_token=83ff96335c2d45a094df02a206a39ff4
NWH,NRW HOLDINGS LIMITED,Contract Awards,2026-02-03,"Australian Securities Exchange Contract Awards Rio Tinto WASP – Deposit H NRW Holdings Limited (ASX:NWH) is pleased to announce that it has been awarded a Bulk Earthworks contract by Rio Tinto for its West Angelas Sustaining Project (WASP), marking another important milestone in NRW’s long-standing",https://cdn-api.markitdigital.com/apiman-gateway/ASX/asx-research/1.0/file/2924-03052299-6A1310229?access_token=83ff96335c2d45a094df02a206a39ff4
MM8,MEDALLION METALS LIMITED.,EPBC Approval Secured for Ravensthorpe Gold Project,2026-02-03,EPBC Approval Secured for Ravensthorpe Gold Project Medallion Metals Limited (ASX:MM8) (“Medallion” or “the Company”) advises that approval has been granted under the Environment Protection and Biodiversity Conservation Act 1999 (Cth) (EPBC Act) for the development of the Ravensthorpe Gold Project (,https://cdn-api.markitdigital.com/apiman-gateway/ASX/asx-research/1.0/file/2924-03052283-6A1310217?access_token=83ff96335c2d45a094df02a206a39ff4
LKY,LOCKSLEY RESOURCES LIMITED,High Grade Antimony Results from Batch Sampling Program,2026-02-03,"• Batch sampling program completed at the Desert Antimony Mine (DAM) • Assay results return exceptional high-grade antimony (Sb) values up to 26.1% • Significant grade improvement over previous sampling (7.6%–7.8% Sb), with weighted averages reaching up to 25.7% Sb • Total mass of 287 kg collected f",https://cdn-api.markitdigital.com/apiman-gateway/ASX/asx-research/1.0/file/2924-03052293-6A1310222?access_token=83ff96335c2d45a094df02a206a39ff4
DRE,DREADNOUGHT RESOURCES LTD,High-Grade Infill & Extensional Drilling - Illaara Gold,2026-02-03,"Unit 1, 4 Burgay Court, Osborne Park, WA 6017 info@dreres.com.au High-Grade Infill & Extensional Drilling - Illaara Gold Project • Assays have been received from a 43-hole (~3,600m) RC drilling program at Metzke’s Find, part of the 100% owned Illaara Gold Project.",https://cdn-api.markitdigital.com/apiman-gateway/ASX/asx-research/1.0/file/2924-03052193-6A1310176?access_token=83ff96335c2d45a094df02a206a39ff4
SLS,SOLSTICE MINERALS LIMITED,Outstanding High-Grade Cu-Au Intercepts at Nanadie,2026-02-03,"Outstanding Wide High-Grade Copper-Gold Intercepts in First RC Holes at Nanadie Project, WA ➢ Multiple significant intercepts returned from the first five holes of a 23-hole Phase 1 Reverse Circulation (RC) drilling campaign at the 100%-owned Nanadie Copper-Gold Project, sitting on a granted Mining ",https://cdn-api.markitdigital.com/apiman-gateway/ASX/asx-research/1.0/file/2924-03052302-6A1310219?access_token=83ff96335c2d45a094df02a206a39ff4
T92,TERRA CRITICAL MINERALS LIMITED,Terra Doubles Land in Nevada & Reports High-Grade Tungsten,2026-02-03,"Terra Doubles Land Position in Nevada, USA and Reports High-Grade Tungsten Surface Samples • Terra has doubled its land position at the True American Tungsten Project in Nevada, expanding the project area to approximately 1130 acres • A new mineralised Zone has been identified, with more than 4km of",https://cdn-api.markitdigital.com/apiman-gateway/ASX/asx-research/1.0/file/2924-03052347-6A1310247?access_token=83ff96335c2d45a094df02a206a39ff4
EMC,EVEREST METALS CORPORATION LTD,High-grade Rb results at Mt Edon Critical Mineral Project,2026-02-03,Further High-grade Rubidium Results from Mt Edon Critical Mineral Project ➢ New assay results received from Phase 2 resource upgrade and expansion drilling continues to confirm the high-grade nature of rubidium mineralisation at Mt Edon ➢ Peak high-grade rubidium assay of 0.67% Rb₂O ➢ Standout thick,https://cdn-api.markitdigital.com/apiman-gateway/ASX/asx-research/1.0/file/2924-03052183-6A1310168?access_token=83ff96335c2d45a094df02a206a39ff4
TGM,THETA GOLD MINES LIMITED,Revised Feasibility Study Confirms A$1.4B Free Cash Flow,2026-02-03,"Revised TGME Feasibility Study Confirms A$1.4 Billion Free Cash Flow from 6.1 Moz Gold Resource Theta Gold Mines Limited (‘Theta Gold’ or the ‘Company’) (ASX: TGM) has delivered a major uplift in project value with its Revised Feasibility Study for its TGME Gold Mine Project (‘Project’), confirming ",https://cdn-api.markitdigital.com/apiman-gateway/ASX/asx-research/1.0/file/2924-03052340-6A1310240?access_token=83ff96335c2d45a094df02a206a39ff4
GRE,GREENTECH METALS LIMITED,Munni Munni Acquisition Completed,2026-02-02,"Transformational Munni Munni Platinum- Palladium-Copper-Nickel Project Acquisition Completed • GreenTech Metals has successfully completed the acquisition of a 70% interest, with provision for up to 80%, of the high-grade Munni Munni PGE-Cu-Ni Project, adjacent to the Company's Whundo Copper-Gold de",https://cdn-api.markitdigital.com/apiman-gateway/ASX/asx-research/1.0/file/2924-03052139-6A1310142?access_token=83ff96335c2d45a094df02a206a39ff4
SFM,SANTA FE MINERALS LTD,Completion of Acquisition of Gold Projects,2026-02-02,Completion of Acquisition of Gold Projects in Cote d’Ivoire Santa Fe Minerals Ltd (SFM) is pleased to provide an update on the acquisition of gold projects from WIA Gold Limited (WIA) in Cote d’Ivoire (ASX announcement 26 November 2025).,https://cdn-api.markitdigital.com/apiman-gateway/ASX/asx-research/1.0/file/2924-03052034_PS-6A1310081?access_token=83ff96335c2d45a094df02a206a39ff4
GDM,GREAT DIVIDE MINING LTD,Completion of Acquisition of Challenger Mines,2026-02-02,"Completion of Acquisition of Challenger Mines Pty Ltd by GDM Brisbane, Australia, 28 January - Great Divide Mining Ltd (ASX: GDM) (GDM) advises that, following the approval of GDM Shareholders on 27 January 2026 and the satisfaction of all other conditions precedent, it has today completed the acqui",https://cdn-api.markitdigital.com/apiman-gateway/ASX/asx-research/1.0/file/2924-03051955-6A1310047?access_token=83ff96335c2d45a094df02a206a39ff4
QOR,QORIA LIMITED,ASX Announcement - Merger of Aura and Qoria -2 February 2026,2026-02-02,Qoria Limited (Qoria or Company) is pleased to announce it has entered into a binding merger implementation deed (MID) with Aura Consolidated Group Inc.,https://cdn-api.markitdigital.com/apiman-gateway/ASX/asx-research/1.0/file/2924-03052155-6A1310146?access_token=83ff96335c2d45a094df02a206a39ff4
VMS,VENARI MINERALS NL,Maiden MRE - Red Mountain Lithium Project,2026-02-02,"ASX / Media Release Globally Significant Maiden Mineral Resource Estimate of 3Mt Contained Lithium-Carbonate Equivalent for Red Mountain Lithium Project, Nevada, USA Exceptional maiden inferred MRE establishes Red Mountain as one of the most significant new lithium developments in North America",https://cdn-api.markitdigital.com/apiman-gateway/ASX/asx-research/1.0/file/2924-03051911-6A1310028?access_token=83ff96335c2d45a094df02a206a39ff4
M24,MAMBA EXPLORATION LIMITED,Acquisition of Meeka East Gold Project and Placement,2026-02-02,"Strategic Acquisition of a 70% Interest in Meeka East Gold Project & $2.0m Placement • Mamba has entered into a binding, conditional agreement to acquire a 70% interest in Meekatharra Minerals • Meekatharra Minerals East Pty Ltd has the right to acquire the Meeka East Gold Project in the Murchison G",https://cdn-api.markitdigital.com/apiman-gateway/ASX/asx-research/1.0/file/2924-03051883-6A1309954?access_token=83ff96335c2d45a094df02a206a39ff4
AM7,ARCADIA MINERALS LIMITED,Option Granted to Advance Swanson into Production,2026-02-02,"o Binding Term Sheet executed with Hongkong Xinhai Mining Services Limited, granting Xinhai the exclusive option to enter into a Definitive Agreement (DA) with Arcadia to: o Construct and commission a gravimetric plant at ML223, with a capacity of no less than the maximum described in the 2023 DFS1 ",https://cdn-api.markitdigital.com/apiman-gateway/ASX/asx-research/1.0/file/2924-03051860-6A1309898?access_token=83ff96335c2d45a094df02a206a39ff4
PUR,PURSUIT MINERALS LTD,Rio Grande Sur Pre-Feasibility Study & Maiden Ore Reserve,2026-02-02,"• PFS completed confirming a technically robust, large-scale and economically viable lithium project with production of 5,000 tpa Lithium Carbonate Equivalent • Strong economics: NPV US$364m, IRR 22.4%, payback 7.0 years, CAPEX US$136.5m (incl. contingency) and OPEX ~US$6,521/t LCE.",https://cdn-api.markitdigital.com/apiman-gateway/ASX/asx-research/1.0/file/2924-03051873-6A1309903?access_token=83ff96335c2d45a094df02a206a39ff4
M24,MAMBA EXPLORATION LIMITED,Meeka East Gold Project Acquisition - Investor Presentation,2026-02-02,"Meeka East Gold Project Acquisition – Underexplored prospects in a fertile gold Investor Presentation February 2026 Disclaimer, Competent Person Statement and Forward Looking statement This presentation contains only an overview of Mamba Exploration Limited (“Mamba"" or the “Company”) and its activit",https://cdn-api.markitdigital.com/apiman-gateway/ASX/asx-research/1.0/file/2924-03051894-6A1309995?access_token=83ff96335c2d45a094df02a206a39ff4
KAI,KAIROS MINERALS LIMITED,Mining Lease granted for Kairos' Mt York Gold Project,2026-02-02,"Mining Lease granted for Kairos’ Mt York Gold Project, WA • Mining Lease M45/1306 was granted by the WA Department of Mines, Petroleum & Exploration (‘DMPE’) on 27 January 2026 for an initial 21-year • M45/1306 covers the 1.4Moz Mt York Gold Project where Kairos recently signed a Native Title Mining",https://cdn-api.markitdigital.com/apiman-gateway/ASX/asx-research/1.0/file/2924-03051824-3A686322?access_token=83ff96335c2d45a094df02a206a39ff4
NTI,NEUROTECH INTERNATIONAL LIMITED,Approval received for NTI164 Phase 3 Clinical Study in ASD,2026-02-02,Approval received for NTI164 Phase 3 Clinical Study in ASD  Human Research Ethics Committee approval secured to commence Neurotech’s Beyond Harmony Phase 3 clinical study of NTI164 in ASD Levels 2 and 3.,https://cdn-api.markitdigital.com/apiman-gateway/ASX/asx-research/1.0/file/2924-03051820-6A1309997?access_token=83ff96335c2d45a094df02a206a39ff4
KFM,KINGFISHER MINING LTD,High Grade Copper-Gold results from Copper Blow,2026-02-02,High-Grade Copper-Gold Results Confirm Continuity at Copper Blow Kingfisher Mining Limited (ASX: KFM) (“Kingfisher” or the “Company”) is pleased to announce high-grade assay results from the recently completed Reverse Circulation (RC) drilling program at the Copper Blow IOCG prospect (ASX: KFM 75%: ,https://cdn-api.markitdigital.com/apiman-gateway/ASX/asx-research/1.0/file/2924-03051844_PS-6A1309985?access_token=83ff96335c2d45a094df02a206a39ff4
RBR,RBR GROUP LIMITED,Mozambique LNG Government Approval Granted,2026-02-02,"Mozambique LNG Government Approval Granted • Mozambique Government approval granted for the full restart of the TotalEnergies-led Mozambique LNG project following the lifting of force • Construction and workforce mobilisation accelerating, with over 4,000 personnel already active on site and contrac",https://cdn-api.markitdigital.com/apiman-gateway/ASX/asx-research/1.0/file/2924-03051776-6A1309968?access_token=83ff96335c2d45a094df02a206a39ff4
QOR,QORIA LIMITED,Investor Presentation - Merger of Aura and Qoria,2026-02-02,This investor presentation is provided for informational purposes only and has been prepared to evaluating the Proposed Transaction.,https://cdn-api.markitdigital.com/apiman-gateway/ASX/asx-research/1.0/file/2924-03052156-6A1310147?access_token=83ff96335c2d45a094df02a206a39ff4
CLU,CLUEY LTD,Cluey not proceeding with the acquisition of Art of Smart,2026-02-02,"Cluey not proceeding with the acquisition of Art of Smart - Education Futures Group Cluey Ltd (ASX: CLU) (“Cluey” or the “Company”) announces that it will not proceed with the acquisition of Education Futures Group Pty Ltd (""EFG""), the holding company of the Art of Smart group of companies (""AOS Gro",https://cdn-api.markitdigital.com/apiman-gateway/ASX/asx-research/1.0/file/2924-03051774-2A1650912?access_token=83ff96335c2d45a094df02a206a39ff4
BGD,BARTON GOLD HOLDINGS LIMITED,Resource Upgrade Drilling Begins on Challenger Open Pits,2026-02-02,"Resource Upgrade Drilling Begins on Challenger Open Pits Targeting Initial ‘Stage 1’ Ore Reserves and DFS by 30 June 2026 • DFS underway following dual Challenger JORC (2012) Mineral Resources upgrades to 313koz Au1 • Up to 8,000m reverse circulation (RC) drilling to target Challenger ‘Main’, ‘Chall",https://cdn-api.markitdigital.com/apiman-gateway/ASX/asx-research/1.0/file/2924-03051719-6A1309941?access_token=83ff96335c2d45a094df02a206a39ff4
FTI,FORTIFAI LTD,FortifAI completes acquisition of Nol8,2026-02-02,FortifAI completes acquisition of Nol8 • Completion of acquisition of Nol8 FortifAI Limited (ASX: FTI) (“FTI” or the “Company”) is pleased to advise it has completed the acquisition of 100% of the issued capital of FastAI Pty Ltd (“FastAI”) (“Acquisition”) announced on 15 December 2025 and approved ,https://cdn-api.markitdigital.com/apiman-gateway/ASX/asx-research/1.0/file/2924-03051809-2A1650926?access_token=83ff96335c2d45a094df02a206a39ff4
FUN,FORTUNA METALS LTD,Extensive High Grade Rutile Mineralisation at Mkanda,2026-02-02,"+61 (08) 9486 4036 https://fortunametals.limited Extensive High Grade Rutile Mineralisation in Drilling at Mkanda • Significant discovery confirmed by further drill results showing multiple zones of high grade rutile from surface to 10m depth with the majority open at depth, along strike and lateral",https://cdn-api.markitdigital.com/apiman-gateway/ASX/asx-research/1.0/file/2924-03051754-6A1309929?access_token=83ff96335c2d45a094df02a206a39ff4
MGU,MAGNUM MINING AND EXPLORATION LIMITED,HIGH-GRADE WET MOUNTAIN REE ACQUISITION COMPLETE,2026-02-02,"Magnum Mining and Exploration Limited (ASX:MGU, OTCQB: MGUFF) (Magnum, or the Company), is pleased to announce it has completed the acquisition of Wyoming Critical Minerals, Inc.",https://cdn-api.markitdigital.com/apiman-gateway/ASX/asx-research/1.0/file/2924-03051693-6A1309922?access_token=83ff96335c2d45a094df02a206a39ff4
NME,NEX METALS EXPLORATION LIMITED,NME divests Arika Joint Venture interest,2026-02-02,"Osborne Park WA 6017 NME divests Arika Joint Venture interest Nex Metals Explorations Ltd (ASX:NME) (NME or the Company), a gold project explorer and developer, is pleased to advise that it has agreed with Arika Resources Limited (ASX:ARI, Arika) to divest its 20% interest in the Yundamindra and Koo",https://cdn-api.markitdigital.com/apiman-gateway/ASX/asx-research/1.0/file/2924-03051696-6A1309924?access_token=83ff96335c2d45a094df02a206a39ff4
AQI,ALICANTO MINERALS LIMITED,Mt Henry acquisition update and leadership appointments,2026-02-02,"Alicanto shareholders approve acquisition of 915,000oz Mt Henry Gold Project in WA Senior leadership appointments; Preparations underway for an extensive drilling program focused on resource growth Alicanto Minerals Limited (ASX: AQI) is pleased to advise that shareholders approved the Company’s acq",https://cdn-api.markitdigital.com/apiman-gateway/ASX/asx-research/1.0/file/2924-03051673-6A1309896?access_token=83ff96335c2d45a094df02a206a39ff4
FAU,FIRST AU LIMITED,Gimlet Phase 3 Infill RC Drilling Confirms High-Grade Gold,2026-02-02,"First Au Limited 2nd February 2026 Gimlet Phase 3 Infill RC Drilling Confirms High-Grade Gold Deposit and Supports Resource Upgrade  First batch of assay results from the Phase 3 drilling program at the Gimlet deposit comprises 44 holes for a total of 3,759m of RC drilling. Significant high-grade",https://cdn-api.markitdigital.com/apiman-gateway/ASX/asx-research/1.0/file/2924-03051852-3A686301?access_token=83ff96335c2d45a094df02a206a39ff4
PV1,PROVARIS ENERGY LTD,MOU with Yinson and Himile to Advance LCO2 Tank Production,2026-02-02,"Provaris and Yinson Production Advance MOU with Himile to Confirm Feasibility of LCO₂ Tank Production • Provaris and Yinson Production enter MOU with Himile to assess the fabrication of the proprietary LCO₂ tank at Himile’s manufacturing site in Rushan, China.",https://cdn-api.markitdigital.com/apiman-gateway/ASX/asx-research/1.0/file/2924-03051690-6A1309923?access_token=83ff96335c2d45a094df02a206a39ff4
BVR,BELLAVISTA RESOURCES LTD,Pickle Crow Gold Project Acquisition and Placement,2026-02-02,Not for release to US wire services or distribution in the United States and not for distribution to Canadian newswire services or for release publication distribution or dissemination directly or indirectly in Canada Bellavista agrees to acquire 80% of Pickle Crow Gold Project and highly prospectiv,https://cdn-api.markitdigital.com/apiman-gateway/ASX/asx-research/1.0/file/2924-03051899_PS-6A1310001?access_token=83ff96335c2d45a094df02a206a39ff4
RGL,RIVERSGOLD LIMITED,Kalgoorlie Gold Project Drilling Results Continue to Deliver,2026-02-02,Kalgoorlie Gold Project - Drilling Results Continue to Deliver 25km from Kalgoorlie • Riversgold continues intersecting shallow gold mineralisation as it expands it gold footprint at its Northern Zone Gold Project near Kalgoorlie in Western Australia.,https://cdn-api.markitdigital.com/apiman-gateway/ASX/asx-research/1.0/file/2924-03051650-6A1309892?access_token=83ff96335c2d45a094df02a206a39ff4
RMX,RED MOUNTAIN MINING LIMITED,EXPLORATION COMMENCES AT OAKY CREEK HIGH-GRADE ANTIMONY,2026-02-02,"• Red Mountain has commenced an expanded auger soil sampling program at the Oaky Creek Antimony prospect in the New England Oregon, NSW • The previously reported large coherent soil anomalies and assay results of up to 39.3% Sb and 1.09ppm Au for Oaky Creek indicate the presence of a large-scale oro",https://cdn-api.markitdigital.com/apiman-gateway/ASX/asx-research/1.0/file/2924-03051630-6A1309883?access_token=83ff96335c2d45a094df02a206a39ff4
WTM,WARATAH MINERALS LIMITED,Drilling returns high-grade gold hits from Consol & Spurs,2026-02-02,Drilling returns exceptional high-grade gold hits from Consols and Spur • New drilling results add further confidence to the geological model and extends high-grade gold mineralisation up dip and along strike at both Consols and Spur • Consols Zone Extensional and Exploration Drilling: Partial assay,https://cdn-api.markitdigital.com/apiman-gateway/ASX/asx-research/1.0/file/2924-03051685-6A1309921?access_token=83ff96335c2d45a094df02a206a39ff4
TXR,TALONX RESOURCES LIMITED,RC Drilling Confirms Shallow High-Grade Gold at Viking,2026-02-02,2nd February 2026 ASX CODE: TXR • RC drilling confirms continuity of historical high-grade gold mineralisation at the Beaker 2 Prospect • Program successfully infilled areas of historical drilling to approximately 40m spacing • Results validate historical intercepts and demonstrate continuity of sha,https://cdn-api.markitdigital.com/apiman-gateway/ASX/asx-research/1.0/file/2924-03051627-6A1309881?access_token=83ff96335c2d45a094df02a206a39ff4
LSR,LODESTAR MINERALS LIMITED,Chilean Project Acquisition,2026-02-02,"LSR Acquires Drill-Ready Chilean Cu-Mo-Au Porphyry Project Outcropping Porphyry Target located in one of Chile’s most established mining regions  Nominal cash payment of USD $30,000 at signing of agreement to have sole access rights to the Los Loros Copper-Molybdenum & Gold porphyry project  The L",https://cdn-api.markitdigital.com/apiman-gateway/ASX/asx-research/1.0/file/2924-03051646-6A1309890?access_token=83ff96335c2d45a094df02a206a39ff4
BVR,BELLAVISTA RESOURCES LTD,Presentation - Pickle Crow Acquisition and Capital Raise,2026-02-02,"Ontario Gold Projects Acquisition Transformational gold acquisition in Ontario: Size, Grade, Camp-scale Upside Contemporaneous A$25.0m Placement Not for release to US wire services or distribution in the United States and not for distribution to Canadian newswire services or for release, publication",https://cdn-api.markitdigital.com/apiman-gateway/ASX/asx-research/1.0/file/2924-03051900-6A1310004?access_token=83ff96335c2d45a094df02a206a39ff4
NIC,NICKEL INDUSTRIES LIMITED,Completion of ENC 10% Acquisition by Strategic Partner,2026-01-30,"Sydney NSW 2000 (3 pages)  Completion of Sphere’s acquisition of a 10% interest in the ENC project, at a US$2.4 billion valuation  Sphere is a key accredited supplier to SpaceX, and its investment represents a strong external validation of both NIC and ENC as global showcases for sustainable, high",https://cdn-api.markitdigital.com/apiman-gateway/ASX/asx-research/1.0/file/2924-03050841-2A1650536?access_token=83ff96335c2d45a094df02a206a39ff4
NAG,NAGAMBIE RESOURCES LIMITED,Proposed Alkane and Nagambie Joint Venture,2026-01-30,"Proposed Alkane and Nagambie Joint Venture (ANJV) Nagambie Resources Limited (ASX: NAG, Nagambie or the Company) is very pleased to announce that Nagambie and Mandalay Resources Costerfield Operations Pty Ltd (Costerfield), a 100% subsidiary of Alkane Resources Limited (ASX: ALK), have signed a bind",https://cdn-api.markitdigital.com/apiman-gateway/ASX/asx-research/1.0/file/2924-03050789_PS-3A686183?access_token=83ff96335c2d45a094df02a206a39ff4
EVG,EVION GROUP NL,Maniry Permit approval advances as US pledge support,2026-01-30,Africa and the USA sign Strategic Development Program as Madagascar starts to fast track mining permit approvals Evion Group NL (“Evion” or “the Company”) (ASX: EVG) a vertically integrated graphite developer notes that the USA and the African Union Commission (“AUC”) recently met and have announced,https://cdn-api.markitdigital.com/apiman-gateway/ASX/asx-research/1.0/file/2924-03050783-6A1309400?access_token=83ff96335c2d45a094df02a206a39ff4
AUI,AUSTRALIAN UNITED INVESTMENT COMPANY LIMITED,Proposed merger with DUI,2026-01-30,Australian United Investment Company Limited Proposed merger with Diversified United Investment Limited Australian United Investment Company Ltd (AUI) announces that it has entered into an implementation deed for a proposed merger with Diversified United Investment Ltd (DUI) to be implemented by way,https://cdn-api.markitdigital.com/apiman-gateway/ASX/asx-research/1.0/file/2924-03050717-3A686158?access_token=83ff96335c2d45a094df02a206a39ff4
CRD,CONRAD ASIA ENERGY LTD.,Binding Term Sheet for Duyung PSC Settlement,2026-01-30,"Binding Term Sheet for Duyung PSC Settlement Conrad Asia Energy Ltd (ASX: CRD) (the “Company” or “Conrad”), an Asia-focused natural gas exploration and development company, is pleased to announce that the Company and its subsidiary, West Natuna Exploration Limited (“WNEL”), operator of Duyung Produc",https://cdn-api.markitdigital.com/apiman-gateway/ASX/asx-research/1.0/file/2924-03050740-6A1309368?access_token=83ff96335c2d45a094df02a206a39ff4
ENT,ENTERPRISE METALS LIMITED,Drilling Results - Vulcan - Doolgunna,2026-01-30,Enterprise Metals Limited (ASX: ENT) (‘ENT or the ‘Company’) is pleased to provide the following report on the drilling on the Vulcan Prospect at Doolgunna (exploration tenement E52/2049) in Western Australia.,https://cdn-api.markitdigital.com/apiman-gateway/ASX/asx-research/1.0/file/2924-03051243-6A1309634?access_token=83ff96335c2d45a094df02a206a39ff4
ACP,AUDALIA RESOURCES LIMITED,Medcalf Project - Jan 2026 PFS Update & Maiden Ore Reserve,2026-01-30," January 2026 PFS Update delivers robust project and strong economic results delivering the project’s maiden JORC 2012 Ore Reserve with 100% Probable Category of 11.77Mt at 11.0% TiO , 0.6% V O and 53.8% Fe O  This result is underpinned by the increase in the Mineral Resource Estimate Indicated ma",https://cdn-api.markitdigital.com/apiman-gateway/ASX/asx-research/1.0/file/2924-03051536-6A1309807?access_token=83ff96335c2d45a094df02a206a39ff4
RCM,RAPID CRITICAL METALS LIMITED,Canada - High Grade Ga-Ge Sampling Confirms Historic Results,2026-01-30,17 DASeXc Leimmitbeed r- 2Co0m2p5a ny Announcements Platform Prophet River High-Grade Ga–Ge Sampling Confirms Historic Results; Geophysics Defines Five Priority Anomalies • High-grade Ga–Ge rock chips confirm historic results: assays returned up to 763 g/t Ge + 65.5 g/t Ga (Sample 304178) and 250 g/,https://cdn-api.markitdigital.com/apiman-gateway/ASX/asx-research/1.0/file/2924-03050976-2A1650601?access_token=83ff96335c2d45a094df02a206a39ff4
AM5,ANTARES METALS LIMITED,COMPLETION OF TRANSFORMATIONAL WA GOLD & COPPER ACQUISITION,2026-01-30,"▪ Antares has acquired a 100% interest in the Quinns Gold & Copper-Zinc VMS Project and Katanning Gold Project located in Western Australia ▪ Quinns covers 165 km2 of prime tenure in the Meekatharra greenstone belt, Murchison Province located ~10km from Monument Mining's (TSX.V:MMY) Burnakura Mill &",https://cdn-api.markitdigital.com/apiman-gateway/ASX/asx-research/1.0/file/2924-03050629-6A1309319?access_token=83ff96335c2d45a094df02a206a39ff4
ALY,ALCHEMY RESOURCES LIMITED,Significant New Targets at Yellow Mountain Copper Project,2026-01-30,BOARD AND MANAGEMENT IP Survey Points to significant new target areas NON-EXECUTIVE CHAIRMAN at Yellow Mountain Copper Project in NSW ▪ Strong Induced Polarisation (“IP”) anomalies up to 35mV/V defined by a recently completed survey at the Yellow Mountain project in New South Wales.,https://cdn-api.markitdigital.com/apiman-gateway/ASX/asx-research/1.0/file/2924-03050557-6A1309253?access_token=83ff96335c2d45a094df02a206a39ff4
DUI,DIVERSIFIED UNITED INVESTMENT LIMITED,Proposed merger with AUI,2026-01-30,Diversified United Investment Limited Proposed merger with Australian United Investment Company Limited Diversified United Investment Ltd (ASX: DUI) announces that it has entered into an implementation deed for a proposed merger (“Merger”) with Australian United Investment Company Limited (ASX: AUI),https://cdn-api.markitdigital.com/apiman-gateway/ASX/asx-research/1.0/file/2924-03050703-3A686161?access_token=83ff96335c2d45a094df02a206a39ff4
MKR,MANUKA RESOURCES LTD.,Cobar Basin PFS Shows Substantial Increase in Profit and NPV,2026-01-30,"Manuka Provides Updated Cobar Basin PFS Highlighting Substantial Increase in Profit and NPV • Project NPV of A$805 million and IRR of 1,092% based on US$95/oz silver, US$4,800/oz gold prices and AUD/USD of 0.7000.",https://cdn-api.markitdigital.com/apiman-gateway/ASX/asx-research/1.0/file/2924-03050796-2A1650520?access_token=83ff96335c2d45a094df02a206a39ff4
OMH,OM HOLDINGS LIMITED,Recommissioning Update at Qinzhou smelter,2026-01-29,"(Malaysian Registration No. 202002000012 (995782-P)) Incorporated in Bermuda No. of Pages Lodged: 1 ASX Market Announcements The Board of OM Holdings Limited (ASX:OMH | BURSA:OMH-5298) (“OMH” or the “Company”), is pleased to provide an operational update on OM Materials (Qinzhou) Co., Ltd. (""OMQ"").",https://cdn-api.markitdigital.com/apiman-gateway/ASX/asx-research/1.0/file/2924-03050459-6A1309181?access_token=83ff96335c2d45a094df02a206a39ff4
KGD,,Suspension following Forrestania's compulsory acquisition,2026-01-29,"Suspension following Forrestania’s compulsory Date: 29 January 2026 ACN: 126 741 259 ASX Code: KGD Kula Gold Limited (“Kula” or “the Company”) refers to the off-market takeover bid by Forrestania Resources Limited (ASX: FRS), and following which FRS is compulsorily acquiring the remaining shares in ",https://cdn-api.markitdigital.com/apiman-gateway/ASX/asx-research/1.0/file/2924-03050236-6A1309067?access_token=83ff96335c2d45a094df02a206a39ff4
JNS,JANUS ELECTRIC HOLDINGS LIMITED,Janus Electric Announces Canadian Strategic Partnership,2026-01-29,"info@januselectric.com.au Janus Electric Holdings Limited 5 Catamaran Road Fountaindale, NSW 2258 Janus Electric Announces Strategic Partnership for Circular Energy Ecosystem; Integrating Swappable Battery EV Fleet with Negative-",https://cdn-api.markitdigital.com/apiman-gateway/ASX/asx-research/1.0/file/2924-03050233-2A1650257?access_token=83ff96335c2d45a094df02a206a39ff4
MRQ,MRG METALS LIMITED,JV Partner Sets Start Up Production Target of March 2027,2026-01-29,"Joint Venture Partner Sets March 2027 Start-Up Production Target for Corridor Sands 2 Billion Tonne Heavy Mineral Sands Project Following extensive recent work carried out in Mozambique, MRG’s Joint Venture Partner in the HMS Project, Sinowin Lithium has advised MRG of the Following: • Joint Venture",https://cdn-api.markitdigital.com/apiman-gateway/ASX/asx-research/1.0/file/2924-03050198-3A686086?access_token=83ff96335c2d45a094df02a206a39ff4
PLC,PREMIER1 LITHIUM LIMITED,Premier1 Completes 100% Acquisition of Yalgoo Gold Project,2026-01-29,"Premier1 completes 100% acquisition of Yalgoo Gold Project, WA  Premier1 has consolidated full ownership of the Yalgoo Gold Project in Western Australia’s highly prospective Yalgoo–Singleton Greenstone Belt  Located 10km southeast of Ramelius’ Melville and Applecross Prospects (5.2Mt @ 1.4g/t for ",https://cdn-api.markitdigital.com/apiman-gateway/ASX/asx-research/1.0/file/2924-03050221-3A686016?access_token=83ff96335c2d45a094df02a206a39ff4
SHP,,Swedish Exploration Licence Approvals,2026-01-29,European Critical Minerals Growth Strategy Advances with Copper – Gold Licence Approvals in Sweden South Harz Potash Limited (ASX:SHP) (South Harz or the Company) is pleased to advise that it has to date been granted three of the six exploration licences recently applied for within the Värmland Prov,https://cdn-api.markitdigital.com/apiman-gateway/ASX/asx-research/1.0/file/2924-03050188-6A1309044?access_token=83ff96335c2d45a094df02a206a39ff4
VBX,VBX LIMITED,Material Improvements to Wuudagu DFS Scope,2026-01-29,Material Improvements to Wuudagu DFS Scope • An increased mining rate from 6 Mtpa to between 8 and 9 Mtpa and a higher product mass recovery to be incorporated in the DFS following an increase in the size and confidence of the Wuudagu Mineral Resource Estimate and improved beneficiation results • Hy,https://cdn-api.markitdigital.com/apiman-gateway/ASX/asx-research/1.0/file/2924-03050177-6A1309043?access_token=83ff96335c2d45a094df02a206a39ff4
BTR,BRIGHTSTAR RESOURCES LIMITED,Updated Goldfields Feasibility Study,2026-01-29,Development of Menzies and Laverton delivers 74% IRR Upgraded Mineral Resources delivers increased Ore Reserves and expanded Mine Plans Project Revenue A$2.7 billion Free Cash-Flow (pre-tax) A$1.0 billion Pre-Production Capital A$188 million,https://cdn-api.markitdigital.com/apiman-gateway/ASX/asx-research/1.0/file/2924-03050332-6A1309106?access_token=83ff96335c2d45a094df02a206a39ff4
INF,INFINITY METALS LIMITED,Drilling Results - Cobungra Gold-Silver Project,2026-01-29,• Initial composites assay results have been received from the programme conducted in • Significant strike of mineralisation proven within tenement as mineralisation now shown to link with other prospects.,https://cdn-api.markitdigital.com/apiman-gateway/ASX/asx-research/1.0/file/2924-03050118-6A1309016?access_token=83ff96335c2d45a094df02a206a39ff4
SVG,SAVANNAH GOLDFIELDS LIMITED,Further High Grade Gold Drill Intercepts at Electric Light,2026-01-29,Savannah Goldfields Limited (“Savannah” or “the Company”) (ASX:SVG) is pleased to announce the assay results now received from the Reverse Circulation Drilling program completed at Electric Light in December 2025.,https://cdn-api.markitdigital.com/apiman-gateway/ASX/asx-research/1.0/file/2924-03050168-2A1650231?access_token=83ff96335c2d45a094df02a206a39ff4
SMX,STRATA MINERALS LIMITED.,High-Grade Gold From Maiden Drilling at Zelica,2026-01-29,"• Maiden drilling program confirms consistent, shallow, high-grade gold oxide mineralisation along a 1km strike and directly beneath the existing pre-stripped shallow open pit at the Zelica Project, Western Australia • The 23-hole (1,970m) RC drilling program, including verification and extensional ",https://cdn-api.markitdigital.com/apiman-gateway/ASX/asx-research/1.0/file/2924-03050145-6A1309031?access_token=83ff96335c2d45a094df02a206a39ff4
FGR,FIRST GRAPHENE LIMITED,First production of graphene enhanced concrete roof tiles,2026-01-29,29th January 2026 First production of graphene enhanced concrete roof tiles by FP McCann • FP McCann (UK) produces initial run of PureGRAPH® enhanced roof tiles • Utilised 10 tonnes of graphene enhanced cement produced by FGR’s partner Breedon in December 2025,https://cdn-api.markitdigital.com/apiman-gateway/ASX/asx-research/1.0/file/2924-03050073-6A1309000?access_token=83ff96335c2d45a094df02a206a39ff4
GBM,GBM RESOURCES LIMITED.,Outstanding High Grade Intersection 100m Outside 309 Deposit,2026-01-29,"Perth, WA, 6000 E reception@gbmex.com.au GBM Resources Limited (ASX: GBM) (“GBM” or “the Company”) is pleased to announce assay results for a further three of thirteen drillholes from Stage 1 drilling at 309, within the Company’s Twin Hills Gold Project (~1.0Moz Mineral Resource Estimate (“MRE”)) in",https://cdn-api.markitdigital.com/apiman-gateway/ASX/asx-research/1.0/file/2924-03050007-6A1308972?access_token=83ff96335c2d45a094df02a206a39ff4
CCA,CHANGE FINANCIAL LIMITED,Q2 Activities Report & 4C - Record Revenue Quarter,2026-01-29,"CHANGE FINANCIAL LIMITED WEBSITE www.changefinancial.com ACN 150 762 351 1 REGISTERED ADDRESS: Suite 3E, Level 3, 340 Adelaide Street, Brisbane QLD 4000 POSTAL ADDRESS: GPO Box 1322, Brisbane QLD 4001 December 2025 Quarterly Update and Appendix 4C Q2 FY26 Highlights • Customer receipts of US$3.9m (A",https://cdn-api.markitdigital.com/apiman-gateway/ASX/asx-research/1.0/file/2924-03049971-2A1650105?access_token=83ff96335c2d45a094df02a206a39ff4
TIO,TEMAS RESOURCES CORP.,Temas Advances Commercialisation of Patented RCL Technology,2026-01-29,"Pilot-scale validation confirms commercial-grade TiO production, enhanced revenue capture through multi-metal recovery, material cost reductions and establishes a global licensing and partnership pathway.",https://cdn-api.markitdigital.com/apiman-gateway/ASX/asx-research/1.0/file/2924-03050008-6A1308974?access_token=83ff96335c2d45a094df02a206a39ff4
AKN,AUKING MINING LIMITED,Acquisition of Tin and Silver Prospects,2026-01-29,Brisbane Queensland 4000 • Proposed Acquisition: AuKing has signed an agreement to acquire a 100% interest in certain tin and silver exploration licence applications situated adjacent to the world class Renison Bell tin mine in Tasmania.,https://cdn-api.markitdigital.com/apiman-gateway/ASX/asx-research/1.0/file/2924-03049981-2A1650113?access_token=83ff96335c2d45a094df02a206a39ff4
SRK,STRIKE RESOURCES LIMITED,Strike Signs Port MOU to Support Apurimac Export Strategy,2026-01-29,Strike Signs Port MOU to Support Apurimac Iron Ore Export Strategy Strike Resources Limited (ASX: SRK) (Strike) is pleased to announce that it has entered into a Memorandum of Understanding (MOU) with Naviera Petral S.A.,https://cdn-api.markitdigital.com/apiman-gateway/ASX/asx-research/1.0/file/2924-03049939-6A1308953?access_token=83ff96335c2d45a094df02a206a39ff4
SNX,SIERRA NEVADA GOLD INC.,SNX Awarded the As Safra Copper-Gold Project,2026-01-29,"SIERRA NEVADA GOLD INC USA 5470 Louie Lane, Suite 101, Australia | T +61 3 9692 7222 ASX: SNX, ARBN: 653 575 618 Reno, Nevada 89511 | T +1 775 507 7166 E info@sngold.com.au W www.sngold.com.au SNX Awarded the As Safra Copper-Gold Project at Future Minerals Forum Conference in Saudi Arabia  Sierra N",https://cdn-api.markitdigital.com/apiman-gateway/ASX/asx-research/1.0/file/2924-03049949-3A686031?access_token=83ff96335c2d45a094df02a206a39ff4
KM1,KALI METALS LIMITED,High Grade Gold Results From Maiden Marble Bar Drill Program,2026-01-29,"Shallow, High Grade Gold Results From Maiden Marble Bar Drill Program Kali Metals Limited (ASX: KM1) (“Kali” or “the Company”) is pleased to advise that it has received assay results from its maiden drilling program at its Marble Bar Gold Project in Western Australia.",https://cdn-api.markitdigital.com/apiman-gateway/ASX/asx-research/1.0/file/2924-03049953-6A1308956?access_token=83ff96335c2d45a094df02a206a39ff4
BTR,BRIGHTSTAR RESOURCES LIMITED,Updated Goldfields DFS Presentation,2026-01-29,Building a Growing Western Australian Gold Producer Updated Goldfields Definitive Feasibility Study Important Notices & Disclaimers Important Notices This presentation (Presentation) has been prepared by Brightstar and has been authorised for release by the Board of Directors of Brightstar on the ba,https://cdn-api.markitdigital.com/apiman-gateway/ASX/asx-research/1.0/file/2924-03050333-6A1309109?access_token=83ff96335c2d45a094df02a206a39ff4
PGO,PACGOLD LIMITED,Further High Grade Antimony Results from St George Drilling,2026-01-29,Further High Grade Antimony results from St George Project Drilling Continued definition of high-grade Sb shallow mineralisation  ST GEORGE 2025 FINAL DRILLING RESULTS – Assays from the final 7 holes of Pacgold’s first pass drilling programme at the St George Gold-Antimony Project continue to defin,https://cdn-api.markitdigital.com/apiman-gateway/ASX/asx-research/1.0/file/2924-03049921-3A686020?access_token=83ff96335c2d45a094df02a206a39ff4
KTA,KRAKATOA RESOURCES LIMITED,High-Grade Gold and Antimony Confirmed at Zopkhito Project,2026-01-29,High-Grade Gold and Antimony Confirmed at Zopkhito Project Maiden core drilling confirms historical high-grade results at the Zopkhito Antimony- • Validation of historical high-grade mineralisation with Zopkhito hosting one of the world’s highest-grade antimony foreign resource estimates • Significa,https://cdn-api.markitdigital.com/apiman-gateway/ASX/asx-research/1.0/file/2924-03049910-6A1308943?access_token=83ff96335c2d45a094df02a206a39ff4
M2R,MIRAMAR RESOURCES LIMITED,RC Drilling Underway at Gidji JV Gold Project,2026-01-29,"ASX: M2R | 29 January 2026 • RC drilling underway of high-priority Blackfriars and Highway gold prospects • Prime location only 15km north of Kalgoorlie and surrounded by infrastructure Miramar Resources Limited (ASX:M2R, “Miramar” or “the Company”) is pleased to advise that reverse circulation (RC)",https://cdn-api.markitdigital.com/apiman-gateway/ASX/asx-research/1.0/file/2924-03049906-6A1308941?access_token=83ff96335c2d45a094df02a206a39ff4
WEC,WHITE ENERGY COMPANY LIMITED,Agreement to sell Mountainside Coal Company assets,2026-01-28,"White Energy Company Limited ABN 62 071 527 083 Lobby 1, Level 2, 76 Skyring Terrace Phone +61 7 3229 9035 Newstead Queensland 4006 info@whiteenergyco.com Australia ASX: WEC | OTC: WECFF whiteenergyco.com Company Announcements Office",https://cdn-api.markitdigital.com/apiman-gateway/ASX/asx-research/1.0/file/2924-03049788-2A1650038?access_token=83ff96335c2d45a094df02a206a39ff4
NVQ,NOVIQTECH LIMITED,Placement & Carbon Removal & Data Centre Binding Acquisition,2026-01-28,NoviqTech Expands into Carbon Removal and Data Center Sustainability via Binding Acquisition of Coralia and Capital Raising Sydney 28 January - NoviqTech Limited (ASX: NVQ) (“the Company”) is pleased to announce it has entered into a binding agreement to acquire Coralia Pty Ltd: (https://coralia.com,https://cdn-api.markitdigital.com/apiman-gateway/ASX/asx-research/1.0/file/2924-03049614-3A685974?access_token=83ff96335c2d45a094df02a206a39ff4
MMA,MARONAN METALS LIMITED,Metallurgical Testwork Shows Stronger Gold Recoveries,2026-01-28,"• Updated Copper Gold metallurgical testwork provides further confidence in processing primary Cu-Au ore with significantly improved recoveries including; Combined gold recoveries up to 88% from primary Cu–Au ore types, compared with 50–70% reported in previous testwork Combined copper recoveries ex",https://cdn-api.markitdigital.com/apiman-gateway/ASX/asx-research/1.0/file/2924-03049606-2A1649961?access_token=83ff96335c2d45a094df02a206a39ff4
MRD,MOUNT RIDLEY MINES LIMITED,367.98Mt Scandium Resource Estimate at Mount Ridley Project,2026-01-28,"Maiden 367.98Mt Scandium Resource Estimate at the Mount Ridley Project 367.98Mt at 57.3 ppm Sc (87.9 ppm Sc O ) at 25 ppm Sc cut off • Inferred Mineral Resource of 367.98Mt @ 57.3 ppm scandium (87.9 ppm Sc₂O₃) for 18,855 tonnes contained scandium metal and 28,920t contained scandium oxide reported a",https://cdn-api.markitdigital.com/apiman-gateway/ASX/asx-research/1.0/file/2924-03049625-6A1308741?access_token=83ff96335c2d45a094df02a206a39ff4
PAB,PATRYS LIMITED,Completion of Acquisition and Board Appointments,2026-01-28,"ASX & Media Release Completion of Acquisition and Board Appointments • Acquisition of Reliis Pty Ltd completed, with Reliis now a wholly owned subsidiary of Patrys • RLS-2201 proprietary injectable quetiapine program added to Patrys’ clinical-stage pipeline • Board strengthened with the appointment ",https://cdn-api.markitdigital.com/apiman-gateway/ASX/asx-research/1.0/file/2924-03049555-3A685975?access_token=83ff96335c2d45a094df02a206a39ff4
HRZ,HORIZON MINERALS LIMITED,Continued High-Grade Success from Burbanks Phase 1 Drilling,2026-01-28,"Horizon Minerals Limited (ASX: HRZ) (“Horizon” or the “Company”) is pleased to provide the latest update on the drilling program under way at its 100% owned high-grade Burbanks gold project, located 9km south of Coolgardie in the Western Australian Goldfields.",https://cdn-api.markitdigital.com/apiman-gateway/ASX/asx-research/1.0/file/2924-03049531-6A1308710?access_token=83ff96335c2d45a094df02a206a39ff4
NTU,NORTHERN MINERALS LIMITED,NTU- Exploration results including new Vulcan prospect,2026-01-28,"• Northern Minerals successfully completed four field exploration programs during H1 FY26 across its broader Browns Range rare earths project area, across northern Western Australia.",https://cdn-api.markitdigital.com/apiman-gateway/ASX/asx-research/1.0/file/2924-03049597-6A1308747?access_token=83ff96335c2d45a094df02a206a39ff4
ABR,ALBRIGHT METALS LTD,High-Grade Gold Results for Golden Pike Project,2026-01-28,"High-Grade Gold Results for Golden • First assays received from 2025 drilling at Vail Road Gold Deposit, with down hole intercepts including: VR-25-76 – 6.27m at 33.74 g/t Au from 54.43m including: 2.57m at 70.66 g/t Au from 57.26m VR-25-70 – 0.5m at 25.9 g/t Au from 100.20m",https://cdn-api.markitdigital.com/apiman-gateway/ASX/asx-research/1.0/file/2924-03049548-6A1308719?access_token=83ff96335c2d45a094df02a206a39ff4
BNZ,BENZ MINING CORP.,Icon Delivers Shallow High Grade Gold Discovery,2026-01-28,▪ Ultra high-grade shallow lens emerging at Icon through infill drilling: ▪ 13m at 29.0 g/t gold from 60m 25GLR232 ▪ 9m at 28.0g/t gold from 84m 25GLR190 ▪ 17m at 11.0g/t gold from 55m 25GLR237 ▪ Icon drilling continues to demonstrate large-scale bulk mineralisation: ▪ 200m at 1.0/t gold from 76m 25,https://cdn-api.markitdigital.com/apiman-gateway/ASX/asx-research/1.0/file/2924-03049494-6A1308688?access_token=83ff96335c2d45a094df02a206a39ff4
KOB,KOBA RESOURCES LIMITED,"Extremely High Grades, Up To 26.1% Tin, from Stannary Hills",2026-01-28,"Extremely High Grades, Up To 26.1% Tin, from Initial Sampling at the Stannary Hills Tin-Tungsten Project, Queensland Fieldwork continues to refine and prioritise drill targets at the Stannary Hills Tin- Tungsten Project in Queensland ahead of the Company’s maiden drilling program that is scheduled t",https://cdn-api.markitdigital.com/apiman-gateway/ASX/asx-research/1.0/file/2924-03049583-6A1308736?access_token=83ff96335c2d45a094df02a206a39ff4
AUE,AURUM RESOURCES LIMITED,Further high-grade intercepts at BMT3 in Boundiali,2026-01-28,"Aurum hits further high-grade gold at Boundiali’s BMT3 deposit, Côte d’Ivoire Aurum Resources (ASX: AUE, “Aurum” or “the Company”) is pleased to announce further encouraging high-grade gold results from its infill and step-back drilling, part of its 100,000m drilling program in CY2025 at the 2.41Moz",https://cdn-api.markitdigital.com/apiman-gateway/ASX/asx-research/1.0/file/2924-03049492-6A1308686?access_token=83ff96335c2d45a094df02a206a39ff4
TGP,,Notice of Compulsory Acquisition,2026-01-28,russell.lyons@klgates.com Market Announcements Office T +61 2 9513 2510 Contact: Becki Tam Exchange Centre becki.tam@klgates.com Sydney NSW 2000,https://cdn-api.markitdigital.com/apiman-gateway/ASX/asx-research/1.0/file/2924-03049434-2A1649900?access_token=83ff96335c2d45a094df02a206a39ff4
PHO,PHOSCO LTD,Latest KM Assays Confirm Thick Phosphate,2026-01-28,"Outstanding assays pave way for maiden resource at high-grade KM prospect KM has the potential to boost the upfront economics of Gasaat due to its high grades, thick mineralisation, low strip ratio, and proximity to the proposed plant • Final assay results have been received for the remaining five h",https://cdn-api.markitdigital.com/apiman-gateway/ASX/asx-research/1.0/file/2924-03049483-3A685956?access_token=83ff96335c2d45a094df02a206a39ff4
EVR,EV RESOURCES LTD,High-Grade Critical Metals Results Enhance US Pipeline,2026-01-28,"High-Grade Critical Metals Results Enhance US Pipeline Up To 9.82% Sb, 24.00% Cu and 434ppm Ag, Milton Project, Nevada. Follow up planning underway • Reconnaissance rock chip sampling has returned high-grade antimony, copper and silver assays from the Milton Antimony project.",https://cdn-api.markitdigital.com/apiman-gateway/ASX/asx-research/1.0/file/2924-03049559-6A1308724?access_token=83ff96335c2d45a094df02a206a39ff4
SHN,SUNSHINE METALS LIMITED,"Further, Exceptional High-grade Gold and Silver - Liontown",2026-01-28,"Sunshine Metals Limited ASX: SHN U26,31-45 Eyre St info@shnmetals.com.au North Ward, Qld 4810 shnmetals.com.au Further, Exceptional High-grade Gold and Silver - Liontown • Exceptional high-grade gold and silver intercepted near surface at Liontown, including: o 30m @ 6.68g/t Au & 396g/t Ag* from 17m",https://cdn-api.markitdigital.com/apiman-gateway/ASX/asx-research/1.0/file/2924-03049473-6A1308677?access_token=83ff96335c2d45a094df02a206a39ff4
RC1,REDCASTLE RESOURCES LIMITED,Additional Shallow High-Grade Gold Intercepts from RR,2026-01-28,"Additional Shallow High-Grade Gold Intercepts from Redcastle Reef • Exceptional high-grade gold intercepts returned from ongoing Grade Control (GC) drilling at Redcastle Reef (RR), confirming multiple robust high-grade shoots • Outstanding results include: o BMRC147: 10m @ 50.11 g/t Au from 12m, inc",https://cdn-api.markitdigital.com/apiman-gateway/ASX/asx-research/1.0/file/2924-03049366-6A1308609?access_token=83ff96335c2d45a094df02a206a39ff4
LM8,LUNNON METALS LIMITED,Hustler Assay Results and Plentiful Update,2026-01-28,"• Hustler in-fill results further define prospective gold zone, best intercepts include 20m @ 1.66g/t Au, 17m @ 1.50g/t Au,16m @ 1.39g/t Au and 28m @ 1.02g/t Au • Modelling of gold mineralisation will guide prospectivity ranking and potential future work • Plentiful EIS diamond hole complete, detail",https://cdn-api.markitdigital.com/apiman-gateway/ASX/asx-research/1.0/file/2924-03049367-6A1308610?access_token=83ff96335c2d45a094df02a206a39ff4
CNQ,CLEAN TEQ WATER LIMITED,CNQ Secures Engineering Contract with Sunrise Energy Metals,2026-01-27,"Clean TeQ Water Secures Engineering Contract with Sunrise Energy Metals for Syerston Scandium Project • Clean TeQ Water Limited (ASX: CNQ) has entered a contract with Sunrise Energy Metals (ASX: SRL) valued at A$665,160 • Engineering update covers Resin-In-Pulp (MBIX) and refinery circuits • Contrac",https://cdn-api.markitdigital.com/apiman-gateway/ASX/asx-research/1.0/file/2924-03049191-3A685910?access_token=83ff96335c2d45a094df02a206a39ff4
AUB,AUB GROUP LIMITED,Acquisition of Prestige and Equity Raising,2026-01-27,Not for release to US wire services or distribution in the United States ASX Market Announcements Office Sydney NSW 2000 Acquisition of Prestige and Equity Raising • AUB Group Limited (AUB) today announces it has entered into an agreement to acquire 95.9% of PIHL Holdings Limited (“Prestige”) for AU,https://cdn-api.markitdigital.com/apiman-gateway/ASX/asx-research/1.0/file/2924-03049091-2A1649721?access_token=83ff96335c2d45a094df02a206a39ff4
IVZ,INVICTUS ENERGY LTD,Al Mansour Holdings Strategic Partnership Update,2026-01-27,Al Mansour Holdings Strategic Partnership Update Invictus Energy Ltd (ASX: IVZ) (“Invictus” or “the Company”) provides an update in relation to the previously disclosed AMOG Joint Venture and Strategic Partnership with Al Mansour Holdings (AMH).,https://cdn-api.markitdigital.com/apiman-gateway/ASX/asx-research/1.0/file/2924-03049065-6A1308486?access_token=83ff96335c2d45a094df02a206a39ff4
AUB,AUB GROUP LIMITED,Acquisition and Equity Raising Presentation,2026-01-27,ASX Market Announcements Office Acquisition and Equity Raising Presentation Please find attached for immediate release in relation to AUB Group Limited (AUB) the following • Acquisition and Equity Raising Presentation. The release of this announcement was authorised by the AUB Board.,https://cdn-api.markitdigital.com/apiman-gateway/ASX/asx-research/1.0/file/2924-03049092-2A1649723?access_token=83ff96335c2d45a094df02a206a39ff4
VMS,VENARI MINERALS NL,Further Positive Metallurgical Results - Red Mountain,2026-01-27,"ASX / Media Release Further positive metallurgical test-work results from Red Mountain Lithium Project, Nevada, USA • Improved beneficiation results achieved through pre-soaking of high-grade material prior to attrition-scrubbing: o Lithium upgraded by 46.2% from 2,600ppm Li to 3,800ppm Li in <20µm ",https://cdn-api.markitdigital.com/apiman-gateway/ASX/asx-research/1.0/file/2924-03049064-6A1308484?access_token=83ff96335c2d45a094df02a206a39ff4
AON,APOLLO MINERALS LIMITED,Reinstatement of Couflens High Grade Tungsten Gold Project,2026-01-27,Apollo Minerals Limited (the “Company”) is pleased to advise that it has been formally notified by the Directorate General for Energy and Climate of the French Ministry that the Company’s Couflens exploration permit in southern France has been reinstated for a five-year term.,https://cdn-api.markitdigital.com/apiman-gateway/ASX/asx-research/1.0/file/2924-03049059-6A1308446?access_token=83ff96335c2d45a094df02a206a39ff4
VBX,VBX LIMITED,Metallurgical Optimisation Improves Beneficiation Recoveries,2026-01-27,Wuudagu Metallurgical Optimisation Improves Beneficiation • Successful DFS metallurgical optimisation test work delivers improved beneficiation results • Increased product mass recovery compared to the PFS provides another opportunity to increase annual production capacity at Wuudagu during the DFS ,https://cdn-api.markitdigital.com/apiman-gateway/ASX/asx-research/1.0/file/2924-03049043-6A1308473?access_token=83ff96335c2d45a094df02a206a39ff4
TM1,TERRA METALS LIMITED,Major High-Grade Platinum Group Metal Discovery at Southwest,2026-01-27,"• Second batch of assays from SW5 prospect have confirmed a major platinum group metal (“PGM”) sulfide discovery at Southwest, returning exceptionally high grade results up to 52.97g/t PGE31.",https://cdn-api.markitdigital.com/apiman-gateway/ASX/asx-research/1.0/file/2924-03049046-6A1308474?access_token=83ff96335c2d45a094df02a206a39ff4
OZM,OZAURUM RESOURCES LIMITED,High-Grade Gold Strengthens Stage 1 Open Pit Confidence,2026-01-27,High-Grade Gold Strengthens Stage 1 Open Pit Confidence at Mulgabbie North OzAurum Resources Ltd (ASX: OZM or OzAurum or the Company) is excited to report strong shallow high-grade gold results from reverse circulation (RC) grade control drilling at the James Stage 1 Open Pit within its Mulgabbie No,https://cdn-api.markitdigital.com/apiman-gateway/ASX/asx-research/1.0/file/2924-03049039-6A1308471?access_token=83ff96335c2d45a094df02a206a39ff4
TAT,TARTANA MINERALS LIMITED,Copper Silver and Indium Rock Chip Assays at Cardross,2026-01-27,"Copper, Silver and Indium Assays Confirm Scope for by- product credits in the 0.5 Moz Cardross gold resource as well as the presence of multiple mineralised zones Prospect-scale rock chip sampling and mapping confirms high grades of copper, gold, silver and indium in widespread structurally controll",https://cdn-api.markitdigital.com/apiman-gateway/ASX/asx-research/1.0/file/2924-03049027-2A1649731?access_token=83ff96335c2d45a094df02a206a39ff4
NXN,NEXSEN LIMITED,$500k govt grant expands GBS project to neonates,2026-01-27,"Nexsen Limited (ASX:NXN) (“Nexsen” or the “Company”) is pleased to announce the expansion of its rapid point-of-care diagnostic portfolio following the award of a $500,000 non-dilutive grant to RMIT University under the Commonwealth’s Australia’s Economic Accelerator (AEA) Ignite program, with Nexse",https://cdn-api.markitdigital.com/apiman-gateway/ASX/asx-research/1.0/file/2924-03049000-2A1649720?access_token=83ff96335c2d45a094df02a206a39ff4
ORE,OREZONE GOLD CORPORATION,Transformational Acquisition of the Casa Berardi Gold Mine,2026-01-27,"450-505 Burrard Street Vancouver, BC, V7X 1M3 info@orezone.com Orezone Gold Announces Transformational Expansion into Canada with the Acquisition of the Casa Berardi Gold Mine All dollar amounts are in USD unless otherwise indicated and abbreviation “M” means million.",https://cdn-api.markitdigital.com/apiman-gateway/ASX/asx-research/1.0/file/2924-03048981-6A1308449?access_token=83ff96335c2d45a094df02a206a39ff4
GSN,GREAT SOUTHERN MINING LIMITED,"SHALLOW, HIGH-GRADE GOLD HITS CONTINUE AT GOLDEN BOULDER",2026-01-27,"27th January 2026  Initial assay results have been received for reverse circulation (RC) drilling conducted in late-2025 at the Golden Boulder discovery, part of GSN’s 100% owned Duketon Gold Project in Western Australia  Golden Boulder is located between the multi-million-ounce gold deposits of R",https://cdn-api.markitdigital.com/apiman-gateway/ASX/asx-research/1.0/file/2924-03048976-6A1308439?access_token=83ff96335c2d45a094df02a206a39ff4
BIM,BINDI METALS LIMITED,High Grade Gold-Silver at Surface from Ravni Gold Project,2026-01-27,"High Grade Gold-Silver at Surface from Ravni Gold Project • High grade gold and silver rock chip assays received from the mapping program across multiple prospects at the Ravni Gold Project, including results up to 48.7 g/t Au, 22.8 g/t Au, 181 g/t Ag & 12.1 g/t Au • A further 267 rock samples have ",https://cdn-api.markitdigital.com/apiman-gateway/ASX/asx-research/1.0/file/2924-03049079-6A1308491?access_token=83ff96335c2d45a094df02a206a39ff4
ORE,OREZONE GOLD CORPORATION,Presentation - Acquisition of the Casa Berardi Gold Mine,2026-01-27,"Acquisition of Casa Berardi Mine Corporate Presentation | January 2026 AlldollaramountsareinUSDunlessotherwiseindicated Investor Presentation This investor presentation is dated January 26, 2026, and has been prepared by Orezone Gold Corporation (“Orezone” or the “Company”) based on information avai",https://cdn-api.markitdigital.com/apiman-gateway/ASX/asx-research/1.0/file/2924-03048982-6A1308447?access_token=83ff96335c2d45a094df02a206a39ff4
IVG,INVERT GRAPHITE LIMITED,Kumba Drilling Delivers Further High-Grade Graphite,2026-01-27,Kumba Drilling Delivers Further High-Grade Graphite Over 14% TGC from initial drill line at Morogoro • Results from a further seven Reverse Circulation (RC) drill holes at the Kumba prospect in Morogoro have returned wide zones of graphite from surface including: o 64m @ 8.3% Total Graphitic Carbon ,https://cdn-api.markitdigital.com/apiman-gateway/ASX/asx-research/1.0/file/2924-03049037-2A1649736?access_token=83ff96335c2d45a094df02a206a39ff4
IXR,IONIC RARE EARTHS LIMITED,UK GOVT PROVIDES GBP12M GRANT OFFER TO IONIC TECHNOLOGIES,2026-01-27,• IonicRE’s wholly owned subsidiary Ionic Technologies has been provided an Offer in Principle for a £12 million (approx.,https://cdn-api.markitdigital.com/apiman-gateway/ASX/asx-research/1.0/file/2924-03048945-3A685864?access_token=83ff96335c2d45a094df02a206a39ff4
GG1,GREEN & GOLD MINERALS LIMITED,Silver Results Bolster High Grade Drill Results at Mt Wandoo,2026-01-27,High grade silver drill results at Mt Wandoo and Chillagoe exploration update ➢ High-grade drill results for silver are reported today from Mt Wandoo (alongside previously reported high-grade gold results) including: o 6m at 11.1 g/t Au and 281 g/t Ag from 38m (WBR076) including 3m at 19.6 g/t Au an,https://cdn-api.markitdigital.com/apiman-gateway/ASX/asx-research/1.0/file/2924-03048963-2A1649697?access_token=83ff96335c2d45a094df02a206a39ff4
CBY,CANTERBURY RESOURCES LIMITED,Excellent Drilling Results at Briggs,2026-01-27,"Canterbury Resources Limited Excellent Drilling Results at Briggs • Excellent assay results have been received from drill holes 25BRD00371 and 25BRD0038, completing the 2025 drilling program at Briggs.",https://cdn-api.markitdigital.com/apiman-gateway/ASX/asx-research/1.0/file/2924-03048924-2A1649680?access_token=83ff96335c2d45a094df02a206a39ff4
CBL,CONTROL BIONICS LIMITED,Tobii Dynavox - Distribution Partnership,2026-01-27,"Control Bionics Signs Agreement with Tobii Dynavox to Evaluate Distribution Partnership in the United States Melbourne, Australia – Control Bionics Limited (ASX: CBL) is pleased to announce that it has entered into an agreement with Tobii Dynavox, a global leader in Augmentative and Alternative Comm",https://cdn-api.markitdigital.com/apiman-gateway/ASX/asx-research/1.0/file/2924-03048874-2A1649663?access_token=83ff96335c2d45a094df02a206a39ff4
GG8,GORILLA GOLD MINES LTD,Mulwarrie Drilling Resumes and Further High-Grade Intercepts,2026-01-27,"Mulwarrie Gold Project, WA – Exploration Update Drilling recommences with initial high- grade results extending the mineralisation at Mulwarrie • Gorilla recommenced drilling at its key WA gold projects in early January 2026, with two rigs operating at Mulwarrie and three rigs operating at Comet Val",https://cdn-api.markitdigital.com/apiman-gateway/ASX/asx-research/1.0/file/2924-03048905-6A1308420?access_token=83ff96335c2d45a094df02a206a39ff4
WSI,WESTSTAR INDUSTRIAL LIMITED,SIMPEC awarded McArthur River Mining contract,2026-01-27,SIMPEC awarded construction contract by McArthur River Mining ● SIMPEC has been awarded a construction contract for a new Filtration Plant at the Glencore’s McArthur River Mine in the Northern Territory.,https://cdn-api.markitdigital.com/apiman-gateway/ASX/asx-research/1.0/file/2924-03048861-6A1308406?access_token=83ff96335c2d45a094df02a206a39ff4
SQX,SQX RESOURCES LIMITED,High Grade Gold Results of 11.5m @3g/t at Red Bird,2026-01-27,• Continuous horizontal surface chip channel sampling near main Red Bird portal o RBCH020: 11.5m @ 3.0g/t Au • Internal high-grade zones within the 11.5m intercept include: o 1.5m @ 7.2g/t Au (from 3.0m) o 1.5m @ 3.8g/t Au (from 4.5m) o 1.0m @ 3.6g/t Au (from 6.0m),https://cdn-api.markitdigital.com/apiman-gateway/ASX/asx-research/1.0/file/2924-03048887-2A1649653?access_token=83ff96335c2d45a094df02a206a39ff4
ALM,ALMA METALS LIMITED,Final Assays From 2025 Drilling Program,2026-01-27,"Briggs Copper Project: Final Assays From 2025 Drilling Program  Assays received for 2025 drill program including 620m @ 0.25% Cu from near-surface in hole 25BRD0037, the longest mineralised intersection recorded to date at Briggs.",https://cdn-api.markitdigital.com/apiman-gateway/ASX/asx-research/1.0/file/2924-03048855-6A1308404?access_token=83ff96335c2d45a094df02a206a39ff4
BC8,BLACK CAT SYNDICATE LIMITED,High-grade Antimony Results Continue - Mt Clement,2026-01-27,High-grade Antimony Results Continue - Mt Clement Black Cat Syndicate Limited (“Black Cat” or “the Company”) is pleased to provide an update on diamond drilling at the 100% owned Mt Clement Antimony Project (“Mt Clement”).,https://cdn-api.markitdigital.com/apiman-gateway/ASX/asx-research/1.0/file/2924-03048875-6A1308387?access_token=83ff96335c2d45a094df02a206a39ff4
EVR,EV RESOURCES LTD,"High-Grade Antimony, Copper and Silver Confirmed at Dollar",2026-01-27,"High-Grade Antimony, Copper and Silver Confirmed at US Antimony Project Up To 15.05% Sb, 17.8% Cu and >10,000ppm Ag, Dollar Project, Nevada. Follow up planning underway • High-grade antimony, copper and silver assays returned from initial reconnaissance visit to Dollar Antimony project.",https://cdn-api.markitdigital.com/apiman-gateway/ASX/asx-research/1.0/file/2924-03049014-6A1308458?access_token=83ff96335c2d45a094df02a206a39ff4
GPR,GEOPACIFIC RESOURCES LTD,High-Grade Near-Surface Gold Intercepts,2026-01-27,"High-Grade Near-Surface Gold Intercepts Extend Wayai Creek Mineralisation at • High-grade near-surface gold intersected at Wayai Creek during infill drilling, including: o 17 m @ 5.29 g/t Au from 36 m, and 9 m @ 1.62 g/t Au from 56 m (WCRC25006) o 5 m @ 4.15 g/t Au from 122 m (WDRC25008) o 5 m @ 3.9",https://cdn-api.markitdigital.com/apiman-gateway/ASX/asx-research/1.0/file/2924-03048834-6A1308362?access_token=83ff96335c2d45a094df02a206a39ff4
TCG,TURACO GOLD LIMITED,Exceptional Adiopan Results Deliver 1.5km Resource Extension,2026-01-27,"ASX: TCG | 27 January 2026 Exceptional Adiopan Results Deliver 1.5km Resource Extension • Extensional drilling at Adiopan, which defines the northern limit of the current 1.0Moz Asupiri Mineral Resource Estimate (MRE) within the broader 4.1Moz Afema Project MRE, has delivered exceptional results, co",https://cdn-api.markitdigital.com/apiman-gateway/ASX/asx-research/1.0/file/2924-03049011-6A1308452?access_token=83ff96335c2d45a094df02a206a39ff4
BHM,BROKEN HILL MINES LIMITED,"Pinnacles Drilling Delivers Near Surface, High Grade Silver",2026-01-27,"Pinnacles Drilling Results Pinnacles Drilling Delivers Thick, Near Surface, High Grade Silver Intercepts Including 9.2m at 545g/t AgEq Broken Hill Mines Limited (ASX: BHM) is pleased to report further very high grade shallow silver- lead-zinc intercepts from drilling at the Pinnacles Mine.",https://cdn-api.markitdigital.com/apiman-gateway/ASX/asx-research/1.0/file/2924-03049020-6A1308464?access_token=83ff96335c2d45a094df02a206a39ff4
