14,0.384,0.301,0.11,0.293,0.098,0.058,0.137,1,0,0
8,0.599,0.457,0.157,1.03,0.518,0.226,0.286,0,0,1
12,0.533,0.413,0.105,0.598,0.219,0.188,0.191,0,0,1
22,0.585,0.438,0.16,1.044,0.447,0.278,0.319,0,0,1
21,0.581,0.481,0.179,0.974,0.465,0.242,0.267,0,1,0
15,0.497,0.378,0.13,0.719,0.322,0.178,0.219,0,1,0
15,0.679,0.564,0.167,1.291,0.609,0.275,0.407,0,0,1
12,0.289,0.235,0.072,0.032,0.001,0.001,0.03,1,0,0
12,0.654,0.526,0.213,1.327,0.632,0.327,0.368,0,0,1
22,0.572,0.44,0.152,1.06,0.427,0.273,0.36,0,1,0
14,0.554,0.431,0.16,0.872,0.355,0.175,0.342,1,0,0
12,0.495,0.376,0.128,1.052,0.548,0.214,0.29,1,0,0
2,0.453,0.354,0.126,0.882,0.449,0.214,0.219,1,0,0
24,0.7,0.582,0.231,1.455,0.657,0.315,0.483,1,0,0
18,0.387,0.308,0.12,0.758,0.363,0.152,0.243,0,1,0
15,0.714,0.556,0.194,1.364,0.637,0.371,0.356,1,0,0
22,0.47,0.359,0.13,0.624,0.224,0.173,0.227,0,0,1
15,0.706,0.535,0.193,1.649,0.756,0.345,0.548,1,0,0
21,0.564,0.458,0.171,1.197,0.493,0.273,0.431,0,0,1
9,0.207,0.16,0.051,0.016,0.001,0.001,0.014,0,0,1
12,0.21,0.152,0.026,0.004,0.001,0.001,0.002,0,0,1
21,0.462,0.367,0.137,0.795,0.297,0.198,0.3,0,0,1
21,0.715,0.579,0.218,1.467,0.592,0.386,0.489,0,0,1
14,0.338,0.257,0.066,0.256,0.063,0.057,0.136,1,0,0
10,0.498,0.385,0.122,0.562,0.273,0.164,0.125,0,0,1
18,0.563,0.428,0.155,0.948,0.445,0.24,0.263,1,0,0
21,0.679,0.541,0.183,1.322,0.645,0.325,0.352,0,1,0
9,0.466,0.358,0.156,0.793,0.427,0.138,0.228,0,1,0
14,0.402,0.331,0.092,0.499,0.215,0.127,0.157,0,0,1
8,0.418,0.285,0.097,0.189,0.149,0.026,0.014,0,0,1
21,0.64,0.513,0.208,1.211,0.493,0.288,0.43,0,1,0
22,0.577,0.465,0.151,0.871,0.376,0.217,0.278,1,0,0
16,0.386,0.292,0.113,0.307,0.12,0.085,0.102,1,0,0
15,0.489,0.375,0.133,0.488,0.169,0.106,0.213,1,0,0
15,0.53,0.403,0.146,0.825,0.389,0.192,0.244,0,0,1
18,0.386,0.288,0.086,0.338,0.116,0.06,0.162,0,0,1
28,0.748,0.602,0.19,1.358,0.565,0.318,0.475,0,1,0
24,0.665,0.517,0.171,1.353,0.647,0.295,0.411,0,0,1
14,0.498,0.399,0.145,0.873,0.466,0.192,0.215,1,0,0
6,0.288,0.241,0.056,0.019,0.001,0.001,0.017,1,0,0
22,0.612,0.482,0.189,1.152,0.514,0.284,0.354,1,0,0
16,0.501,0.417,0.147,0.943,0.441,0.232,0.27,0,0,1
9,0.457,0.349,0.123,0.479,0.235,0.13,0.114,0,1,0
14,0.489,0.378,0.118,0.611,0.251,0.179,0.181,0,1,0
9,0.327,0.258,0.065,0.124,0.001,0.001,0.122,0,0,1
16,0.65,0.524,0.152,1.107,0.471,0.272,0.364,0,0,1
15,0.586,0.428,0.154,0.874,0.467,0.214,0.193,0,0,1
15,0.664,0.539,0.175,1.06,0.413,0.312,0.335,0,1,0
10,0.182,0.13,0.062,0.004,0.001,0.001,0.002,0,0,1
12,0.41,0.285,0.135,0.549,0.191,0.139,0.219,1,0,0
12,0.571,0.434,0.133,0.8,0.35,0.173,0.277,0,0,1
20,0.457,0.338,0.111,0.76,0.394,0.246,0.12,1,0,0
18,0.58,0.47,0.184,1.16,0.488,0.271,0.401,0,0,1
10,0.586,0.457,0.161,1.262,0.578,0.287,0.397,0,1,0
8,0.405,0.299,0.115,0.34,0.146,0.106,0.088,0,1,0
10,0.34,0.242,0.086,0.021,0.001,0.018,0.002,0,1,0
27,0.753,0.619,0.209,1.664,0.795,0.337,0.532,1,0,0
14,0.385,0.298,0.106,0.292,0.173,0.057,0.062,1,0,0
15,0.688,0.512,0.188,1.277,0.632,0.285,0.36,1,0,0
14,0.512,0.405,0.151,0.592,0.239,0.163,0.19,0,1,0
9,0.331,0.259,0.116,0.203,0.073,0.047,0.083,0,1,0
16,0.661,0.516,0.176,1.291,0.654,0.294,0.343,0,0,1
24,0.542,0.421,0.156,0.938,0.374,0.193,0.371,0,0,1
20,0.508,0.404,0.122,0.603,0.311,0.133,0.159,1,0,0
14,0.649,0.481,0.171,1.194,0.565,0.301,0.328,0,0,1
24,0.593,0.455,0.158,1.127,0.449,0.272,0.406,1,0,0
15,0.404,0.335,0.133,0.576,0.238,0.078,0.26,0,1,0
18,0.534,0.407,0.148,1.005,0.481,0.235,0.289,0,0,1
14,0.588,0.45,0.126,0.887,0.435,0.231,0.221,1,0,0
1,0.201,0.118,0.043,0.004,0.001,0.001,0.002,1,0,0
18,0.44,0.327,0.076,0.456,0.226,0.067,0.163,0,0,1
16,0.637,0.497,0.171,1.361,0.613,0.332,0.416,0,0,1
12,0.539,0.409,0.13,0.841,0.383,0.234,0.224,1,0,0
15,0.434,0.331,0.119,0.697,0.283,0.187,0.227,0,0,1
14,0.347,0.269,0.086,0.186,0.074,0.058,0.054,0,0,1
20,0.516,0.399,0.135,0.921,0.418,0.184,0.319,0,1,0
18,0.549,0.415,0.15,0.753,0.306,0.174,0.273,0,0,1
9,0.618,0.475,0.155,1.096,0.654,0.201,0.241,1,0,0
20,0.591,0.48,0.166,0.825,0.375,0.221,0.229,1,0,0
12,0.408,0.31,0.128,0.214,0.054,0.02,0.14,1,0,0
16,0.553,0.463,0.124,0.736,0.352,0.164,0.22,0,0,1
18,0.433,0.344,0.115,0.391,0.073,0.113,0.205,0,1,0
4,0.306,0.232,0.055,0.123,0.12,0.001,0.002,1,0,0
16,0.51,0.399,0.175,1.137,0.518,0.289,0.33,0,0,1
14,0.355,0.274,0.054,0.166,0.153,0.01,0.003,0,1,0
20,0.447,0.352,0.141,0.688,0.327,0.113,0.248,0,0,1
15,0.421,0.353,0.119,0.375,0.183,0.074,0.118,1,0,0
12,0.326,0.242,0.032,0.013,0.01,0.001,0.002,0,0,1
10,0.428,0.336,0.111,0.359,0.213,0.077,0.069,0,0,1
12,0.519,0.425,0.173,1.229,0.574,0.253,0.402,0,0,1
12,0.381,0.272,0.093,0.045,0.001,0.042,0.002,0,0,1
9,0.474,0.368,0.117,0.555,0.35,0.131,0.074,0,0,1
18,0.642,0.501,0.169,1.206,0.516,0.297,0.393,0,1,0
4,0.32,0.237,0.09,0.116,0.102,0.001,0.013,0,0,1
8,0.501,0.409,0.101,0.558,0.292,0.12,0.146,0,1,0
9,0.279,0.182,0.046,0.004,0.001,0.001,0.002,0,0,1
18,0.63,0.478,0.172,1.023,0.45,0.227,0.346,0,1,0
20,0.506,0.385,0.164,0.905,0.386,0.236,0.283,0,1,0
10,0.295,0.219,0.083,0.004,0.001,0.001,0.002,1,0,0
6,0.464,0.334,0.137,0.749,0.31,0.161,0.278,1,0,0
10,0.407,0.317,0.105,0.104,0.045,0.013,0.046,0,0,1
10,0.475,0.38,0.133,0.793,0.402,0.203,0.188,1,0,0
26,0.561,0.455,0.179,1.05,0.413,0.277,0.36,0,1,0
10,0.561,0.433,0.113,0.731,0.346,0.185,0.2,1,0,0
9,0.574,0.44,0.164,1.124,0.579,0.241,0.304,0,0,1
14,0.612,0.492,0.146,1.393,0.665,0.322,0.406,1,0,0
21,0.655,0.537,0.17,1.519,0.726,0.358,0.435,1,0,0
12,0.59,0.467,0.132,0.939,0.457,0.21,0.272,0,0,1
14,0.501,0.345,0.127,0.421,0.158,0.113,0.15,0,1,0
15,0.659,0.51,0.166,1.253,0.646,0.274,0.333,0,0,1
14,0.505,0.411,0.114,0.756,0.36,0.177,0.219,0,0,1
14,0.436,0.359,0.115,0.477,0.207,0.117,0.153,1,0,0
18,0.401,0.317,0.094,0.073,0.001,0.01,0.062,0,1,0
15,0.54,0.418,0.146,0.596,0.268,0.144,0.184,1,0,0
18,0.74,0.597,0.197,1.635,0.782,0.37,0.483,1,0,0
14,0.523,0.388,0.138,0.655,0.31,0.159,0.186,0,0,1
16,0.603,0.453,0.178,1.111,0.574,0.231,0.306,0,1,0
10,0.334,0.222,0.085,0.09,0.033,0.001,0.056,0,0,1
12,0.406,0.299,0.092,0.098,0.039,0.001,0.058,0,1,0
9,0.329,0.27,0.069,0.075,0.072,0.001,0.002,0,0,1
10,0.426,0.352,0.126,0.385,0.155,0.078,0.152,0,1,0
15,0.417,0.344,0.094,0.397,0.213,0.057,0.127,1,0,0
4,0.382,0.307,0.128,0.621,0.314,0.136,0.171,0,0,1
14,0.494,0.364,0.094,0.67,0.278,0.196,0.196,0,1,0
16,0.54,0.403,0.153,0.683,0.283,0.162,0.238,0,0,1
12,0.694,0.552,0.219,1.389,0.619,0.316,0.454,0,0,1
15,0.55,0.411,0.155,0.831,0.393,0.199,0.239,1,0,0
16,0.597,0.487,0.161,1.173,0.506,0.249,0.418,0,1,0
18,0.662,0.509,0.169,0.86,0.382,0.195,0.283,0,0,1
10,0.653,0.523,0.187,1.513,0.77,0.367,0.376,1,0,0
14,0.441,0.341,0.097,0.345,0.169,0.078,0.098,0,0,1
10,0.463,0.364,0.126,0.611,0.259,0.13,0.222,1,0,0
15,0.522,0.398,0.17,0.57,0.225,0.143,0.202,0,0,1
21,0.518,0.397,0.145,0.679,0.224,0.208,0.247,0,0,1
22,0.388,0.283,0.073,0.128,0.042,0.003,0.083,1,0,0
12,0.352,0.295,0.088,0.675,0.412,0.123,0.14,1,0,0
24,0.652,0.54,0.192,1.152,0.534,0.223,0.395,0,0,1
12,0.342,0.257,0.071,0.051,0.001,0.017,0.033,0,0,1
1,0.29,0.197,0.053,0.004,0.001,0.001,0.002,0,0,1
9,0.467,0.36,0.108,0.693,0.342,0.171,0.18,1,0,0
16,0.432,0.34,0.126,0.51,0.245,0.103,0.162,0,1,0
12,0.373,0.297,0.109,0.548,0.239,0.114,0.195,1,0,0
8,0.472,0.354,0.122,0.358,0.17,0.107,0.081,0,1,0
14,0.516,0.381,0.134,0.53,0.262,0.09,0.178,0,0,1
12,0.538,0.401,0.142,0.832,0.393,0.191,0.248,1,0,0
10,0.41,0.324,0.104,0.401,0.176,0.109,0.116,0,0,1
15,0.545,0.432,0.16,0.812,0.361,0.235,0.216,0,0,1
18,0.662,0.521,0.167,1.344,0.641,0.251,0.452,0,0,1
16,0.523,0.384,0.102,0.622,0.336,0.124,0.162,0,0,1
16,0.62,0.486,0.175,1.405,0.682,0.32,0.403,0,1,0
15,0.486,0.381,0.135,0.589,0.293,0.115,0.181,0,0,1
9,0.536,0.424,0.105,0.778,0.367,0.22,0.191,1,0,0
16,0.665,0.55,0.201,1.641,0.715,0.463,0.463,0,0,1
27,0.655,0.518,0.202,1.605,0.669,0.404,0.532,0,0,1
14,0.39,0.311,0.078,0.062,0.002,0.001,0.059,0,0,1
15,0.437,0.319,0.099,0.843,0.4,0.183,0.26,0,1,0
15,0.505,0.405,0.143,1.017,0.487,0.238,0.292,0,0,1
14,0.337,0.264,0.112,0.055,0.05,0.001,0.004,0,0,1
12,0.506,0.386,0.11,0.61,0.252,0.115,0.243,0,0,1
10,0.525,0.374,0.112,0.722,0.328,0.225,0.169,1,0,0
9,0.345,0.248,0.068,0.167,0.001,0.078,0.088,0,0,1
20,0.605,0.463,0.179,1.215,0.579,0.266,0.37,0,0,1
18,0.555,0.452,0.137,1.12,0.6,0.257,0.263,0,0,1
14,0.535,0.415,0.101,0.674,0.397,0.111,0.166,1,0,0
18,0.717,0.543,0.214,1.469,0.742,0.296,0.431,0,0,1
6,0.421,0.301,0.102,0.338,0.147,0.09,0.101,0,1,0
21,0.443,0.345,0.137,0.858,0.408,0.195,0.255,1,0,0
20,0.582,0.479,0.148,1.532,0.781,0.324,0.427,1,0,0
21,0.654,0.525,0.172,1.285,0.658,0.272,0.355,0,1,0
18,0.386,0.307,0.074,0.353,0.124,0.097,0.132,0,0,1
12,0.452,0.358,0.1,0.457,0.183,0.099,0.175,0,0,1
6,0.291,0.234,0.07,0.218,0.151,0.03,0.037,0,0,1
24,0.621,0.494,0.175,1.108,0.495,0.289,0.324,0,0,1
21,0.467,0.363,0.14,0.769,0.314,0.202,0.253,0,1,0
16,0.55,0.436,0.131,0.562,0.22,0.138,0.204,1,0,0
26,0.528,0.441,0.132,0.601,0.176,0.144,0.281,0,0,1
15,0.643,0.475,0.145,1.336,0.731,0.291,0.314,1,0,0
21,0.797,0.65,0.248,2.031,0.962,0.502,0.567,0,0,1
18,0.448,0.365,0.11,0.377,0.136,0.034,0.207,0,1,0
22,0.613,0.492,0.197,1.147,0.472,0.252,0.423,0,1,0
10,0.527,0.422,0.126,0.723,0.36,0.161,0.202,0,0,1
9,0.407,0.338,0.111,0.394,0.237,0.082,0.075,0,1,0
10,0.437,0.335,0.129,0.407,0.188,0.081,0.138,0,0,1
22,0.555,0.445,0.171,0.979,0.474,0.218,0.287,0,0,1
15,0.675,0.526,0.159,1.287,0.499,0.322,0.466,0,1,0
14,0.414,0.306,0.122,0.302,0.172,0.103,0.027,0,0,1
21,0.626,0.497,0.18,1.165,0.535,0.254,0.376,0,1,0
15,0.205,0.144,0.035,0.004,0.001,0.001,0.002,0,0,1
16,0.261,0.204,0.069,0.013,0.001,0.001,0.011,0,1,0
12,0.438,0.344,0.104,0.538,0.215,0.171,0.152,0,1,0
16,0.684,0.528,0.188,1.54,0.697,0.376,0.467,0,0,1
21,0.509,0.396,0.128,0.598,0.209,0.125,0.264,0,0,1
22,0.704,0.577,0.177,1.461,0.668,0.325,0.468,0,1,0
15,0.495,0.382,0.13,0.86,0.331,0.244,0.285,0,0,1
18,0.64,0.521,0.183,1.375,0.614,0.381,0.38,0,1,0
6,0.332,0.261,0.055,0.066,0.058,0.001,0.007,1,0,0
20,0.554,0.45,0.155,0.746,0.285,0.199,0.262,0,0,1
10,0.402,0.328,0.085,0.439,0.141,0.153,0.145,0,0,1
15,0.526,0.401,0.136,0.794,0.361,0.176,0.257,0,0,1
21,0.485,0.34,0.13,0.99,0.476,0.235,0.279,1,0,0
21,0.509,0.398,0.136,0.408,0.09,0.187,0.131,0,1,0
14,0.469,0.355,0.122,0.45,0.186,0.111,0.153,0,0,1
18,0.532,0.428,0.161,0.764,0.335,0.19,0.239,0,1,0
16,0.435,0.365,0.131,0.647,0.185,0.165,0.297,0,0,1
22,0.57,0.475,0.17,0.964,0.476,0.213,0.275,0,1,0
12,0.393,0.271,0.113,0.546,0.244,0.129,0.173,0,0,1
14,0.438,0.339,0.139,0.487,0.205,0.141,0.141,0,1,0
8,0.332,0.266,0.072,0.079,0.042,0.035,0.002,0,0,1
9,0.461,0.334,0.082,0.394,0.248,0.074,0.072,0,0,1
9,0.672,0.525,0.206,1.458,0.746,0.34,0.372,0,0,1
15,0.507,0.391,0.123,0.828,0.341,0.178,0.309,1,0,0
20,0.559,0.446,0.172,0.882,0.368,0.186,0.328,1,0,0
9,0.401,0.306,0.083,0.198,0.044,0.038,0.116,0,1,0
20,0.556,0.44,0.173,1.005,0.47,0.197,0.338,0,0,1
16,0.384,0.296,0.118,0.633,0.218,0.152,0.263,0,0,1
16,0.709,0.523,0.174,1.392,0.639,0.323,0.43,0,1,0
14,0.548,0.434,0.159,0.923,0.434,0.211,0.278,0,0,1
22,0.651,0.519,0.187,1.273,0.629,0.296,0.348,0,0,1
8,0.453,0.336,0.097,0.417,0.237,0.061,0.119,0,1,0
12,0.427,0.321,0.069,0.223,0.119,0.054,0.05,0,1,0
14,0.485,0.37,0.15,0.912,0.475,0.167,0.27,0,0,1
24,0.527,0.418,0.178,0.725,0.25,0.206,0.269,0,0,1
9,0.442,0.313,0.105,0.584,0.279,0.158,0.147,0,0,1
18,0.588,0.471,0.181,0.88,0.443,0.16,0.277,1,0,0
16,0.463,0.344,0.148,0.621,0.252,0.154,0.215,0,1,0
22,0.527,0.435,0.158,0.96,0.379,0.199,0.382,0,1,0
8,0.246,0.165,0.056,0.036,0.033,0.001,0.002,0,0,1
12,0.55,0.424,0.154,1.119,0.57,0.224,0.325,1,0,0
16,0.607,0.459,0.171,1.193,0.503,0.326,0.364,0,0,1
20,0.643,0.527,0.205,1.435,0.637,0.34,0.458,0,0,1
14,0.384,0.306,0.067,0.11,0.001,0.001,0.108,0,1,0
12,0.339,0.281,0.093,0.234,0.119,0.034,0.081,0,0,1
16,0.583,0.463,0.15,1.227,0.607,0.298,0.322,1,0,0
15,0.538,0.421,0.112,1.071,0.651,0.204,0.216,1,0,0
18,0.351,0.268,0.132,0.296,0.05,0.106,0.14,0,0,1
12,0.361,0.27,0.089,0.078,0.031,0.045,0.002,1,0,0
21,0.582,0.453,0.18,1.106,0.475,0.289,0.342,0,1,0
1,0.391,0.306,0.068,0.333,0.21,0.061,0.062,0,1,0
14,0.354,0.261,0.117,0.049,0.001,0.018,0.03,0,1,0
16,0.514,0.396,0.121,0.576,0.264,0.095,0.217,0,0,1
10,0.482,0.372,0.113,0.782,0.405,0.136,0.241,1,0,0
14,0.449,0.319,0.129,0.449,0.21,0.089,0.15,0,0,1
10,0.474,0.384,0.121,0.275,0.119,0.093,0.063,0,1,0
20,0.631,0.489,0.178,1.197,0.563,0.269,0.365,1,0,0
21,0.619,0.479,0.161,1.132,0.488,0.224,0.42,0,0,1
9,0.419,0.268,0.08,0.564,0.261,0.172,0.131,0,0,1
15,0.607,0.481,0.152,0.914,0.389,0.236,0.289,1,0,0
21,0.751,0.567,0.2,1.441,0.7,0.314,0.427,0,0,1
10,0.371,0.282,0.077,0.004,0.001,0.001,0.002,0,1,0
16,0.593,0.467,0.168,1.093,0.432,0.25,0.411,0,1,0
16,0.512,0.416,0.127,0.863,0.397,0.199,0.267,0,1,0
14,0.576,0.445,0.16,0.969,0.44,0.217,0.312,0,0,1
18,0.429,0.35,0.098,0.11,0.025,0.021,0.064,1,0,0
10,0.454,0.349,0.112,0.826,0.327,0.237,0.262,1,0,0
22,0.683,0.551,0.209,1.358,0.583,0.329,0.446,0,0,1
20,0.489,0.418,0.131,0.447,0.164,0.084,0.199,1,0,0
18,0.535,0.424,0.127,0.77,0.31,0.163,0.297,0,1,0
21,0.602,0.47,0.188,0.894,0.449,0.214,0.231,1,0,0
16,0.482,0.369,0.131,0.791,0.387,0.171,0.233,0,0,1
2,0.429,0.327,0.105,0.514,0.196,0.164,0.154,0,1,0
6,0.375,0.258,0.079,0.288,0.223,0.041,0.024,0,1,0
16,0.444,0.343,0.131,0.372,0.112,0.089,0.171,0,1,0
14,0.47,0.368,0.157,0.43,0.159,0.092,0.179,0,0,1
18,0.633,0.51,0.182,1.344,0.647,0.337,0.36,0,0,1
16,0.439,0.334,0.112,0.486,0.188,0.124,0.174,1,0,0
9,0.462,0.379,0.112,0.413,0.165,0.112,0.136,0,0,1
22,0.521,0.43,0.146,0.757,0.345,0.171,0.241,0,1,0
9,0.472,0.334,0.103,0.484,0.236,0.101,0.147,0,0,1
22,0.685,0.51,0.187,1.284,0.628,0.318,0.338,1,0,0
14,0.47,0.367,0.164,0.692,0.288,0.182,0.222,0,1,0
16,0.369,0.292,0.102,0.373,0.139,0.097,0.137,1,0,0
21,0.527,0.414,0.132,0.924,0.367,0.265,0.292,1,0,0
16,0.506,0.414,0.107,0.757,0.37,0.17,0.217,1,0,0
14,0.45,0.35,0.144,0.705,0.234,0.204,0.267,0,0,1
16,0.566,0.446,0.158,0.681,0.299,0.18,0.202,0,1,0
10,0.479,0.352,0.134,0.715,0.343,0.154,0.218,1,0,0
22,0.741,0.58,0.219,1.841,0.876,0.4,0.565,1,0,0
14,0.528,0.412,0.177,1.001,0.468,0.257,0.276,0,0,1
14,0.513,0.379,0.138,0.861,0.391,0.158,0.312,1,0,0
10,0.356,0.278,0.078,0.116,0.01,0.052,0.054,0,0,1
14,0.517,0.409,0.103,0.606,0.294,0.141,0.171,0,0,1
16,0.588,0.44,0.153,0.95,0.504,0.231,0.215,0,0,1
18,0.655,0.522,0.187,1.291,0.631,0.294,0.366,0,1,0
16,0.458,0.339,0.114,0.38,0.169,0.082,0.129,0,0,1
12,0.456,0.336,0.125,0.431,0.154,0.129,0.148,1,0,0
12,0.561,0.447,0.141,0.728,0.317,0.169,0.242,0,0,1
21,0.62,0.482,0.175,0.761,0.364,0.164,0.233,0,0,1
15,0.505,0.394,0.181,0.757,0.253,0.178,0.326,0,1,0
14,0.46,0.339,0.123,0.606,0.237,0.209,0.16,1,0,0
10,0.541,0.43,0.135,1.107,0.55,0.229,0.328,1,0,0
15,0.455,0.346,0.106,0.478,0.238,0.053,0.187,0,1,0
14,0.438,0.328,0.148,0.673,0.256,0.19,0.227,0,0,1
12,0.459,0.388,0.124,0.66,0.288,0.159,0.213,0,1,0
22,0.644,0.514,0.152,1.244,0.522,0.331,0.391,1,0,0
10,0.608,0.477,0.161,1.063,0.576,0.216,0.271,1,0,0
18,0.593,0.487,0.149,0.722,0.285,0.183,0.254,0,0,1
12,0.526,0.409,0.134,0.607,0.245,0.119,0.243,0,0,1
10,0.529,0.412,0.142,1.052,0.575,0.23,0.247,1,0,0
16,0.528,0.395,0.145,0.877,0.404,0.201,0.272,0,1,0
10,0.422,0.316,0.105,0.544,0.265,0.136,0.143,1,0,0
12,0.471,0.383,0.106,0.426,0.165,0.128,0.133,1,0,0
18,0.662,0.53,0.178,1.154,0.527,0.261,0.366,0,0,1
18,0.466,0.37,0.11,0.797,0.37,0.148,0.279,0,0,1
18,0.549,0.408,0.122,0.892,0.396,0.167,0.329,0,1,0
18,0.713,0.551,0.183,1.603,0.763,0.407,0.433,0,0,1
12,0.503,0.405,0.116,0.734,0.435,0.146,0.153,0,0,1
21,0.464,0.352,0.144,0.363,0.136,0.08,0.147,0,0,1
6,0.325,0.234,0.071,0.093,0.069,0.021,0.003,1,0,0
14,0.538,0.441,0.15,0.988,0.441,0.223,0.324,1,0,0
22,0.691,0.528,0.199,1.524,0.73,0.347,0.447,0,0,1
8,0.278,0.19,0.057,0.07,0.041,0.027,0.002,1,0,0
12,0.458,0.335,0.132,0.43,0.218,0.077,0.135,0,0,1
12,0.419,0.327,0.08,0.352,0.14,0.162,0.05,1,0,0
10,0.597,0.485,0.196,1.117,0.597,0.221,0.299,1,0,0
9,0.438,0.343,0.115,0.673,0.381,0.166,0.126,0,1,0
12,0.324,0.234,0.07,0.118,0.041,0.028,0.049,0,0,1
6,0.429,0.325,0.094,0.155,0.135,0.015,0.005,0,1,0
18,0.475,0.368,0.154,0.634,0.278,0.144,0.212,1,0,0
16,0.698,0.572,0.172,1.743,0.866,0.403,0.474,1,0,0
16,0.552,0.461,0.178,0.962,0.406,0.251,0.305,0,1,0
20,0.644,0.516,0.161,1.392,0.636,0.328,0.428,0,0,1
18,0.34,0.255,0.094,0.014,0.001,0.001,0.012,0,0,1
22,0.474,0.366,0.159,0.845,0.379,0.183,0.283,0,1,0
15,0.588,0.451,0.144,0.737,0.363,0.178,0.196,0,1,0
12,0.585,0.458,0.142,0.802,0.343,0.2,0.259,1,0,0
15,0.55,0.433,0.171,0.924,0.55,0.226,0.148,0,0,1
21,0.687,0.514,0.175,1.111,0.467,0.24,0.404,1,0,0
14,0.611,0.478,0.167,0.952,0.401,0.258,0.293,0,0,1
16,0.392,0.295,0.094,0.407,0.174,0.104,0.129,0,0,1
18,0.701,0.557,0.175,1.289,0.611,0.282,0.396,0,0,1
1,0.321,0.252,0.042,0.01,0.006,0.002,0.002,0,0,1
8,0.529,0.416,0.122,0.628,0.337,0.166,0.125,0,1,0
8,0.609,0.487,0.165,0.801,0.463,0.198,0.14,0,0,1
14,0.59,0.44,0.13,0.893,0.425,0.176,0.292,1,0,0
16,0.59,0.452,0.197,1.08,0.473,0.276,0.331,1,0,0
16,0.677,0.524,0.177,0.947,0.417,0.273,0.257,0,0,1
20,0.623,0.475,0.161,1.183,0.459,0.328,0.396,0,0,1
9,0.377,0.288,0.057,0.004,0.001,0.001,0.002,1,0,0
16,0.546,0.417,0.149,0.784,0.32,0.192,0.272,1,0,0
16,0.451,0.364,0.109,0.737,0.363,0.143,0.231,0,1,0
4,0.408,0.321,0.081,0.364,0.136,0.092,0.136,0,0,1
20,0.555,0.442,0.148,1.081,0.46,0.27,0.351,1,0,0
24,0.55,0.397,0.16,0.772,0.285,0.189,0.298,1,0,0
8,0.563,0.439,0.135,1.06,0.49,0.249,0.321,0,1,0
18,0.753,0.57,0.216,1.622,0.798,0.372,0.452,1,0,0
12,0.382,0.286,0.08,0.15,0.044,0.001,0.105,0,0,1
18,0.696,0.537,0.191,1.201,0.58,0.262,0.359,0,0,1
27,0.56,0.436,0.156,0.843,0.293,0.222,0.328,1,0,0
10,0.51,0.429,0.109,0.665,0.338,0.146,0.181,0,0,1
18,0.55,0.444,0.163,0.863,0.374,0.192,0.297,0,0,1
16,0.28,0.239,0.069,0.19,0.013,0.025,0.152,0,0,1
12,0.418,0.314,0.127,0.599,0.279,0.106,0.214,0,1,0
10,0.567,0.411,0.135,1.17,0.591,0.293,0.286,0,0,1
18,0.495,0.395,0.122,0.475,0.12,0.15,0.205,1,0,0
14,0.629,0.468,0.163,1.159,0.552,0.249,0.358,0,0,1
24,0.722,0.571,0.204,1.287,0.604,0.299,0.384,1,0,0
10,0.505,0.386,0.122,0.709,0.31,0.155,0.244,0,0,1
18,0.568,0.454,0.133,1.129,0.467,0.253,0.409,0,1,0
16,0.6,0.462,0.153,0.925,0.421,0.167,0.337,1,0,0
14,0.386,0.295,0.102,0.357,0.168,0.101,0.088,1,0,0
20,0.494,0.413,0.106,0.798,0.394,0.133,0.271,0,1,0
21,0.596,0.463,0.156,1.195,0.541,0.266,0.388,1,0,0
10,0.425,0.337,0.094,0.441,0.168,0.108,0.165,0,0,1
15,0.568,0.438,0.166,0.903,0.422,0.213,0.268,0,0,1
18,0.481,0.367,0.158,0.793,0.314,0.214,0.265,0,1,0
16,0.638,0.526,0.193,1.283,0.56,0.274,0.449,1,0,0
12,0.558,0.424,0.175,1.075,0.431,0.235,0.409,0,1,0
18,0.684,0.526,0.198,1.332,0.654,0.272,0.406,1,0,0
12,0.576,0.446,0.167,0.903,0.441,0.168,0.294,0,1,0
20,0.555,0.437,0.15,0.882,0.384,0.196,0.302,0,0,1
2,0.424,0.335,0.129,0.567,0.269,0.131,0.167,0,1,0
14,0.447,0.379,0.11,0.578,0.218,0.119,0.241,0,1,0
15,0.365,0.271,0.116,0.186,0.087,0.02,0.079,0,0,1
18,0.52,0.428,0.162,0.813,0.356,0.159,0.298,0,0,1
14,0.572,0.439,0.162,0.84,0.413,0.196,0.231,0,0,1
18,0.595,0.457,0.194,1.112,0.486,0.289,0.337,0,1,0
22,0.454,0.343,0.115,0.382,0.075,0.101,0.206,0,0,1
16,0.629,0.468,0.187,1.177,0.491,0.29,0.396,0,1,0
15,0.543,0.416,0.12,0.882,0.434,0.222,0.226,0,1,0
15,0.36,0.275,0.075,0.047,0.001,0.001,0.045,0,1,0
22,0.695,0.558,0.232,1.726,0.794,0.431,0.501,0,0,1
16,0.607,0.454,0.191,1.24,0.587,0.297,0.356,0,0,1
27,0.815,0.65,0.261,1.793,0.807,0.407,0.579,1,0,0
21,0.567,0.441,0.183,1.198,0.507,0.25,0.441,1,0,0
10,0.502,0.368,0.132,0.701,0.256,0.211,0.234,0,0,1
10,0.567,0.428,0.13,0.918,0.527,0.175,0.216,0,0,1
21,0.623,0.477,0.165,0.945,0.453,0.26,0.232,0,0,1
14,0.73,0.563,0.201,1.51,0.71,0.331,0.469,1,0,0
18,0.54,0.416,0.131,0.558,0.21,0.117,0.231,0,0,1
22,0.553,0.429,0.156,0.715,0.278,0.128,0.309,0,0,1
1,0.291,0.203,0.049,0.004,0.001,0.001,0.002,0,0,1
16,0.556,0.463,0.175,0.624,0.234,0.133,0.257,0,0,1
21,0.565,0.456,0.148,0.733,0.375,0.117,0.241,0,0,1
15,0.322,0.251,0.109,0.109,0.044,0.001,0.064,0,1,0
22,0.685,0.559,0.195,1.343,0.607,0.317,0.419,1,0,0
12,0.648,0.513,0.178,1.367,0.702,0.276,0.389,1,0,0
22,0.716,0.55,0.201,1.635,0.762,0.378,0.495,0,0,1
27,0.59,0.459,0.196,1.166,0.516,0.28,0.37,0,0,1
20,0.68,0.533,0.169,1.224,0.61,0.288,0.326,0,0,1
15,0.677,0.519,0.166,1.34,0.682,0.269,0.389,0,0,1
9,0.351,0.286,0.06,0.393,0.252,0.075,0.066,0,0,1
15,0.576,0.442,0.148,1.167,0.518,0.295,0.354,0,0,1
21,0.567,0.433,0.148,0.928,0.455,0.171,0.302,1,0,0
20,0.552,0.433,0.155,0.972,0.367,0.215,0.39,1,0,0
14,0.468,0.379,0.094,0.647,0.319,0.133,0.195,0,0,1
12,0.683,0.513,0.163,1.456,0.689,0.354,0.413,0,0,1
12,0.587,0.461,0.141,1.056,0.557,0.23,0.269,1,0,0
15,0.371,0.296,0.07,0.194,0.049,0.065,0.08,1,0,0
15,0.442,0.338,0.104,0.404,0.147,0.085,0.172,0,0,1
8,0.418,0.312,0.113,0.57,0.259,0.142,0.169,1,0,0
14,0.432,0.337,0.103,0.358,0.21,0.079,0.069,1,0,0
15,0.587,0.475,0.175,0.999,0.523,0.235,0.241,1,0,0
6,0.34,0.25,0.088,0.182,0.107,0.062,0.013,0,1,0
15,0.404,0.314,0.106,0.128,0.001,0.034,0.093,0,0,1
16,0.558,0.431,0.139,0.807,0.343,0.217,0.247,0,1,0
12,0.444,0.317,0.105,0.402,0.149,0.087,0.166,0,0,1
10,0.372,0.273,0.076,0.131,0.045,0.084,0.002,1,0,0
4,0.346,0.258,0.065,0.004,0.001,0.001,0.002,0,0,1
21,0.562,0.432,0.132,0.844,0.37,0.182,0.292,0,1,0
16,0.531,0.401,0.127,0.515,0.201,0.141,0.173,0,0,1
14,0.684,0.562,0.184,1.42,0.702,0.332,0.386,1,0,0
21,0.583,0.421,0.145,1.172,0.551,0.287,0.334,1,0,0
15,0.693,0.577,0.229,1.445,0.674,0.338,0.433,0,0,1
15,0.507,0.404,0.125,0.677,0.301,0.162,0.214,0,0,1
9,0.456,0.38,0.109,0.496,0.236,0.122,0.138,0,1,0
26,0.734,0.585,0.221,1.821,0.797,0.441,0.583,0,1,0
21,0.406,0.33,0.088,0.447,0.184,0.05,0.213,1,0,0
15,0.473,0.361,0.108,0.663,0.211,0.185,0.267,0,0,1
21,0.741,0.572,0.187,1.682,0.755,0.387,0.54,0,0,1
21,0.653,0.516,0.15,1.083,0.519,0.24,0.324,1,0,0
20,0.574,0.447,0.128,1.297,0.569,0.312,0.416,0,1,0
20,0.543,0.42,0.159,0.986,0.45,0.198,0.338,1,0,0
15,0.627,0.472,0.156,0.991,0.451,0.25,0.29,1,0,0
6,0.483,0.394,0.12,0.693,0.384,0.165,0.144,0,0,1
18,0.513,0.398,0.133,0.847,0.391,0.171,0.285,0,1,0
12,0.371,0.288,0.095,0.015,0.001,0.001,0.013,0,0,1
14,0.615,0.471,0.163,0.953,0.41,0.205,0.338,0,0,1
20,0.613,0.464,0.173,1.302,0.537,0.355,0.41,0,0,1
16,0.655,0.525,0.166,1.21,0.536,0.279,0.395,1,0,0
20,0.614,0.497,0.167,1.274,0.552,0.309,0.413,0,0,1
9,0.414,0.301,0.129,0.599,0.275,0.117,0.207,0,0,1
16,0.391,0.267,0.106,0.294,0.001,0.095,0.198,1,0,0
16,0.585,0.454,0.152,0.415,0.115,0.117,0.183,0,0,1
24,0.557,0.441,0.172,0.553,0.204,0.089,0.26,1,0,0
18,0.763,0.601,0.225,1.591,0.709,0.391,0.491,1,0,0
4,0.368,0.265,0.098,0.245,0.095,0.105,0.045,0,0,1
21,0.728,0.579,0.196,1.543,0.73,0.366,0.447,1,0,0
15,0.529,0.427,0.165,1.045,0.444,0.225,0.376,1,0,0
24,0.485,0.39,0.145,0.77,0.32,0.173,0.277,0,0,1
6,0.311,0.241,0.082,0.16,0.06,0.053,0.047,0,1,0
12,0.545,0.411,0.181,0.982,0.469,0.253,0.26,0,1,0
20,0.541,0.398,0.156,1.044,0.453,0.186,0.405,0,1,0
16,0.568,0.467,0.174,1.163,0.591,0.259,0.313,0,0,1
14,0.594,0.457,0.19,1.078,0.525,0.291,0.262,1,0,0
20,0.629,0.479,0.15,0.887,0.406,0.227,0.254,1,0,0
16,0.569,0.426,0.152,0.785,0.386,0.199,0.2,0,0,1
14,0.487,0.366,0.099,0.432,0.179,0.118,0.135,0,0,1
15,0.643,0.484,0.16,0.953,0.413,0.213,0.327,1,0,0
12,0.447,0.356,0.124,0.471,0.159,0.105,0.207,0,0,1
15,0.449,0.334,0.094,0.478,0.207,0.123,0.148,1,0,0
21,0.671,0.521,0.175,1.014,0.475,0.25,0.289,0,0,1
16,0.311,0.254,0.091,0.067,0.001,0.024,0.042,0,1,0
14,0.379,0.279,0.07,0.042,0.001,0.006,0.035,0,0,1
21,0.813,0.633,0.239,1.834,0.918,0.401,0.515,1,0,0
18,0.574,0.432,0.179,0.765,0.281,0.187,0.297,0,1,0
10,0.561,0.441,0.114,0.733,0.369,0.17,0.194,1,0,0
16,0.785,0.625,0.205,1.816,0.856,0.436,0.524,1,0,0
16,0.371,0.286,0.09,0.14,0.008,0.073,0.059,0,0,1
15,0.488,0.394,0.124,0.443,0.154,0.176,0.113,1,0,0
18,0.492,0.38,0.152,0.818,0.352,0.198,0.268,0,0,1
21,0.575,0.442,0.163,0.843,0.407,0.195,0.241,0,0,1
20,0.585,0.47,0.139,0.704,0.311,0.119,0.274,0,0,1
15,0.494,0.402,0.121,0.418,0.235,0.053,0.13,0,1,0
10,0.42,0.351,0.107,0.293,0.129,0.094,0.07,0,1,0
22,0.586,0.487,0.177,0.895,0.361,0.175,0.359,0,1,0
14,0.543,0.437,0.12,0.973,0.496,0.25,0.227,0,0,1
14,0.494,0.387,0.131,0.732,0.289,0.201,0.242,0,0,1
24,0.65,0.522,0.177,1.312,0.607,0.326,0.379,1,0,0
10,0.377,0.281,0.079,0.336,0.165,0.045,0.126,0,0,1
14,0.499,0.36,0.13,0.523,0.207,0.135,0.181,1,0,0
10,0.359,0.285,0.091,0.06,0.003,0.032,0.025,0,0,1
22,0.731,0.577,0.17,1.473,0.593,0.4,0.48,1,0,0
18,0.576,0.427,0.158,0.84,0.418,0.189,0.233,0,1,0
20,0.701,0.544,0.187,1.228,0.58,0.319,0.329,1,0,0
15,0.617,0.489,0.16,1.257,0.626,0.307,0.324,1,0,0
21,0.593,0.479,0.2,1.142,0.552,0.254,0.336,0,0,1
15,0.578,0.472,0.184,1.099,0.443,0.269,0.387,0,1,0
18,0.592,0.481,0.186,0.944,0.455,0.192,0.297,0,0,1
21,0.615,0.47,0.18,1.09,0.482,0.249,0.359,0,1,0
9,0.417,0.32,0.088,0.483,0.185,0.138,0.16,0,1,0
9,0.444,0.339,0.099,0.551,0.311,0.118,0.122,0,0,1
14,0.516,0.417,0.13,0.636,0.352,0.132,0.152,0,0,1
18,0.434,0.348,0.123,0.322,0.159,0.072,0.091,1,0,0
12,0.579,0.448,0.161,0.832,0.372,0.188,0.272,0,0,1
18,0.451,0.376,0.143,0.213,0.001,0.049,0.163,0,0,1
18,0.467,0.371,0.12,0.435,0.194,0.084,0.157,0,1,0
15,0.458,0.328,0.116,0.573,0.253,0.141,0.179,1,0,0
4,0.453,0.33,0.09,0.291,0.192,0.097,0.002,0,0,1
9,0.314,0.209,0.064,0.036,0.033,0.001,0.002,0,0,1
15,0.537,0.424,0.163,0.949,0.406,0.255,0.288,0,1,0
4,0.296,0.225,0.093,0.05,0.046,0.002,0.002,0,0,1
24,0.682,0.531,0.15,1.248,0.525,0.331,0.392,0,0,1
15,0.382,0.277,0.112,0.291,0.178,0.062,0.051,0,0,1
14,0.526,0.427,0.143,0.662,0.375,0.117,0.17,1,0,0
15,0.653,0.517,0.173,1.39,0.679,0.339,0.372,0,1,0
10,0.596,0.424,0.137,0.883,0.448,0.212,0.223,0,0,1
21,0.528,0.413,0.152,0.731,0.313,0.139,0.279,1,0,0
8,0.431,0.303,0.089,0.216,0.18,0.034,0.002,0,1,0
12,0.499,0.408,0.134,0.723,0.366,0.136,0.221,0,0,1
16,0.713,0.57,0.182,1.248,0.579,0.288,0.381,0,1,0
16,0.397,0.297,0.087,0.372,0.2,0.074,0.098,0,0,1
14,0.518,0.431,0.136,0.254,0.064,0.084,0.106,0,0,1
18,0.793,0.645,0.224,1.658,0.739,0.429,0.49,0,0,1
18,0.605,0.477,0.166,0.845,0.388,0.188,0.269,1,0,0
14,0.458,0.37,0.131,0.668,0.277,0.177,0.214,0,1,0
15,0.601,0.496,0.159,0.968,0.429,0.213,0.326,0,0,1
18,0.518,0.401,0.124,0.828,0.335,0.163,0.33,0,0,1
16,0.406,0.299,0.099,0.101,0.001,0.008,0.092,0,1,0
10,0.35,0.252,0.072,0.168,0.057,0.019,0.092,1,0,0
26,0.501,0.422,0.165,0.475,0.153,0.065,0.257,0,0,1
15,0.413,0.326,0.09,0.227,0.11,0.025,0.092,0,1,0
10,0.54,0.433,0.141,0.815,0.358,0.23,0.227,0,1,0
10,0.463,0.352,0.133,0.644,0.396,0.144,0.104,0,1,0
10,0.365,0.285,0.111,0.23,0.123,0.089,0.018,0,1,0
18,0.559,0.453,0.149,0.689,0.288,0.127,0.274,0,1,0
20,0.494,0.393,0.131,0.693,0.291,0.17,0.232,0,0,1
14,0.452,0.343,0.111,0.763,0.382,0.161,0.22,0,1,0
8,0.321,0.24,0.028,0.004,0.001,0.001,0.002,0,1,0
12,0.41,0.324,0.092,0.169,0.1,0.03,0.039,0,1,0
8,0.444,0.354,0.117,0.509,0.283,0.114,0.112,1,0,0
16,0.801,0.636,0.216,1.437,0.682,0.346,0.409,0,1,0
18,0.703,0.574,0.206,1.481,0.656,0.319,0.506,0,0,1
16,0.576,0.461,0.174,0.655,0.244,0.133,0.278,0,0,1
20,0.504,0.383,0.141,1.031,0.48,0.199,0.352,0,0,1
15,0.466,0.379,0.126,0.455,0.183,0.102,0.17,1,0,0
16,0.589,0.46,0.153,0.842,0.408,0.207,0.227,1,0,0
20,0.573,0.459,0.162,0.713,0.333,0.162,0.218,1,0,0
16,0.478,0.398,0.162,0.531,0.166,0.151,0.214,1,0,0
14,0.463,0.342,0.102,0.572,0.289,0.154,0.129,0,1,0
16,0.455,0.351,0.103,0.487,0.156,0.132,0.199,1,0,0
9,0.423,0.341,0.08,0.104,0.001,0.068,0.035,0,1,0
10,0.385,0.296,0.094,0.181,0.081,0.075,0.025,0,0,1
18,0.582,0.444,0.154,1.025,0.446,0.238,0.341,1,0,0
9,0.589,0.476,0.13,0.995,0.51,0.247,0.238,0,0,1
24,0.601,0.477,0.168,1.025,0.416,0.256,0.353,0,1,0
18,0.459,0.365,0.134,0.712,0.313,0.134,0.265,0,1,0
12,0.56,0.432,0.161,1.044,0.501,0.247,0.296,0,1,0
12,0.545,0.447,0.155,0.913,0.423,0.169,0.321,0,0,1
15,0.502,0.392,0.103,0.438,0.216,0.081,0.141,1,0,0
6,0.44,0.314,0.096,0.513,0.269,0.171,0.073,1,0,0
26,0.67,0.548,0.177,1.482,0.694,0.33,0.458,0,0,1
14,0.299,0.191,0.069,0.004,0.001,0.001,0.002,0,1,0
18,0.375,0.325,0.114,0.132,0.001,0.018,0.113,0,0,1
14,0.395,0.279,0.081,0.396,0.226,0.068,0.102,1,0,0
14,0.531,0.385,0.134,0.736,0.307,0.205,0.224,0,0,1
10,0.379,0.277,0.089,0.268,0.101,0.06,0.107,0,1,0
18,0.512,0.405,0.142,0.727,0.369,0.162,0.196,0,0,1
9,0.55,0.415,0.144,1.024,0.566,0.242,0.216,1,0,0
16,0.657,0.488,0.16,1.017,0.497,0.255,0.265,1,0,0
18,0.713,0.589,0.206,1.508,0.815,0.3,0.393,1,0,0
12,0.708,0.55,0.174,1.408,0.704,0.322,0.382,1,0,0
10,0.589,0.441,0.148,1.205,0.647,0.247,0.311,1,0,0
20,0.623,0.493,0.189,1.068,0.518,0.258,0.292,0,0,1
16,0.614,0.487,0.168,1.256,0.623,0.274,0.359,0,0,1
14,0.385,0.281,0.106,0.307,0.096,0.091,0.12,0,0,1
16,0.552,0.409,0.177,0.965,0.394,0.283,0.288,0,0,1
15,0.573,0.423,0.114,0.828,0.334,0.225,0.269,1,0,0
10,0.498,0.378,0.124,0.802,0.433,0.18,0.189,0,0,1
16,0.551,0.43,0.145,0.709,0.258,0.156,0.295,0,1,0
2,0.399,0.302,0.101,0.163,0.16,0.001,0.002,1,0,0
24,0.698,0.578,0.232,1.293,0.461,0.326,0.506,0,1,0
21,0.516,0.383,0.136,0.901,0.377,0.237,0.287,0,1,0
9,0.543,0.414,0.117,0.952,0.517,0.228,0.207,0,1,0
10,0.362,0.261,0.075,0.119,0.001,0.039,0.079,0,1,0
20,0.74,0.601,0.202,1.273,0.645,0.269,0.359,0,0,1
14,0.551,0.448,0.166,0.617,0.246,0.143,0.228,1,0,0
20,0.523,0.41,0.157,0.76,0.393,0.125,0.242,1,0,0
12,0.527,0.38,0.132,0.594,0.357,0.088,0.149,1,0,0
24,0.644,0.483,0.184,1.08,0.48,0.212,0.388,1,0,0
27,0.695,0.534,0.213,1.425,0.624,0.287,0.514,1,0,0
21,0.605,0.489,0.167,0.938,0.348,0.253,0.337,0,0,1
20,0.815,0.65,0.226,1.934,0.886,0.423,0.625,0,1,0
10,0.661,0.539,0.153,1.373,0.73,0.317,0.326,0,0,1
8,0.385,0.315,0.091,0.212,0.101,0.082,0.029,0,0,1
16,0.511,0.39,0.133,1.187,0.548,0.235,0.404,1,0,0
20,0.645,0.5,0.185,1.027,0.399,0.243,0.385,0,1,0
10,0.342,0.263,0.07,0.125,0.007,0.045,0.073,0,0,1
24,0.63,0.508,0.2,1.129,0.502,0.281,0.346,1,0,0
20,0.727,0.556,0.2,1.505,0.688,0.395,0.422,0,0,1
9,0.364,0.286,0.086,0.18,0.099,0.044,0.037,0,0,1
16,0.651,0.529,0.178,1.171,0.507,0.282,0.382,0,1,0
9,0.484,0.378,0.12,0.346,0.086,0.09,0.17,0,0,1
4,0.344,0.262,0.025,0.004,0.001,0.001,0.002,0,1,0
12,0.476,0.367,0.092,0.51,0.298,0.11,0.102,0,0,1
16,0.617,0.467,0.182,1.365,0.632,0.343,0.39,0,1,0
1,0.412,0.295,0.081,0.499,0.311,0.115,0.073,0,1,0
9,0.412,0.301,0.139,0.558,0.221,0.15,0.187,0,0,1
12,0.442,0.327,0.108,0.692,0.252,0.194,0.246,1,0,0
21,0.53,0.429,0.148,1.143,0.516,0.276,0.351,0,0,1
9,0.275,0.213,0.046,0.004,0.001,0.001,0.002,0,0,1
16,0.537,0.412,0.143,0.857,0.377,0.165,0.315,1,0,0
16,0.641,0.516,0.169,1.004,0.449,0.253,0.302,0,1,0
12,0.542,0.449,0.122,0.716,0.315,0.195,0.206,0,0,1
18,0.367,0.271,0.089,0.177,0.001,0.062,0.114,1,0,0
15,0.445,0.34,0.082,0.3,0.11,0.086,0.104,1,0,0
20,0.458,0.394,0.11,0.661,0.258,0.161,0.242,1,0,0
12,0.498,0.383,0.083,0.547,0.251,0.141,0.155,0,0,1
16,0.614,0.47,0.166,1.107,0.508,0.244,0.355,0,0,1
18,0.502,0.39,0.129,0.48,0.21,0.087,0.183,0,0,1
16,0.439,0.335,0.117,0.419,0.14,0.088,0.191,0,1,0
18,0.688,0.517,0.196,1.479,0.748,0.359,0.372,0,1,0
8,0.326,0.245,0.066,0.004,0.001,0.001,0.002,0,0,1
18,0.479,0.357,0.114,0.558,0.18,0.121,0.257,1,0,0
10,0.361,0.264,0.091,0.599,0.317,0.101,0.181,0,1,0
9,0.356,0.261,0.092,0.058,0.001,0.034,0.023,0,1,0
22,0.507,0.39,0.154,0.735,0.326,0.155,0.254,1,0,0
16,0.399,0.307,0.111,0.308,0.088,0.069,0.151,0,0,1
15,0.564,0.437,0.168,0.862,0.369,0.219,0.274,0,1,0
18,0.665,0.517,0.187,1.314,0.655,0.318,0.341,0,0,1
14,0.594,0.464,0.137,0.879,0.36,0.224,0.295,1,0,0
1,0.298,0.212,0.069,0.071,0.051,0.018,0.002,1,0,0
18,0.702,0.561,0.19,1.636,0.768,0.41,0.458,0,0,1
6,0.457,0.348,0.097,0.646,0.227,0.18,0.239,0,0,1
9,0.578,0.439,0.138,1.19,0.635,0.271,0.284,1,0,0
15,0.497,0.407,0.113,0.625,0.315,0.143,0.167,0,1,0
2,0.404,0.292,0.069,0.278,0.202,0.053,0.023,0,0,1
10,0.635,0.491,0.184,1.381,0.714,0.368,0.299,0,0,1
21,0.7,0.527,0.153,1.148,0.516,0.251,0.381,0,1,0
16,0.584,0.444,0.127,0.877,0.475,0.201,0.201,1,0,0
14,0.617,0.503,0.163,1.04,0.462,0.29,0.288,0,1,0
9,0.429,0.336,0.108,0.424,0.216,0.133,0.075,0,0,1
1,0.333,0.244,0.085,0.315,0.177,0.128,0.01,0,0,1
16,0.467,0.385,0.111,0.506,0.174,0.119,0.213,0,0,1
26,0.815,0.65,0.261,2.127,0.957,0.481,0.689,0,1,0
12,0.377,0.305,0.089,0.234,0.111,0.034,0.089,0,0,1
14,0.452,0.351,0.131,0.786,0.347,0.167,0.272,0,0,1
12,0.434,0.326,0.127,0.788,0.407,0.159,0.222,0,0,1
14,0.554,0.415,0.169,1.074,0.498,0.224,0.352,0,0,1
14,0.415,0.313,0.097,0.154,0.039,0.008,0.107,1,0,0
16,0.569,0.437,0.13,1.072,0.532,0.243,0.297,1,0,0
16,0.408,0.323,0.1,0.57,0.226,0.159,0.185,0,1,0
8,0.344,0.232,0.071,0.102,0.099,0.001,0.002,1,0,0
8,0.397,0.306,0.083,0.529,0.251,0.165,0.113,1,0,0
9,0.705,0.544,0.202,1.51,0.788,0.357,0.365,1,0,0
21,0.655,0.531,0.18,0.965,0.396,0.192,0.377,0,0,1
20,0.673,0.537,0.171,1.241,0.644,0.249,0.348,1,0,0
14,0.434,0.333,0.115,0.458,0.166,0.114,0.178,0,1,0
14,0.556,0.422,0.155,1.032,0.57,0.236,0.226,0,0,1
10,0.421,0.338,0.12,0.398,0.157,0.081,0.16,0,1,0
20,0.581,0.431,0.154,0.803,0.387,0.182,0.234,0,0,1
15,0.425,0.352,0.123,0.401,0.215,0.053,0.133,1,0,0
10,0.496,0.397,0.148,0.515,0.263,0.106,0.146,1,0,0
15,0.534,0.42,0.121,0.718,0.302,0.143,0.273,0,1,0
15,0.55,0.436,0.138,0.858,0.418,0.185,0.255,1,0,0
15,0.53,0.426,0.144,1.049,0.513,0.22,0.316,1,0,0
10,0.606,0.445,0.15,1.107,0.555,0.287,0.265,1,0,0
6,0.36,0.267,0.072,0.087,0.065,0.02,0.002,1,0,0
15,0.562,0.457,0.161,0.877,0.417,0.179,0.281,1,0,0
8,0.55,0.429,0.157,1.068,0.561,0.241,0.266,1,0,0
21,0.715,0.597,0.215,1.385,0.62,0.299,0.466,0,1,0
9,0.52,0.42,0.167,0.893,0.404,0.209,0.28,0,0,1
16,0.589,0.466,0.152,1.005,0.431,0.262,0.312,0,0,1
9,0.648,0.517,0.174,1.202,0.594,0.276,0.332,0,0,1
16,0.457,0.363,0.153,0.801,0.437,0.211,0.153,0,0,1
26,0.796,0.61,0.22,1.722,0.717,0.43,0.575,1,0,0
12,0.519,0.405,0.135,0.578,0.233,0.172,0.173,0,1,0
22,0.657,0.519,0.175,1.239,0.625,0.286,0.328,0,1,0
15,0.517,0.385,0.153,0.856,0.391,0.218,0.247,0,1,0
21,0.568,0.448,0.159,0.849,0.341,0.18,0.328,1,0,0
9,0.53,0.406,0.118,0.439,0.204,0.112,0.123,0,1,0
1,0.214,0.156,0.035,0.029,0.001,0.026,0.002,0,1,0
15,0.514,0.386,0.171,0.795,0.325,0.213,0.257,0,0,1
18,0.492,0.385,0.128,0.681,0.286,0.152,0.243,0,1,0
21,0.697,0.555,0.215,1.362,0.586,0.293,0.483,0,0,1
16,0.453,0.357,0.116,0.708,0.286,0.127,0.295,1,0,0
18,0.548,0.424,0.133,0.77,0.355,0.199,0.216,0,0,1
14,0.548,0.446,0.166,0.844,0.376,0.238,0.23,0,0,1
18,0.579,0.451,0.139,1.073,0.485,0.262,0.326,0,1,0
26,0.815,0.65,0.239,2.051,0.944,0.477,0.63,0,1,0
8,0.297,0.235,0.057,0.01,0.001,0.007,0.002,0,0,1
18,0.447,0.361,0.155,0.733,0.282,0.182,0.269,0,1,0
15,0.43,0.332,0.094,0.278,0.135,0.009,0.134,0,0,1
15,0.688,0.514,0.22,1.517,0.747,0.367,0.403,0,0,1
9,0.455,0.347,0.134,0.398,0.182,0.105,0.111,0,1,0
21,0.355,0.252,0.084,0.087,0.001,0.038,0.048,1,0,0
16,0.478,0.357,0.111,0.635,0.357,0.122,0.156,0,0,1
20,0.526,0.407,0.138,0.609,0.233,0.177,0.199,0,0,1
15,0.442,0.342,0.106,0.552,0.292,0.154,0.106,1,0,0
12,0.774,0.606,0.203,1.604,0.776,0.372,0.456,1,0,0
9,0.506,0.399,0.126,0.678,0.365,0.139,0.174,0,1,0
10,0.451,0.341,0.109,0.643,0.332,0.135,0.176,0,0,1
28,0.614,0.471,0.197,0.939,0.367,0.202,0.37,0,1,0
14,0.475,0.35,0.12,0.332,0.263,0.058,0.011,0,0,1
14,0.568,0.451,0.142,0.975,0.515,0.205,0.255,1,0,0
10,0.507,0.367,0.124,0.959,0.442,0.225,0.292,1,0,0
20,0.552,0.426,0.154,0.717,0.306,0.162,0.249,0,0,1
14,0.477,0.373,0.087,0.285,0.102,0.092,0.091,1,0,0
9,0.334,0.234,0.088,0.265,0.084,0.119,0.062,0,0,1
14,0.581,0.484,0.136,0.782,0.332,0.208,0.242,0,1,0
27,0.516,0.434,0.159,0.695,0.285,0.163,0.247,0,1,0
12,0.64,0.517,0.19,1.293,0.625,0.259,0.409,0,0,1
15,0.583,0.497,0.192,1.037,0.469,0.2,0.368,0,0,1
18,0.478,0.388,0.135,0.64,0.255,0.167,0.218,0,0,1
18,0.549,0.441,0.162,1.065,0.498,0.277,0.29,0,1,0
15,0.532,0.425,0.151,0.657,0.266,0.17,0.221,1,0,0
20,0.55,0.419,0.175,0.953,0.433,0.232,0.288,0,0,1
14,0.269,0.222,0.043,0.004,0.001,0.001,0.002,0,0,1
16,0.615,0.483,0.186,1.053,0.52,0.249,0.284,0,1,0
21,0.592,0.464,0.112,0.886,0.335,0.222,0.329,1,0,0
15,0.579,0.461,0.142,0.913,0.395,0.24,0.278,1,0,0
12,0.67,0.519,0.155,1.211,0.565,0.27,0.376,0,1,0
15,0.565,0.438,0.135,0.877,0.4,0.199,0.278,1,0,0
21,0.728,0.553,0.209,1.093,0.42,0.268,0.405,0,0,1
16,0.494,0.388,0.151,0.866,0.332,0.219,0.315,0,1,0
16,0.483,0.374,0.132,0.556,0.178,0.175,0.203,0,0,1
16,0.729,0.577,0.185,1.514,0.727,0.382,0.405,0,0,1
10,0.577,0.47,0.171,1.343,0.683,0.281,0.379,0,0,1
16,0.717,0.569,0.231,1.588,0.781,0.351,0.456,0,0,1
14,0.706,0.574,0.195,1.542,0.689,0.389,0.464,1,0,0
18,0.629,0.505,0.166,1.033,0.491,0.221,0.321,0,0,1
21,0.659,0.501,0.19,1.108,0.451,0.283,0.374,0,0,1
6,0.482,0.358,0.095,0.346,0.236,0.1,0.01,0,1,0
16,0.638,0.498,0.134,1.113,0.522,0.254,0.337,1,0,0
20,0.545,0.452,0.127,0.995,0.4,0.236,0.359,1,0,0
18,0.588,0.464,0.173,0.996,0.42,0.234,0.342,0,0,1
16,0.45,0.361,0.127,0.358,0.037,0.104,0.217,0,1,0
20,0.633,0.502,0.194,1.204,0.57,0.263,0.371,1,0,0
14,0.426,0.359,0.111,0.347,0.109,0.114,0.124,0,1,0
15,0.543,0.406,0.124,0.967,0.504,0.221,0.242,0,0,1
20,0.586,0.448,0.189,1.173,0.441,0.292,0.44,0,1,0
28,0.748,0.604,0.183,1.645,0.766,0.372,0.507,0,0,1
20,0.786,0.623,0.21,1.591,0.653,0.367,0.571,0,0,1
12,0.549,0.414,0.149,1.062,0.522,0.256,0.284,1,0,0
10,0.634,0.507,0.163,1.299,0.683,0.286,0.33,1,0,0
16,0.649,0.521,0.183,1.196,0.595,0.263,0.338,0,1,0
21,0.771,0.604,0.205,1.515,0.708,0.333,0.474,1,0,0
14,0.671,0.522,0.163,1.426,0.693,0.326,0.407,0,1,0
12,0.423,0.296,0.095,0.138,0.07,0.045,0.023,1,0,0
12,0.436,0.35,0.088,0.132,0.017,0.072,0.043,0,0,1
16,0.442,0.363,0.096,0.297,0.125,0.069,0.103,0,0,1
12,0.482,0.358,0.112,0.537,0.275,0.106,0.156,0,0,1
16,0.441,0.339,0.092,0.286,0.118,0.019,0.149,1,0,0
20,0.504,0.379,0.14,0.769,0.248,0.227,0.294,0,0,1
14,0.519,0.381,0.147,0.885,0.379,0.237,0.269,0,1,0
9,0.442,0.341,0.132,0.593,0.214,0.152,0.227,1,0,0
16,0.57,0.451,0.145,0.949,0.487,0.207,0.255,0,0,1
16,0.539,0.408,0.154,1.083,0.471,0.267,0.345,1,0,0
12,0.567,0.456,0.115,0.986,0.534,0.194,0.258,0,0,1
22,0.629,0.473,0.159,0.926,0.418,0.195,0.313,1,0,0
14,0.462,0.362,0.121,0.463,0.205,0.096,0.162,0,1,0
2,0.407,0.304,0.05,0.302,0.255,0.032,0.015,0,1,0
15,0.6,0.477,0.163,1.297,0.583,0.335,0.379,0,0,1
10,0.535,0.426,0.122,0.73,0.342,0.176,0.212,0,0,1
4,0.54,0.397,0.145,0.857,0.48,0.195,0.182,1,0,0
22,0.652,0.535,0.213,1.257,0.601,0.304,0.352,0,0,1
14,0.429,0.296,0.095,0.336,0.163,0.064,0.109,1,0,0
18,0.735,0.559,0.221,1.416,0.703,0.333,0.38,0,1,0
10,0.55,0.444,0.13,0.956,0.439,0.248,0.269,0,0,1
16,0.638,0.474,0.163,0.878,0.447,0.164,0.267,0,0,1
24,0.71,0.576,0.185,1.427,0.734,0.296,0.397,0,0,1
15,0.398,0.306,0.102,0.174,0.056,0.027,0.091,0,1,0
10,0.543,0.416,0.115,0.602,0.279,0.176,0.147,0,1,0
10,0.462,0.363,0.145,0.64,0.271,0.196,0.173,0,1,0
22,0.612,0.495,0.187,1.177,0.552,0.29,0.335,0,0,1
4,0.426,0.305,0.065,0.405,0.234,0.076,0.095,1,0,0
9,0.497,0.382,0.136,0.57,0.224,0.114,0.232,1,0,0
9,0.464,0.347,0.12,0.633,0.296,0.147,0.19,0,0,1
28,0.644,0.532,0.196,1.025,0.35,0.286,0.389,0,1,0
8,0.301,0.231,0.049,0.011,0.001,0.008,0.002,1,0,0
16,0.549,0.448,0.17,1.064,0.492,0.243,0.329,0,1,0
18,0.615,0.503,0.174,1.074,0.497,0.291,0.286,0,1,0
22,0.815,0.65,0.244,1.906,0.88,0.457,0.569,0,0,1
18,0.453,0.369,0.103,0.477,0.158,0.072,0.247,0,1,0
20,0.706,0.54,0.214,1.257,0.549,0.296,0.412,0,1,0
18,0.52,0.41,0.145,0.802,0.37,0.223,0.209,1,0,0
21,0.615,0.512,0.146,1.16,0.566,0.233,0.361,1,0,0
18,0.519,0.426,0.161,0.733,0.336,0.133,0.264,1,0,0
20,0.574,0.467,0.154,1.046,0.502,0.223,0.321,0,0,1
6,0.434,0.321,0.083,0.191,0.093,0.048,0.05,0,1,0
14,0.472,0.358,0.146,0.89,0.359,0.231,0.3,1,0,0
24,0.689,0.558,0.225,1.32,0.532,0.298,0.49,0,1,0
26,0.739,0.61,0.231,1.413,0.629,0.345,0.439,0,0,1
20,0.612,0.499,0.166,1.091,0.409,0.237,0.445,0,1,0
16,0.501,0.374,0.147,0.597,0.279,0.118,0.2,0,1,0
9,0.542,0.43,0.166,0.922,0.492,0.188,0.242,0,0,1
20,0.453,0.354,0.1,0.401,0.142,0.076,0.183,1,0,0
14,0.333,0.252,0.104,0.093,0.001,0.02,0.072,1,0,0
18,0.661,0.526,0.176,1.493,0.665,0.377,0.451,0,1,0
20,0.622,0.492,0.193,1.049,0.491,0.273,0.285,1,0,0
16,0.552,0.415,0.157,0.998,0.465,0.23,0.303,1,0,0
14,0.503,0.389,0.152,0.673,0.359,0.131,0.183,0,0,1
18,0.552,0.433,0.164,0.836,0.295,0.205,0.336,0,0,1
15,0.526,0.412,0.16,0.69,0.319,0.118,0.253,0,1,0
14,0.456,0.34,0.094,0.729,0.307,0.15,0.272,1,0,0
12,0.483,0.387,0.131,0.746,0.36,0.181,0.205,0,0,1
22,0.497,0.381,0.124,0.507,0.173,0.187,0.147,1,0,0
12,0.625,0.483,0.143,1.101,0.509,0.298,0.294,0,0,1
27,0.701,0.546,0.212,1.499,0.66,0.368,0.471,0,0,1
14,0.465,0.363,0.132,0.626,0.26,0.226,0.14,0,1,0
12,0.479,0.37,0.101,0.686,0.344,0.165,0.177,0,0,1
12,0.477,0.361,0.139,0.567,0.312,0.157,0.098,0,0,1
20,0.724,0.61,0.201,1.724,0.891,0.32,0.513,1,0,0
10,0.684,0.508,0.153,1.235,0.63,0.29,0.315,1,0,0
21,0.801,0.633,0.267,1.551,0.665,0.345,0.541,0,1,0
14,0.263,0.196,0.073,0.004,0.001,0.001,0.002,1,0,0
20,0.57,0.456,0.127,0.842,0.356,0.245,0.241,0,0,1
22,0.636,0.515,0.187,0.942,0.381,0.219,0.342,0,0,1
6,0.173,0.106,0.046,0.004,0.001,0.001,0.002,1,0,0
21,0.815,0.64,0.19,1.838,0.907,0.387,0.544,0,0,1
8,0.537,0.43,0.097,0.598,0.249,0.153,0.196,0,0,1
14,0.458,0.366,0.141,0.52,0.244,0.128,0.148,0,0,1
15,0.637,0.515,0.162,1.103,0.509,0.214,0.38,0,0,1
14,0.404,0.311,0.111,0.468,0.201,0.101,0.166,0,0,1
4,0.332,0.26,0.089,0.004,0.001,0.001,0.002,0,1,0
9,0.593,0.476,0.147,0.951,0.46,0.176,0.315,0,1,0
9,0.479,0.368,0.108,0.551,0.382,0.082,0.087,1,0,0
14,0.62,0.479,0.161,1.082,0.481,0.283,0.318,0,0,1
21,0.588,0.465,0.164,1.044,0.491,0.226,0.327,0,0,1
6,0.257,0.193,0.074,0.004,0.001,0.001,0.002,0,1,0
18,0.495,0.368,0.117,0.588,0.222,0.148,0.218,1,0,0
18,0.572,0.433,0.151,0.981,0.451,0.253,0.277,0,1,0
12,0.483,0.388,0.101,0.371,0.137,0.093,0.141,1,0,0
15,0.688,0.533,0.184,1.127,0.485,0.244,0.398,1,0,0
14,0.708,0.561,0.189,1.555,0.707,0.332,0.516,1,0,0
27,0.815,0.633,0.275,1.84,0.816,0.466,0.558,1,0,0
9,0.528,0.422,0.124,0.435,0.343,0.09,0.002,1,0,0
8,0.308,0.229,0.037,0.176,0.062,0.065,0.049,0,1,0
15,0.305,0.244,0.079,0.089,0.001,0.025,0.063,1,0,0
22,0.753,0.576,0.182,1.258,0.52,0.292,0.446,0,0,1
16,0.299,0.231,0.077,0.123,0.001,0.003,0.119,0,0,1
6,0.454,0.336,0.128,0.604,0.402,0.108,0.094,0,1,0
24,0.494,0.393,0.135,0.752,0.37,0.164,0.218,0,1,0
20,0.755,0.587,0.176,1.572,0.785,0.363,0.424,0,1,0
10,0.434,0.356,0.121,0.778,0.395,0.163,0.22,1,0,0
15,0.57,0.456,0.18,0.969,0.504,0.219,0.246,0,0,1
18,0.683,0.547,0.197,1.009,0.453,0.241,0.315,0,1,0
15,0.531,0.421,0.143,0.979,0.439,0.215,0.325,0,0,1
16,0.686,0.53,0.208,1.182,0.563,0.225,0.394,0,0,1
20,0.549,0.461,0.147,0.679,0.206,0.2,0.273,1,0,0
18,0.528,0.406,0.139,1.05,0.438,0.246,0.366,0,0,1
14,0.435,0.316,0.093,0.301,0.193,0.033,0.075,0,0,1
8,0.523,0.396,0.139,0.947,0.512,0.213,0.222,1,0,0
21,0.554,0.431,0.171,0.891,0.344,0.161,0.386,1,0,0
21,0.624,0.482,0.174,1.125,0.463,0.283,0.379,0,1,0
16,0.456,0.345,0.12,0.486,0.257,0.08,0.149,0,1,0
20,0.481,0.362,0.143,0.915,0.421,0.173,0.321,1,0,0
10,0.569,0.461,0.148,0.81,0.364,0.211,0.235,0,0,1
12,0.558,0.452,0.112,0.738,0.453,0.139,0.146,1,0,0
16,0.415,0.295,0.068,0.226,0.156,0.056,0.014,0,0,1
16,0.469,0.358,0.082,0.49,0.249,0.1,0.141,0,0,1
18,0.736,0.576,0.175,1.36,0.607,0.325,0.428,0,1,0
10,0.55,0.451,0.136,0.807,0.363,0.216,0.228,1,0,0
12,0.56,0.413,0.149,0.419,0.163,0.112,0.144,0,1,0
10,0.219,0.165,0.048,0.004,0.001,0.001,0.002,0,0,1
18,0.521,0.384,0.126,0.589,0.235,0.145,0.209,1,0,0
10,0.517,0.388,0.123,0.575,0.255,0.144,0.176,0,0,1
14,0.607,0.474,0.136,0.978,0.461,0.241,0.276,1,0,0
21,0.679,0.531,0.193,1.16,0.535,0.267,0.358,0,0,1
12,0.521,0.415,0.167,0.716,0.355,0.185,0.176,0,0,1
15,0.471,0.326,0.138,0.375,0.199,0.088,0.088,1,0,0
8,0.438,0.336,0.085,0.426,0.223,0.092,0.111,1,0,0
14,0.622,0.515,0.175,1.425,0.618,0.355,0.452,0,1,0
12,0.474,0.34,0.143,0.762,0.371,0.176,0.215,0,0,1
16,0.511,0.393,0.137,0.654,0.302,0.134,0.218,0,0,1
18,0.574,0.462,0.139,1.074,0.443,0.235,0.396,1,0,0
18,0.588,0.453,0.135,0.952,0.406,0.253,0.293,0,0,1
10,0.367,0.273,0.093,0.029,0.001,0.001,0.027,1,0,0
10,0.453,0.347,0.102,0.652,0.335,0.151,0.166,0,0,1
24,0.692,0.534,0.202,1.231,0.468,0.341,0.422,1,0,0
8,0.253,0.171,0.066,0.004,0.001,0.001,0.002,1,0,0
21,0.572,0.476,0.165,0.756,0.317,0.161,0.278,1,0,0
21,0.562,0.448,0.152,1.031,0.485,0.221,0.325,0,1,0
6,0.342,0.271,0.094,0.489,0.255,0.124,0.11,1,0,0
18,0.519,0.429,0.17,0.725,0.309,0.183,0.233,1,0,0
15,0.576,0.459,0.142,0.85,0.369,0.203,0.278,1,0,0
9,0.465,0.358,0.119,0.617,0.342,0.163,0.112,0,1,0
14,0.578,0.436,0.166,1.008,0.44,0.243,0.325,1,0,0
16,0.485,0.369,0.129,0.696,0.372,0.137,0.187,1,0,0
16,0.645,0.504,0.184,1.051,0.446,0.266,0.339,0,0,1
12,0.546,0.414,0.147,0.821,0.369,0.184,0.268,1,0,0
12,0.508,0.371,0.122,0.689,0.322,0.162,0.205,0,1,0
20,0.431,0.341,0.125,0.545,0.217,0.125,0.203,1,0,0
15,0.611,0.468,0.171,1.366,0.759,0.275,0.332,1,0,0
20,0.523,0.408,0.113,0.757,0.301,0.162,0.294,0,0,1
10,0.545,0.415,0.169,0.813,0.377,0.202,0.234,0,1,0
18,0.587,0.444,0.153,1.141,0.544,0.26,0.337,0,0,1
18,0.565,0.423,0.171,1.026,0.469,0.233,0.324,1,0,0
10,0.41,0.3,0.07,0.333,0.182,0.041,0.11,1,0,0
18,0.403,0.326,0.096,0.157,0.041,0.028,0.088,0,1,0
1,0.325,0.24,0.049,0.02,0.001,0.017,0.002,0,1,0
18,0.679,0.528,0.199,1.428,0.686,0.331,0.411,0,0,1
12,0.469,0.369,0.137,0.956,0.475,0.221,0.26,1,0,0
14,0.506,0.417,0.112,0.671,0.305,0.165,0.201,0,0,1
14,0.54,0.434,0.151,0.892,0.4,0.25,0.242,1,0,0
6,0.337,0.272,0.117,0.32,0.161,0.054,0.105,1,0,0
8,0.36,0.271,0.12,0.65,0.269,0.196,0.185,0,0,1
20,0.597,0.461,0.186,1.248,0.614,0.254,0.38,1,0,0
16,0.506,0.386,0.135,0.47,0.191,0.104,0.175,0,1,0
10,0.417,0.325,0.091,0.572,0.284,0.18,0.108,0,1,0
16,0.667,0.535,0.174,1.26,0.662,0.24,0.358,1,0,0
6,0.436,0.343,0.073,0.603,0.325,0.105,0.173,1,0,0
20,0.705,0.563,0.183,1.304,0.649,0.275,0.38,0,0,1
10,0.545,0.406,0.127,1.111,0.565,0.268,0.278,1,0,0
27,0.647,0.516,0.192,1.274,0.533,0.248,0.493,1,0,0
18,0.579,0.468,0.148,1.004,0.458,0.202,0.344,0,1,0
9,0.491,0.427,0.134,0.6,0.276,0.192,0.132,0,1,0
20,0.565,0.436,0.168,0.744,0.347,0.14,0.257,0,0,1
9,0.485,0.394,0.105,0.813,0.421,0.154,0.238,0,1,0
18,0.62,0.486,0.17,1.273,0.577,0.247,0.449,0,0,1
14,0.525,0.412,0.165,0.731,0.351,0.134,0.246,1,0,0
10,0.258,0.174,0.063,0.008,0.005,0.001,0.002,0,1,0
22,0.677,0.514,0.191,1.49,0.638,0.392,0.46,0,0,1
21,0.61,0.47,0.15,1.055,0.388,0.278,0.389,0,1,0
15,0.557,0.414,0.155,0.879,0.399,0.231,0.249,0,0,1
16,0.479,0.378,0.134,0.45,0.215,0.103,0.132,0,1,0
15,0.413,0.296,0.092,0.389,0.183,0.089,0.117,0,1,0
20,0.575,0.43,0.134,1.141,0.482,0.333,0.326,0,0,1
21,0.557,0.417,0.165,0.761,0.319,0.224,0.218,0,0,1
15,0.815,0.65,0.202,1.832,0.868,0.439,0.525,0,0,1
26,0.679,0.551,0.203,1.362,0.559,0.32,0.483,0,1,0
15,0.577,0.444,0.16,0.924,0.41,0.257,0.257,0,0,1
21,0.808,0.648,0.226,2.015,0.892,0.503,0.62,1,0,0
9,0.452,0.327,0.127,0.601,0.357,0.132,0.112,0,1,0
20,0.526,0.399,0.123,0.372,0.228,0.08,0.064,1,0,0
10,0.565,0.46,0.175,0.883,0.442,0.181,0.26,1,0,0
15,0.593,0.461,0.146,1.25,0.563,0.337,0.35,0,0,1
12,0.471,0.359,0.133,0.878,0.372,0.249,0.257,0,0,1
20,0.666,0.511,0.202,1.344,0.608,0.342,0.394,1,0,0
10,0.529,0.413,0.156,0.787,0.406,0.191,0.19,1,0,0
15,0.533,0.425,0.134,0.712,0.286,0.173,0.253,1,0,0
14,0.641,0.502,0.151,0.98,0.472,0.229,0.279,1,0,0
16,0.677,0.552,0.178,1.358,0.656,0.283,0.419,0,0,1
16,0.335,0.247,0.094,0.124,0.001,0.064,0.059,1,0,0
14,0.568,0.43,0.158,1.055,0.477,0.245,0.333,0,1,0
24,0.731,0.571,0.208,1.522,0.72,0.374,0.428,0,1,0
12,0.355,0.271,0.12,0.308,0.055,0.09,0.163,1,0,0
14,0.266,0.168,0.02,0.024,0.001,0.021,0.002,0,0,1
12,0.444,0.322,0.095,0.823,0.426,0.156,0.241,1,0,0
16,0.578,0.435,0.147,0.708,0.288,0.16,0.26,1,0,0
14,0.607,0.452,0.163,1.229,0.569,0.286,0.374,0,1,0
14,0.549,0.405,0.15,1.038,0.5,0.248,0.29,1,0,0
15,0.561,0.452,0.149,0.872,0.386,0.253,0.233,1,0,0
22,0.455,0.359,0.149,0.572,0.223,0.166,0.183,1,0,0
10,0.434,0.32,0.107,0.591,0.298,0.13,0.163,0,0,1
10,0.595,0.467,0.163,1.054,0.584,0.212,0.258,1,0,0
15,0.63,0.487,0.17,1.127,0.595,0.243,0.289,1,0,0
16,0.448,0.354,0.129,0.526,0.258,0.123,0.145,1,0,0
22,0.564,0.433,0.166,0.972,0.428,0.207,0.337,0,0,1
16,0.458,0.349,0.122,0.655,0.262,0.191,0.202,0,0,1
14,0.555,0.404,0.131,0.974,0.514,0.191,0.269,0,0,1
18,0.545,0.438,0.146,0.939,0.369,0.2,0.37,1,0,0
15,0.63,0.494,0.148,0.96,0.437,0.236,0.287,1,0,0
20,0.659,0.485,0.186,1.352,0.643,0.299,0.41,1,0,0
16,0.545,0.413,0.154,0.832,0.405,0.157,0.27,0,0,1
10,0.438,0.319,0.105,0.301,0.195,0.092,0.014,0,1,0
16,0.611,0.485,0.139,0.954,0.408,0.196,0.35,0,1,0
14,0.576,0.426,0.148,0.968,0.412,0.248,0.308,0,0,1
15,0.632,0.517,0.181,1.273,0.59,0.282,0.401,0,0,1
27,0.665,0.539,0.18,1.288,0.587,0.24,0.461,1,0,0
14,0.429,0.371,0.103,0.366,0.16,0.033,0.173,0,1,0
4,0.432,0.328,0.096,0.277,0.181,0.094,0.002,0,1,0
14,0.502,0.402,0.117,0.649,0.285,0.139,0.225,0,0,1
6,0.37,0.269,0.101,0.451,0.187,0.102,0.162,0,1,0
14,0.367,0.274,0.086,0.176,0.055,0.044,0.077,0,1,0
24,0.554,0.449,0.182,0.924,0.401,0.192,0.331,0,0,1
15,0.341,0.257,0.064,0.31,0.148,0.085,0.077,1,0,0
8,0.315,0.194,0.049,0.004,0.001,0.001,0.002,1,0,0
14,0.471,0.355,0.117,0.403,0.155,0.112,0.136,0,1,0
12,0.386,0.298,0.127,0.568,0.241,0.148,0.179,0,0,1
15,0.493,0.383,0.114,0.668,0.357,0.175,0.136,1,0,0
9,0.602,0.464,0.17,1.2,0.61,0.279,0.311,0,1,0
14,0.457,0.341,0.146,0.564,0.319,0.13,0.115,1,0,0
16,0.469,0.353,0.107,0.545,0.203,0.094,0.248,1,0,0
16,0.525,0.411,0.111,0.514,0.204,0.12,0.19,0,0,1
15,0.199,0.144,0.032,0.004,0.001,0.001,0.002,0,0,1
20,0.656,0.488,0.2,1.257,0.618,0.301,0.338,1,0,0
14,0.455,0.355,0.11,0.584,0.288,0.13,0.166,0,0,1
20,0.64,0.506,0.168,0.933,0.428,0.202,0.303,1,0,0
12,0.527,0.395,0.146,0.995,0.507,0.24,0.248,1,0,0
21,0.609,0.479,0.154,1.171,0.496,0.27,0.405,0,0,1
12,0.574,0.469,0.159,1.059,0.504,0.257,0.298,1,0,0
12,0.44,0.337,0.151,0.159,0.002,0.03,0.127,0,1,0
9,0.503,0.379,0.121,0.588,0.284,0.2,0.104,0,1,0
20,0.578,0.453,0.16,0.866,0.375,0.202,0.289,0,1,0
6,0.075,0.055,0.0,0.004,0.001,0.001,0.002,0,0,1
14,0.685,0.543,0.2,1.394,0.678,0.311,0.405,0,0,1
9,0.338,0.229,0.066,0.237,0.134,0.014,0.089,0,0,1
12,0.659,0.52,0.15,1.233,0.626,0.242,0.365,0,1,0
8,0.369,0.295,0.09,0.222,0.148,0.035,0.039,1,0,0
12,0.531,0.431,0.141,0.846,0.392,0.186,0.268,0,0,1
22,0.663,0.524,0.2,1.266,0.531,0.311,0.424,0,1,0
24,0.578,0.454,0.173,0.919,0.407,0.201,0.311,0,0,1
8,0.328,0.263,0.051,0.137,0.093,0.025,0.019,1,0,0
15,0.593,0.467,0.167,1.123,0.455,0.245,0.423,0,0,1
18,0.566,0.444,0.144,0.705,0.381,0.133,0.191,1,0,0
20,0.458,0.366,0.12,0.474,0.212,0.109,0.153,0,1,0
16,0.525,0.418,0.134,0.467,0.284,0.09,0.093,0,0,1
16,0.575,0.457,0.134,1.005,0.445,0.269,0.291,0,0,1
10,0.355,0.267,0.077,0.079,0.001,0.056,0.022,0,0,1
14,0.494,0.372,0.111,0.474,0.212,0.169,0.093,0,0,1
12,0.384,0.294,0.088,0.325,0.167,0.074,0.084,0,0,1
16,0.583,0.438,0.148,0.955,0.534,0.219,0.202,0,1,0
9,0.403,0.3,0.095,0.236,0.089,0.049,0.098,0,1,0
15,0.603,0.466,0.137,0.813,0.369,0.2,0.244,0,0,1
16,0.504,0.408,0.151,0.421,0.183,0.08,0.158,0,1,0
14,0.287,0.204,0.073,0.013,0.001,0.001,0.011,0,1,0
14,0.813,0.623,0.185,1.77,0.874,0.44,0.456,0,1,0
12,0.479,0.375,0.138,0.83,0.383,0.193,0.254,0,1,0
8,0.495,0.369,0.138,0.573,0.259,0.176,0.138,0,1,0
14,0.528,0.413,0.12,0.669,0.283,0.17,0.216,0,0,1
21,0.683,0.527,0.206,1.343,0.546,0.33,0.467,0,0,1
10,0.322,0.245,0.079,0.102,0.001,0.042,0.059,0,0,1
21,0.659,0.518,0.189,1.021,0.405,0.214,0.402,0,0,1
20,0.59,0.479,0.167,0.807,0.364,0.191,0.252,0,1,0
21,0.659,0.551,0.204,1.276,0.493,0.303,0.48,0,1,0
20,0.802,0.613,0.258,2.026,1.025,0.455,0.546,1,0,0
16,0.546,0.409,0.168,0.579,0.292,0.168,0.119,0,1,0
12,0.536,0.429,0.151,0.909,0.443,0.246,0.22,0,1,0
10,0.428,0.349,0.124,0.383,0.165,0.102,0.116,1,0,0
10,0.466,0.363,0.143,0.742,0.347,0.174,0.221,0,0,1
10,0.664,0.508,0.17,1.415,0.755,0.311,0.349,0,0,1
8,0.406,0.303,0.095,0.354,0.188,0.106,0.06,0,0,1
10,0.309,0.221,0.093,0.47,0.304,0.102,0.064,1,0,0
22,0.496,0.382,0.137,0.586,0.194,0.13,0.262,0,1,0
16,0.621,0.509,0.195,1.259,0.673,0.241,0.345,1,0,0
16,0.483,0.372,0.107,0.618,0.28,0.175,0.163,1,0,0
24,0.644,0.497,0.184,1.107,0.444,0.313,0.35,0,0,1
14,0.372,0.252,0.069,0.107,0.053,0.001,0.053,0,0,1
15,0.399,0.276,0.107,0.377,0.111,0.111,0.155,0,0,1
22,0.529,0.416,0.18,1.184,0.524,0.269,0.391,1,0,0
16,0.687,0.568,0.197,1.33,0.579,0.311,0.44,0,0,1
2,0.373,0.279,0.083,0.126,0.053,0.024,0.049,0,1,0
20,0.474,0.383,0.138,0.585,0.212,0.172,0.201,0,0,1
12,0.255,0.182,0.066,0.252,0.167,0.036,0.049,1,0,0
12,0.268,0.225,0.072,0.048,0.001,0.001,0.046,0,0,1
20,0.654,0.485,0.17,0.858,0.382,0.222,0.254,1,0,0
15,0.34,0.259,0.067,0.178,0.084,0.015,0.079,1,0,0
8,0.491,0.382,0.109,0.746,0.437,0.11,0.199,1,0,0
10,0.545,0.442,0.144,1.15,0.581,0.297,0.272,1,0,0
9,0.233,0.2,0.072,0.004,0.001,0.001,0.002,0,1,0
18,0.659,0.517,0.154,0.855,0.407,0.215,0.233,0,0,1
1,0.464,0.366,0.121,0.731,0.37,0.158,0.203,0,0,1
12,0.505,0.395,0.146,0.776,0.462,0.142,0.172,0,0,1
12,0.596,0.455,0.144,1.239,0.618,0.302,0.319,0,0,1
16,0.599,0.46,0.165,1.154,0.497,0.265,0.392,0,1,0
10,0.607,0.461,0.174,1.237,0.603,0.263,0.371,0,1,0
20,0.569,0.455,0.142,0.952,0.363,0.262,0.327,0,0,1
15,0.451,0.341,0.123,0.462,0.161,0.123,0.178,1,0,0
20,0.615,0.504,0.17,0.885,0.41,0.159,0.316,1,0,0
18,0.693,0.523,0.165,1.651,0.817,0.368,0.466,0,0,1
2,0.492,0.399,0.144,0.997,0.556,0.242,0.199,0,0,1
15,0.501,0.361,0.115,0.33,0.157,0.033,0.14,0,0,1
14,0.585,0.454,0.154,1.073,0.509,0.224,0.34,0,1,0
14,0.398,0.325,0.085,0.147,0.022,0.013,0.112,0,0,1
14,0.631,0.492,0.181,1.14,0.612,0.228,0.3,0,0,1
15,0.646,0.488,0.163,1.254,0.615,0.286,0.353,0,0,1
14,0.585,0.431,0.157,1.097,0.581,0.259,0.257,1,0,0
20,0.466,0.369,0.091,0.653,0.332,0.104,0.217,1,0,0
15,0.431,0.31,0.118,0.329,0.105,0.106,0.118,0,0,1
20,0.674,0.525,0.177,1.446,0.647,0.302,0.497,0,1,0
2,0.436,0.31,0.091,0.513,0.327,0.103,0.083,0,0,1
18,0.404,0.307,0.105,0.38,0.135,0.095,0.15,0,0,1
22,0.558,0.458,0.158,1.174,0.527,0.258,0.389,1,0,0
4,0.366,0.29,0.098,0.463,0.189,0.125,0.149,0,1,0
20,0.581,0.452,0.159,0.738,0.326,0.182,0.23,0,0,1
24,0.756,0.617,0.223,1.655,0.733,0.419,0.503,1,0,0
15,0.465,0.359,0.121,0.558,0.343,0.087,0.128,0,0,1
21,0.684,0.524,0.197,1.623,0.758,0.377,0.488,0,0,1
16,0.621,0.473,0.136,1.006,0.516,0.232,0.258,0,0,1
6,0.321,0.215,0.054,0.029,0.012,0.015,0.002,0,1,0
4,0.344,0.276,0.068,0.202,0.135,0.051,0.016,0,0,1
8,0.273,0.216,0.083,0.004,0.001,0.001,0.002,0,0,1
14,0.519,0.386,0.113,0.741,0.32,0.16,0.261,0,0,1
18,0.572,0.421,0.154,0.574,0.194,0.13,0.25,0,0,1
18,0.719,0.556,0.189,1.368,0.672,0.291,0.405,0,0,1
14,0.513,0.385,0.131,0.805,0.374,0.21,0.221,1,0,0
9,0.599,0.482,0.138,1.291,0.65,0.33,0.311,0,1,0
8,0.426,0.338,0.125,0.429,0.248,0.085,0.096,1,0,0
15,0.609,0.498,0.193,1.429,0.648,0.321,0.46,0,1,0
9,0.555,0.421,0.123,0.949,0.463,0.193,0.293,1,0,0
21,0.567,0.442,0.155,0.689,0.248,0.202,0.239,0,1,0
16,0.451,0.33,0.12,0.065,0.062,0.001,0.002,0,0,1
20,0.353,0.27,0.108,0.505,0.216,0.111,0.178,0,1,0
15,0.421,0.297,0.12,0.227,0.059,0.061,0.107,1,0,0
24,0.544,0.436,0.151,0.681,0.188,0.133,0.36,0,1,0
14,0.416,0.331,0.121,0.572,0.303,0.094,0.175,0,0,1
14,0.663,0.533,0.138,1.007,0.45,0.278,0.279,0,0,1
14,0.52,0.388,0.133,0.636,0.34,0.096,0.2,0,0,1
21,0.654,0.509,0.189,1.31,0.664,0.249,0.397,1,0,0
6,0.555,0.413,0.144,0.732,0.42,0.17,0.142,0,0,1
16,0.726,0.588,0.209,1.57,0.716,0.382,0.472,1,0,0
15,0.581,0.461,0.198,0.85,0.387,0.208,0.255,1,0,0
14,0.54,0.424,0.13,0.914,0.374,0.247,0.293,0,0,1
14,0.549,0.408,0.114,0.562,0.283,0.113,0.166,1,0,0
10,0.583,0.442,0.167,1.274,0.672,0.31,0.292,1,0,0
9,0.57,0.427,0.127,0.94,0.542,0.195,0.203,0,1,0
14,0.509,0.378,0.134,0.79,0.42,0.18,0.19,1,0,0
15,0.451,0.363,0.116,0.467,0.237,0.046,0.184,0,0,1
16,0.482,0.373,0.116,0.578,0.279,0.122,0.177,0,1,0
14,0.536,0.435,0.145,0.919,0.419,0.181,0.319,0,1,0
15,0.571,0.442,0.151,0.781,0.359,0.194,0.228,0,0,1
16,0.605,0.49,0.152,1.015,0.444,0.281,0.29,0,0,1
16,0.667,0.518,0.191,1.167,0.526,0.287,0.354,1,0,0
24,0.815,0.65,0.226,1.901,0.862,0.442,0.597,0,1,0
18,0.55,0.458,0.176,1.033,0.49,0.229,0.314,1,0,0
20,0.718,0.556,0.197,1.373,0.599,0.312,0.462,1,0,0
27,0.81,0.65,0.231,1.668,0.679,0.409,0.58,0,0,1
14,0.528,0.405,0.142,0.924,0.433,0.195,0.296,0,0,1
2,0.326,0.292,0.101,0.26,0.154,0.057,0.049,0,0,1
12,0.437,0.335,0.131,0.656,0.346,0.146,0.164,0,1,0
15,0.515,0.411,0.148,0.623,0.275,0.137,0.211,1,0,0
14,0.552,0.409,0.165,0.876,0.465,0.21,0.201,0,0,1
16,0.619,0.479,0.188,1.05,0.449,0.292,0.309,1,0,0
18,0.6,0.486,0.173,1.288,0.593,0.284,0.411,0,0,1
18,0.636,0.508,0.168,1.029,0.478,0.285,0.266,0,0,1
21,0.723,0.545,0.196,1.307,0.626,0.273,0.408,0,0,1
16,0.508,0.401,0.154,0.826,0.326,0.204,0.296,1,0,0
18,0.5,0.372,0.141,0.749,0.339,0.195,0.215,0,0,1
18,0.617,0.461,0.17,1.051,0.535,0.268,0.248,0,0,1
16,0.614,0.497,0.191,1.262,0.623,0.321,0.318,1,0,0
15,0.585,0.456,0.178,1.124,0.52,0.276,0.328,1,0,0
10,0.4,0.298,0.071,0.218,0.119,0.044,0.055,0,1,0
21,0.682,0.528,0.23,1.64,0.779,0.377,0.484,0,1,0
14,0.525,0.398,0.152,0.776,0.377,0.171,0.228,0,0,1
10,0.454,0.361,0.125,0.661,0.373,0.151,0.137,0,0,1
8,0.444,0.356,0.109,0.337,0.153,0.103,0.081,0,1,0
15,0.42,0.354,0.106,0.305,0.071,0.07,0.164,0,1,0
16,0.697,0.524,0.186,1.735,0.824,0.36,0.551,1,0,0
22,0.506,0.422,0.151,0.708,0.251,0.14,0.317,0,1,0
24,0.533,0.412,0.145,0.725,0.251,0.181,0.293,1,0,0
12,0.68,0.506,0.156,1.186,0.59,0.261,0.335,1,0,0
18,0.659,0.5,0.161,1.173,0.521,0.283,0.369,1,0,0
24,0.573,0.484,0.157,0.605,0.197,0.111,0.297,0,1,0
15,0.502,0.356,0.126,0.457,0.237,0.121,0.099,0,0,1
15,0.497,0.395,0.125,0.832,0.37,0.192,0.27,0,1,0
12,0.651,0.528,0.176,1.059,0.499,0.265,0.295,0,1,0
20,0.662,0.528,0.143,1.223,0.546,0.297,0.38,1,0,0
20,0.708,0.567,0.229,1.558,0.755,0.345,0.458,0,0,1
16,0.526,0.393,0.146,0.825,0.356,0.181,0.288,1,0,0
12,0.561,0.451,0.171,1.135,0.561,0.288,0.286,0,0,1
20,0.603,0.49,0.206,1.09,0.473,0.259,0.358,0,1,0
10,0.407,0.322,0.104,0.347,0.152,0.072,0.123,0,0,1
14,0.584,0.444,0.128,0.862,0.367,0.213,0.282,1,0,0
8,0.429,0.326,0.125,0.741,0.358,0.191,0.192,1,0,0
15,0.559,0.424,0.144,0.688,0.332,0.181,0.175,1,0,0
10,0.332,0.247,0.067,0.096,0.011,0.079,0.006,1,0,0
16,0.585,0.438,0.163,0.983,0.439,0.218,0.326,0,0,1
16,0.766,0.626,0.23,1.794,0.888,0.398,0.508,0,0,1
12,0.457,0.37,0.124,0.837,0.363,0.19,0.284,0,0,1
14,0.53,0.416,0.14,0.761,0.296,0.257,0.208,0,0,1
18,0.577,0.453,0.164,1.243,0.614,0.255,0.374,0,1,0
24,0.655,0.517,0.156,0.805,0.341,0.223,0.241,0,0,1
6,0.41,0.331,0.127,0.195,0.119,0.031,0.045,0,1,0
14,0.615,0.488,0.165,1.393,0.721,0.333,0.339,0,1,0
16,0.463,0.337,0.143,0.638,0.284,0.14,0.214,0,0,1
2,0.444,0.342,0.106,0.455,0.284,0.072,0.099,0,1,0
6,0.45,0.341,0.106,0.339,0.247,0.064,0.028,1,0,0
10,0.321,0.275,0.081,0.157,0.069,0.046,0.042,0,1,0
16,0.628,0.457,0.179,1.242,0.593,0.301,0.348,0,0,1
15,0.539,0.409,0.13,0.803,0.343,0.214,0.246,0,0,1
9,0.527,0.406,0.122,0.914,0.489,0.17,0.255,0,1,0
15,0.503,0.423,0.167,0.629,0.197,0.154,0.278,0,0,1
15,0.615,0.472,0.192,1.026,0.442,0.235,0.349,0,0,1
9,0.467,0.337,0.102,0.286,0.152,0.044,0.09,1,0,0
18,0.564,0.465,0.143,0.947,0.429,0.241,0.277,0,0,1
14,0.442,0.328,0.14,0.785,0.32,0.202,0.263,0,0,1
14,0.618,0.501,0.184,1.318,0.67,0.314,0.334,1,0,0
15,0.51,0.385,0.114,0.595,0.297,0.174,0.124,1,0,0
14,0.521,0.408,0.134,0.286,0.191,0.051,0.044,1,0,0
18,0.518,0.414,0.126,0.619,0.239,0.151,0.229,0,0,1
20,0.567,0.459,0.15,0.696,0.276,0.141,0.279,0,0,1
18,0.55,0.4,0.133,1.013,0.476,0.245,0.292,0,0,1
15,0.537,0.425,0.142,0.464,0.19,0.102,0.172,0,1,0
20,0.447,0.36,0.126,0.713,0.355,0.148,0.21,1,0,0
16,0.567,0.444,0.157,1.038,0.529,0.265,0.244,1,0,0
15,0.508,0.396,0.109,0.739,0.372,0.127,0.24,1,0,0
22,0.6,0.469,0.165,1.003,0.431,0.211,0.361,1,0,0
10,0.663,0.536,0.172,1.404,0.73,0.343,0.331,0,1,0
9,0.405,0.307,0.114,0.614,0.24,0.182,0.192,0,1,0
12,0.386,0.301,0.098,0.381,0.181,0.087,0.113,0,0,1
15,0.503,0.401,0.131,0.576,0.238,0.179,0.159,0,0,1
18,0.577,0.421,0.171,1.064,0.499,0.247,0.318,1,0,0
20,0.548,0.404,0.159,0.97,0.439,0.203,0.328,1,0,0
12,0.427,0.34,0.114,0.665,0.345,0.135,0.185,0,0,1
21,0.655,0.527,0.144,1.199,0.531,0.285,0.383,0,1,0
24,0.737,0.58,0.215,1.511,0.663,0.367,0.481,0,1,0
20,0.674,0.513,0.174,1.064,0.51,0.263,0.291,1,0,0
2,0.445,0.352,0.116,0.816,0.45,0.192,0.174,0,0,1
15,0.469,0.345,0.131,0.881,0.437,0.217,0.227,0,1,0
8,0.416,0.315,0.131,0.476,0.149,0.121,0.206,0,0,1
24,0.456,0.373,0.134,0.484,0.113,0.129,0.242,0,0,1
10,0.407,0.337,0.108,0.443,0.187,0.124,0.132,0,1,0
14,0.631,0.474,0.149,0.936,0.459,0.268,0.209,0,1,0
1,0.354,0.241,0.066,0.161,0.132,0.027,0.002,0,0,1
12,0.455,0.352,0.107,0.628,0.276,0.204,0.148,0,1,0
22,0.791,0.615,0.193,1.309,0.597,0.302,0.41,1,0,0
10,0.739,0.597,0.214,1.521,0.739,0.37,0.412,0,0,1
10,0.445,0.33,0.142,0.721,0.296,0.17,0.255,0,0,1
16,0.402,0.321,0.099,0.418,0.169,0.059,0.19,1,0,0
15,0.35,0.285,0.107,0.322,0.099,0.134,0.089,0,0,1
16,0.498,0.405,0.15,0.577,0.245,0.145,0.187,1,0,0
16,0.455,0.359,0.151,0.568,0.202,0.146,0.22,1,0,0
18,0.473,0.366,0.124,0.675,0.345,0.142,0.188,1,0,0
15,0.634,0.487,0.149,1.115,0.529,0.234,0.352,1,0,0
8,0.592,0.454,0.155,1.174,0.642,0.309,0.223,0,0,1
15,0.429,0.333,0.125,0.549,0.264,0.145,0.14,0,1,0
24,0.753,0.575,0.192,1.078,0.447,0.289,0.342,0,1,0
12,0.395,0.324,0.129,0.283,0.154,0.028,0.101,0,1,0
12,0.373,0.252,0.068,0.29,0.093,0.087,0.11,1,0,0
14,0.339,0.247,0.094,0.009,0.001,0.006,0.002,0,0,1
9,0.574,0.454,0.152,1.044,0.565,0.266,0.213,0,0,1
12,0.539,0.421,0.118,0.823,0.444,0.155,0.224,1,0,0
16,0.566,0.459,0.136,0.639,0.327,0.153,0.159,1,0,0
20,0.787,0.617,0.225,1.531,0.715,0.33,0.486,0,0,1
16,0.578,0.472,0.162,0.888,0.397,0.201,0.29,0,0,1
21,0.743,0.571,0.225,1.625,0.769,0.384,0.472,1,0,0
22,0.73,0.594,0.208,1.368,0.606,0.304,0.458,0,1,0
18,0.502,0.403,0.161,0.584,0.232,0.116,0.236,1,0,0
21,0.551,0.431,0.137,0.699,0.369,0.138,0.192,1,0,0
20,0.654,0.508,0.17,1.482,0.69,0.353,0.439,1,0,0
10,0.563,0.414,0.153,1.003,0.513,0.245,0.245,0,0,1
22,0.527,0.419,0.155,0.892,0.357,0.232,0.303,0,0,1
12,0.385,0.288,0.076,0.674,0.325,0.18,0.169,1,0,0
16,0.666,0.511,0.192,1.367,0.701,0.274,0.392,1,0,0
18,0.64,0.491,0.178,1.002,0.478,0.243,0.281,0,0,1
15,0.747,0.582,0.206,1.815,0.837,0.476,0.502,0,1,0
14,0.392,0.333,0.136,0.176,0.028,0.035,0.113,0,0,1
18,0.506,0.398,0.146,1.069,0.483,0.227,0.359,0,0,1
14,0.582,0.423,0.169,0.992,0.495,0.239,0.258,1,0,0
14,0.597,0.458,0.167,1.163,0.537,0.265,0.361,1,0,0
15,0.578,0.442,0.144,1.042,0.443,0.265,0.334,0,1,0
22,0.572,0.479,0.146,1.258,0.578,0.252,0.428,0,1,0
12,0.34,0.279,0.084,0.127,0.081,0.03,0.016,0,1,0
18,0.507,0.392,0.11,0.412,0.285,0.029,0.098,1,0,0
14,0.64,0.511,0.168,1.021,0.533,0.226,0.262,0,1,0
16,0.645,0.509,0.18,1.16,0.556,0.294,0.31,0,0,1
14,0.492,0.379,0.107,0.471,0.156,0.134,0.181,1,0,0
16,0.532,0.41,0.116,0.689,0.31,0.129,0.25,0,0,1
18,0.549,0.429,0.164,0.828,0.383,0.201,0.244,1,0,0
9,0.53,0.417,0.11,0.683,0.302,0.214,0.167,0,0,1
14,0.24,0.192,0.053,0.004,0.001,0.001,0.002,0,1,0
15,0.578,0.418,0.126,0.754,0.388,0.14,0.226,0,0,1
22,0.68,0.516,0.182,1.091,0.415,0.297,0.379,0,1,0
18,0.601,0.463,0.184,1.442,0.707,0.341,0.394,0,1,0
24,0.68,0.551,0.195,1.555,0.668,0.355,0.532,0,1,0
8,0.386,0.313,0.088,0.28,0.132,0.074,0.074,1,0,0
9,0.464,0.365,0.107,0.529,0.327,0.112,0.09,0,1,0
16,0.465,0.378,0.14,0.84,0.342,0.201,0.297,1,0,0
21,0.623,0.482,0.202,1.389,0.608,0.37,0.411,0,0,1
9,0.661,0.538,0.168,1.225,0.589,0.285,0.351,0,0,1
12,0.367,0.259,0.111,0.105,0.065,0.025,0.015,0,0,1
22,0.693,0.536,0.187,1.328,0.602,0.286,0.44,1,0,0
15,0.366,0.317,0.136,0.455,0.194,0.096,0.165,1,0,0
14,0.435,0.34,0.083,0.391,0.227,0.076,0.088,0,1,0
10,0.465,0.343,0.13,0.474,0.211,0.066,0.197,1,0,0
21,0.522,0.44,0.171,1.098,0.464,0.27,0.364,0,1,0
16,0.49,0.382,0.137,0.62,0.287,0.153,0.18,1,0,0
12,0.619,0.492,0.155,1.158,0.604,0.249,0.305,1,0,0
10,0.278,0.198,0.072,0.004,0.001,0.001,0.002,0,0,1
14,0.592,0.473,0.177,1.148,0.525,0.283,0.34,0,0,1
12,0.365,0.27,0.084,0.156,0.023,0.022,0.111,0,1,0
15,0.552,0.432,0.151,0.947,0.464,0.21,0.273,0,0,1
15,0.566,0.447,0.154,0.926,0.463,0.17,0.293,1,0,0
6,0.291,0.233,0.093,0.06,0.017,0.041,0.002,1,0,0
14,0.493,0.394,0.113,0.601,0.284,0.183,0.134,0,0,1
14,0.535,0.402,0.155,0.875,0.431,0.186,0.258,1,0,0
18,0.651,0.502,0.156,0.953,0.393,0.265,0.295,0,0,1
14,0.485,0.359,0.126,0.463,0.194,0.099,0.17,0,0,1
9,0.162,0.093,0.028,0.004,0.001,0.001,0.002,1,0,0
20,0.678,0.526,0.154,1.325,0.626,0.298,0.401,0,1,0
12,0.421,0.357,0.102,0.461,0.163,0.096,0.202,1,0,0
8,0.399,0.295,0.092,0.301,0.172,0.063,0.066,1,0,0
15,0.43,0.324,0.097,0.421,0.259,0.084,0.078,0,0,1
20,0.537,0.41,0.141,0.894,0.474,0.191,0.229,0,0,1
22,0.712,0.584,0.215,1.599,0.669,0.381,0.549,0,0,1
14,0.325,0.239,0.061,0.03,0.001,0.007,0.022,0,0,1
16,0.499,0.417,0.133,0.603,0.282,0.112,0.209,0,0,1
18,0.559,0.422,0.155,0.915,0.369,0.232,0.314,0,1,0
14,0.391,0.313,0.117,0.514,0.201,0.165,0.148,0,0,1
21,0.739,0.56,0.181,1.067,0.509,0.234,0.324,0,1,0
9,0.39,0.284,0.083,0.266,0.108,0.021,0.137,1,0,0
14,0.416,0.325,0.118,0.531,0.267,0.109,0.155,0,0,1
20,0.537,0.376,0.119,0.711,0.317,0.158,0.236,1,0,0
14,0.444,0.346,0.109,0.376,0.224,0.033,0.119,1,0,0
20,0.682,0.554,0.199,1.6,0.789,0.37,0.441,1,0,0
9,0.442,0.358,0.136,0.641,0.27,0.129,0.242,0,0,1
15,0.482,0.375,0.126,0.404,0.168,0.073,0.163,0,0,1
8,0.457,0.338,0.127,0.685,0.347,0.144,0.194,0,0,1
21,0.759,0.574,0.222,1.699,0.738,0.442,0.519,1,0,0
24,0.643,0.482,0.157,1.206,0.575,0.215,0.416,0,0,1
18,0.559,0.432,0.133,0.816,0.362,0.207,0.247,0,1,0
1,0.508,0.37,0.105,0.731,0.377,0.167,0.187,0,0,1
14,0.613,0.486,0.147,0.931,0.426,0.211,0.294,0,0,1
9,0.545,0.422,0.131,0.885,0.39,0.259,0.236,0,0,1
20,0.691,0.549,0.188,1.51,0.685,0.364,0.461,0,0,1
6,0.487,0.349,0.126,0.858,0.494,0.154,0.21,0,0,1
21,0.773,0.644,0.247,1.715,0.778,0.375,0.562,1,0,0
14,0.582,0.49,0.152,1.204,0.652,0.241,0.311,0,0,1
9,0.459,0.365,0.125,0.686,0.346,0.141,0.199,0,1,0
15,0.618,0.495,0.185,1.236,0.575,0.272,0.389,0,0,1
15,0.439,0.339,0.135,0.652,0.324,0.16,0.168,1,0,0
14,0.278,0.199,0.026,0.004,0.001,0.001,0.002,0,0,1
12,0.754,0.581,0.186,1.537,0.749,0.379,0.409,1,0,0
9,0.449,0.37,0.108,0.768,0.368,0.181,0.219,0,0,1
16,0.602,0.501,0.161,0.998,0.478,0.213,0.307,1,0,0
20,0.669,0.55,0.2,1.36,0.572,0.361,0.427,1,0,0
16,0.519,0.376,0.113,0.517,0.19,0.162,0.165,1,0,0
4,0.381,0.321,0.099,0.211,0.164,0.037,0.01,0,0,1
15,0.383,0.299,0.103,0.244,0.065,0.102,0.077,0,1,0
16,0.618,0.485,0.176,1.218,0.582,0.303,0.333,0,0,1
18,0.717,0.558,0.204,1.555,0.711,0.368,0.476,0,1,0
18,0.695,0.547,0.176,1.152,0.526,0.277,0.349,1,0,0
12,0.468,0.378,0.137,0.851,0.326,0.182,0.343,1,0,0
8,0.535,0.392,0.114,0.539,0.227,0.174,0.138,0,0,1
15,0.603,0.489,0.194,1.032,0.455,0.243,0.334,0,1,0
15,0.643,0.523,0.176,1.328,0.613,0.335,0.38,1,0,0
22,0.746,0.596,0.24,1.964,0.877,0.491,0.596,0,0,1
15,0.503,0.38,0.122,0.642,0.319,0.132,0.191,0,0,1
15,0.57,0.423,0.122,0.54,0.226,0.115,0.199,0,0,1
21,0.566,0.443,0.141,0.84,0.338,0.189,0.313,0,0,1
12,0.417,0.311,0.122,0.385,0.223,0.071,0.091,1,0,0
21,0.673,0.539,0.187,1.268,0.558,0.336,0.374,0,1,0
9,0.537,0.44,0.154,0.96,0.416,0.241,0.303,0,0,1
10,0.478,0.368,0.113,0.387,0.222,0.076,0.089,0,0,1
10,0.503,0.388,0.126,0.659,0.261,0.151,0.247,0,0,1
20,0.705,0.556,0.181,1.206,0.53,0.295,0.381,0,1,0
20,0.529,0.439,0.133,0.763,0.316,0.178,0.269,0,1,0
8,0.348,0.257,0.073,0.406,0.287,0.089,0.03,0,0,1
14,0.538,0.405,0.136,0.807,0.324,0.244,0.239,1,0,0
20,0.434,0.322,0.106,0.445,0.116,0.111,0.218,0,1,0
20,0.57,0.437,0.156,1.189,0.555,0.265,0.369,0,1,0
15,0.558,0.456,0.148,1.29,0.634,0.275,0.381,0,0,1
20,0.521,0.386,0.142,0.85,0.359,0.205,0.286,0,0,1
8,0.517,0.408,0.142,0.844,0.441,0.205,0.198,0,0,1
27,0.815,0.65,0.199,1.94,0.854,0.468,0.618,0,0,1
26,0.815,0.65,0.223,1.853,0.84,0.404,0.609,0,0,1
20,0.532,0.423,0.167,1.05,0.455,0.309,0.286,1,0,0
10,0.387,0.278,0.096,0.275,0.177,0.072,0.026,1,0,0
10,0.376,0.282,0.064,0.076,0.04,0.022,0.014,0,0,1
16,0.539,0.417,0.14,0.795,0.407,0.202,0.186,1,0,0
10,0.215,0.146,0.056,0.004,0.001,0.001,0.002,1,0,0
20,0.707,0.539,0.17,1.516,0.737,0.348,0.431,0,0,1
10,0.402,0.314,0.097,0.454,0.181,0.111,0.162,1,0,0
12,0.521,0.399,0.142,0.578,0.306,0.103,0.169,0,1,0
14,0.501,0.391,0.092,0.481,0.211,0.117,0.153,0,0,1
2,0.283,0.228,0.061,0.06,0.032,0.023,0.005,0,0,1
10,0.459,0.356,0.113,0.759,0.318,0.186,0.255,0,1,0
14,0.45,0.338,0.126,0.675,0.304,0.16,0.211,1,0,0
18,0.571,0.435,0.152,0.819,0.351,0.152,0.316,0,0,1
14,0.635,0.489,0.16,1.129,0.515,0.277,0.337,0,0,1
20,0.704,0.553,0.215,1.38,0.621,0.332,0.427,1,0,0
15,0.57,0.451,0.164,0.67,0.313,0.15,0.207,0,0,1
21,0.517,0.423,0.15,0.884,0.378,0.186,0.32,0,0,1
12,0.303,0.205,0.08,0.209,0.001,0.074,0.134,0,0,1
16,0.38,0.322,0.124,0.504,0.076,0.146,0.282,0,0,1
15,0.697,0.523,0.147,1.438,0.728,0.281,0.429,0,0,1
15,0.302,0.23,0.093,0.122,0.001,0.001,0.12,0,0,1
16,0.77,0.59,0.209,1.689,0.769,0.416,0.504,0,0,1
20,0.699,0.533,0.178,1.556,0.817,0.348,0.391,0,0,1
14,0.512,0.393,0.15,0.685,0.25,0.22,0.215,0,0,1
16,0.468,0.356,0.124,0.532,0.239,0.129,0.164,0,1,0
15,0.698,0.534,0.198,1.441,0.731,0.33,0.38,1,0,0
18,0.584,0.469,0.162,0.819,0.331,0.211,0.277,1,0,0
16,0.465,0.351,0.114,0.625,0.197,0.143,0.285,0,0,1
20,0.541,0.43,0.193,0.767,0.313,0.166,0.288,0,0,1
16,0.542,0.43,0.163,0.559,0.209,0.125,0.225,0,1,0
16,0.587,0.46,0.163,0.762,0.39,0.133,0.239,0,0,1
15,0.548,0.438,0.157,0.938,0.397,0.241,0.3,0,0,1
21,0.627,0.53,0.218,1.391,0.687,0.294,0.41,1,0,0
9,0.308,0.245,0.077,0.247,0.131,0.039,0.077,1,0,0
15,0.406,0.306,0.151,0.338,0.091,0.088,0.159,1,0,0
18,0.566,0.47,0.161,0.901,0.34,0.184,0.377,0,0,1
14,0.49,0.394,0.155,0.674,0.282,0.177,0.215,0,1,0
15,0.533,0.416,0.123,0.573,0.223,0.135,0.215,0,0,1
16,0.662,0.547,0.173,1.445,0.744,0.36,0.341,0,0,1
15,0.473,0.363,0.123,0.761,0.409,0.158,0.194,1,0,0
12,0.525,0.413,0.121,0.614,0.294,0.157,0.163,0,0,1
15,0.557,0.436,0.145,1.095,0.504,0.239,0.352,0,0,1
14,0.53,0.436,0.157,0.964,0.514,0.217,0.233,0,1,0
14,0.613,0.473,0.134,1.215,0.645,0.257,0.313,1,0,0
16,0.668,0.525,0.184,1.511,0.723,0.36,0.428,0,1,0
10,0.299,0.241,0.1,0.042,0.001,0.037,0.004,0,1,0
18,0.624,0.519,0.173,0.649,0.24,0.156,0.253,0,1,0
9,0.398,0.3,0.116,0.388,0.168,0.142,0.078,0,0,1
15,0.609,0.47,0.148,0.982,0.489,0.174,0.319,0,0,1
9,0.316,0.221,0.089,0.008,0.005,0.001,0.002,0,0,1
12,0.488,0.376,0.133,0.91,0.47,0.162,0.278,0,1,0
16,0.643,0.467,0.136,1.167,0.568,0.304,0.295,0,0,1
16,0.565,0.445,0.135,0.61,0.292,0.132,0.186,1,0,0
20,0.389,0.304,0.118,0.446,0.184,0.106,0.156,1,0,0
8,0.204,0.131,0.043,0.004,0.001,0.001,0.002,1,0,0
15,0.517,0.422,0.122,0.877,0.399,0.241,0.237,1,0,0
16,0.495,0.416,0.147,0.746,0.264,0.191,0.291,1,0,0
21,0.71,0.544,0.201,1.404,0.638,0.322,0.444,0,1,0
18,0.537,0.431,0.123,0.886,0.389,0.218,0.279,1,0,0
14,0.456,0.353,0.088,0.586,0.296,0.112,0.178,0,1,0
2,0.612,0.479,0.166,1.088,0.596,0.234,0.258,1,0,0
21,0.72,0.531,0.214,1.561,0.739,0.348,0.474,1,0,0
18,0.431,0.322,0.126,0.557,0.196,0.147,0.214,0,1,0
21,0.61,0.493,0.15,0.914,0.395,0.195,0.324,1,0,0
10,0.406,0.321,0.096,0.102,0.031,0.065,0.006,0,0,1
8,0.532,0.455,0.136,0.952,0.52,0.19,0.242,1,0,0
15,0.567,0.444,0.144,0.987,0.426,0.278,0.283,0,0,1
10,0.324,0.252,0.105,0.125,0.043,0.017,0.065,1,0,0
16,0.606,0.453,0.134,0.979,0.428,0.25,0.301,0,1,0
16,0.432,0.351,0.095,0.099,0.082,0.015,0.002,0,0,1
15,0.397,0.301,0.099,0.283,0.086,0.098,0.099,0,0,1
14,0.625,0.477,0.171,1.168,0.551,0.277,0.34,0,0,1
10,0.417,0.302,0.115,0.439,0.222,0.106,0.111,0,1,0
15,0.647,0.532,0.198,1.505,0.675,0.383,0.447,0,0,1
14,0.568,0.443,0.148,0.673,0.272,0.177,0.224,1,0,0
18,0.516,0.391,0.166,0.811,0.402,0.193,0.216,0,0,1
15,0.769,0.622,0.181,1.678,0.778,0.462,0.438,1,0,0
15,0.535,0.4,0.148,0.776,0.305,0.246,0.225,0,0,1
18,0.539,0.411,0.147,0.815,0.316,0.253,0.246,0,0,1
12,0.512,0.412,0.114,0.747,0.313,0.191,0.243,1,0,0
16,0.583,0.472,0.155,0.809,0.335,0.228,0.246,1,0,0
8,0.408,0.305,0.096,0.431,0.216,0.127,0.088,0,0,1
15,0.488,0.388,0.113,0.58,0.279,0.114,0.187,1,0,0
16,0.586,0.479,0.159,0.972,0.439,0.26,0.273,0,1,0
18,0.476,0.391,0.155,0.518,0.214,0.141,0.163,0,0,1
8,0.568,0.442,0.15,0.934,0.445,0.229,0.26,0,0,1
14,0.533,0.435,0.148,0.726,0.345,0.212,0.169,0,1,0
15,0.478,0.37,0.121,0.451,0.182,0.096,0.173,0,0,1
10,0.463,0.333,0.106,0.336,0.132,0.118,0.086,1,0,0
18,0.478,0.374,0.134,0.517,0.21,0.116,0.191,0,0,1
10,0.511,0.4,0.149,0.978,0.5,0.184,0.294,1,0,0
9,0.487,0.4,0.098,0.659,0.317,0.155,0.187,0,1,0
21,0.517,0.415,0.125,0.706,0.344,0.174,0.188,0,0,1
14,0.424,0.333,0.106,0.316,0.141,0.071,0.104,1,0,0
16,0.34,0.282,0.112,0.231,0.06,0.028,0.143,0,1,0
14,0.344,0.265,0.092,0.027,0.001,0.001,0.025,0,1,0
10,0.378,0.271,0.079,0.242,0.027,0.098,0.117,0,0,1
15,0.695,0.552,0.204,1.395,0.695,0.326,0.374,0,0,1
20,0.678,0.538,0.173,1.335,0.59,0.274,0.471,1,0,0
21,0.59,0.467,0.136,1.485,0.738,0.336,0.411,0,0,1
8,0.44,0.361,0.106,0.364,0.155,0.087,0.122,0,0,1
12,0.585,0.48,0.154,1.174,0.632,0.267,0.275,0,1,0
16,0.333,0.257,0.083,0.091,0.001,0.016,0.074,0,0,1
10,0.53,0.409,0.139,0.536,0.23,0.119,0.187,0,1,0
9,0.56,0.419,0.119,0.696,0.336,0.148,0.212,1,0,0
10,0.293,0.21,0.066,0.004,0.001,0.001,0.002,0,0,1
18,0.515,0.417,0.142,0.895,0.39,0.215,0.29,0,0,1
12,0.576,0.433,0.162,0.867,0.46,0.192,0.215,0,1,0
10,0.375,0.28,0.072,0.256,0.1,0.017,0.139,1,0,0
14,0.559,0.455,0.176,0.987,0.443,0.202,0.342,0,0,1
18,0.483,0.379,0.097,0.632,0.297,0.132,0.203,0,0,1
16,0.537,0.438,0.137,0.819,0.407,0.156,0.256,0,1,0
10,0.369,0.299,0.095,0.243,0.202,0.039,0.002,1,0,0
14,0.248,0.209,0.031,0.004,0.001,0.001,0.002,0,0,1
6,0.501,0.378,0.087,0.409,0.286,0.078,0.045,1,0,0
24,0.53,0.41,0.145,0.54,0.19,0.127,0.223,0,0,1
10,0.373,0.263,0.065,0.151,0.065,0.015,0.071,0,0,1
18,0.48,0.405,0.147,0.751,0.332,0.192,0.227,0,1,0
15,0.594,0.446,0.157,0.997,0.393,0.229,0.375,1,0,0
21,0.803,0.628,0.251,1.685,0.807,0.394,0.484,1,0,0
14,0.543,0.427,0.132,1.107,0.556,0.287,0.264,0,0,1
18,0.593,0.47,0.165,0.675,0.296,0.162,0.217,0,1,0
16,0.589,0.499,0.187,1.345,0.613,0.334,0.398,0,0,1
18,0.471,0.358,0.165,0.691,0.324,0.17,0.197,1,0,0
18,0.593,0.474,0.152,1.002,0.478,0.231,0.293,0,1,0
15,0.348,0.268,0.106,0.318,0.124,0.09,0.104,1,0,0
14,0.443,0.343,0.131,0.649,0.312,0.175,0.162,0,0,1
18,0.448,0.358,0.101,0.54,0.262,0.12,0.158,0,0,1
14,0.48,0.363,0.148,0.671,0.232,0.211,0.228,0,0,1
18,0.374,0.288,0.115,0.133,0.001,0.061,0.071,1,0,0
21,0.559,0.457,0.176,0.736,0.336,0.196,0.204,0,1,0
14,0.489,0.371,0.121,0.642,0.3,0.137,0.205,0,0,1
8,0.45,0.34,0.08,0.52,0.281,0.093,0.146,1,0,0
10,0.483,0.358,0.124,0.917,0.51,0.219,0.188,0,1,0
20,0.48,0.395,0.162,0.717,0.337,0.15,0.23,0,0,1
16,0.482,0.392,0.125,0.707,0.282,0.177,0.248,0,0,1
22,0.62,0.5,0.189,1.122,0.498,0.262,0.362,0,1,0
14,0.561,0.41,0.125,0.789,0.287,0.235,0.267,1,0,0
9,0.555,0.416,0.154,0.764,0.344,0.175,0.245,1,0,0
6,0.551,0.419,0.118,1.086,0.553,0.274,0.259,0,0,1
24,0.712,0.556,0.215,1.47,0.647,0.362,0.461,1,0,0
16,0.516,0.404,0.11,0.451,0.232,0.048,0.171,0,0,1
18,0.481,0.36,0.128,0.531,0.261,0.122,0.148,0,0,1
9,0.44,0.361,0.096,0.313,0.12,0.085,0.108,1,0,0
18,0.597,0.481,0.168,1.165,0.532,0.261,0.372,1,0,0
22,0.671,0.543,0.178,1.309,0.611,0.309,0.389,0,1,0
16,0.582,0.469,0.16,1.123,0.534,0.232,0.357,0,0,1
15,0.545,0.421,0.18,0.893,0.425,0.236,0.232,1,0,0
20,0.474,0.386,0.139,0.604,0.239,0.186,0.179,0,1,0
9,0.353,0.262,0.086,0.39,0.149,0.083,0.158,0,1,0
15,0.371,0.293,0.07,0.241,0.113,0.06,0.068,0,1,0
18,0.815,0.65,0.213,1.991,0.937,0.455,0.599,0,1,0
15,0.517,0.44,0.147,0.606,0.281,0.119,0.206,0,0,1
1,0.118,0.085,0.0,0.004,0.001,0.001,0.002,0,0,1
16,0.688,0.539,0.192,1.457,0.718,0.353,0.386,0,0,1
15,0.299,0.224,0.063,0.026,0.001,0.001,0.024,1,0,0
15,0.275,0.229,0.072,0.004,0.001,0.001,0.002,1,0,0
18,0.662,0.5,0.174,1.096,0.553,0.242,0.301,0,1,0
20,0.575,0.476,0.176,0.81,0.38,0.158,0.272,1,0,0
16,0.492,0.393,0.146,0.271,0.075,0.066,0.13,1,0,0
15,0.498,0.383,0.156,0.542,0.215,0.091,0.236,0,0,1
12,0.54,0.394,0.119,0.919,0.455,0.195,0.269,0,0,1
10,0.608,0.45,0.142,0.872,0.432,0.213,0.227,1,0,0
8,0.232,0.157,0.024,0.004,0.001,0.001,0.002,0,1,0
10,0.428,0.331,0.128,0.445,0.245,0.068,0.132,0,0,1
10,0.412,0.296,0.107,0.123,0.001,0.029,0.093,1,0,0
15,0.397,0.326,0.142,0.783,0.373,0.187,0.223,0,1,0
20,0.752,0.567,0.228,1.676,0.787,0.393,0.496,0,0,1
21,0.439,0.335,0.159,0.373,0.093,0.132,0.148,0,0,1
18,0.644,0.518,0.192,1.197,0.604,0.265,0.328,0,0,1
16,0.582,0.458,0.16,1.172,0.577,0.218,0.377,1,0,0
15,0.601,0.479,0.136,1.021,0.528,0.24,0.253,0,0,1
21,0.759,0.605,0.199,1.344,0.633,0.345,0.366,1,0,0
15,0.649,0.505,0.142,0.861,0.323,0.19,0.348,0,0,1
14,0.592,0.481,0.131,1.181,0.555,0.239,0.387,1,0,0
18,0.636,0.496,0.179,0.777,0.321,0.184,0.272,1,0,0
1,0.396,0.288,0.078,0.315,0.212,0.062,0.041,1,0,0
20,0.512,0.4,0.162,0.888,0.342,0.224,0.322,0,0,1
21,0.509,0.399,0.161,0.569,0.2,0.132,0.237,0,1,0
18,0.612,0.499,0.138,0.7,0.32,0.123,0.257,0,0,1
14,0.527,0.386,0.168,0.712,0.436,0.167,0.109,0,0,1
15,0.603,0.485,0.166,1.017,0.477,0.29,0.25,0,0,1
15,0.542,0.439,0.135,0.992,0.413,0.246,0.333,0,0,1
10,0.428,0.322,0.105,0.428,0.219,0.087,0.122,1,0,0
20,0.409,0.298,0.084,0.452,0.179,0.086,0.187,0,0,1
16,0.571,0.455,0.134,0.85,0.427,0.159,0.264,0,0,1
8,0.201,0.172,0.045,0.004,0.001,0.001,0.002,0,0,1
16,0.649,0.51,0.19,1.099,0.523,0.253,0.323,0,0,1
10,0.508,0.372,0.148,0.729,0.351,0.217,0.161,0,0,1
15,0.582,0.436,0.151,0.898,0.448,0.236,0.214,0,0,1
18,0.698,0.527,0.195,1.599,0.776,0.377,0.446,1,0,0
18,0.581,0.43,0.156,0.84,0.389,0.182,0.269,0,0,1
15,0.659,0.522,0.179,1.314,0.691,0.26,0.363,0,1,0
21,0.612,0.48,0.152,1.053,0.396,0.298,0.359,0,0,1
10,0.42,0.301,0.08,0.295,0.127,0.069,0.099,0,1,0
6,0.406,0.319,0.102,0.695,0.332,0.181,0.182,0,0,1
14,0.305,0.25,0.113,0.296,0.112,0.041,0.143,0,0,1
4,0.399,0.28,0.057,0.101,0.098,0.001,0.002,0,1,0
18,0.644,0.503,0.169,1.148,0.53,0.244,0.374,0,0,1
12,0.454,0.343,0.106,0.43,0.246,0.08,0.104,1,0,0
15,0.485,0.408,0.14,0.528,0.26,0.115,0.153,0,0,1
18,0.421,0.309,0.119,0.22,0.037,0.077,0.106,0,0,1
16,0.663,0.558,0.198,1.217,0.58,0.294,0.343,0,1,0
12,0.587,0.433,0.15,0.868,0.362,0.215,0.291,0,1,0
20,0.735,0.566,0.222,1.62,0.762,0.373,0.485,1,0,0
21,0.706,0.555,0.203,1.704,0.789,0.382,0.533,0,0,1
14,0.523,0.412,0.121,1.24,0.606,0.282,0.352,0,1,0
8,0.41,0.277,0.097,0.401,0.281,0.078,0.042,1,0,0
16,0.306,0.22,0.085,0.254,0.057,0.088,0.109,0,0,1
24,0.719,0.562,0.199,1.447,0.7,0.285,0.462,1,0,0
10,0.466,0.341,0.117,0.442,0.211,0.131,0.1,0,0,1
21,0.664,0.543,0.185,1.377,0.71,0.272,0.395,0,0,1
6,0.365,0.265,0.08,0.087,0.049,0.036,0.002,1,0,0
10,0.436,0.342,0.107,0.417,0.181,0.065,0.171,0,1,0
9,0.471,0.351,0.142,0.601,0.251,0.178,0.172,0,1,0
14,0.331,0.244,0.068,0.012,0.001,0.009,0.002,0,1,0
16,0.448,0.327,0.091,0.253,0.059,0.061,0.133,0,1,0
15,0.558,0.429,0.153,0.855,0.391,0.247,0.217,0,0,1
16,0.504,0.431,0.146,1.062,0.499,0.262,0.301,0,1,0
18,0.644,0.467,0.176,1.087,0.541,0.243,0.303,1,0,0
10,0.366,0.298,0.096,0.427,0.249,0.093,0.085,1,0,0
14,0.618,0.499,0.164,1.228,0.58,0.267,0.381,0,0,1
15,0.477,0.345,0.088,0.307,0.177,0.076,0.054,1,0,0
6,0.383,0.286,0.078,0.051,0.022,0.013,0.016,0,1,0
21,0.766,0.617,0.227,1.526,0.729,0.343,0.454,0,1,0
15,0.431,0.333,0.116,0.692,0.312,0.136,0.244,0,0,1
15,0.455,0.335,0.138,0.54,0.285,0.082,0.173,0,0,1
20,0.661,0.49,0.189,0.898,0.391,0.182,0.325,0,0,1
20,0.641,0.512,0.192,1.239,0.548,0.273,0.418,0,1,0
20,0.76,0.59,0.209,1.64,0.748,0.387,0.505,0,0,1
18,0.654,0.525,0.187,1.249,0.58,0.319,0.35,1,0,0
20,0.615,0.492,0.166,1.423,0.679,0.306,0.438,0,0,1
10,0.673,0.535,0.158,1.136,0.578,0.239,0.319,0,0,1
6,0.734,0.54,0.181,1.595,0.769,0.46,0.366,0,0,1
20,0.583,0.473,0.167,1.23,0.522,0.25,0.458,0,1,0
16,0.565,0.434,0.153,0.868,0.333,0.237,0.298,0,0,1
16,0.612,0.491,0.166,0.999,0.517,0.237,0.245,0,0,1
21,0.514,0.417,0.163,0.909,0.368,0.24,0.301,0,0,1
6,0.238,0.179,0.067,0.02,0.001,0.001,0.018,0,0,1
16,0.463,0.374,0.142,0.86,0.384,0.18,0.296,0,0,1
6,0.337,0.228,0.053,0.01,0.001,0.007,0.002,1,0,0
18,0.699,0.545,0.201,1.474,0.663,0.346,0.465,0,1,0
15,0.538,0.424,0.112,0.501,0.215,0.08,0.206,0,0,1
8,0.315,0.204,0.059,0.05,0.047,0.001,0.002,0,0,1
14,0.493,0.379,0.119,0.445,0.197,0.116,0.132,0,0,1
14,0.686,0.528,0.167,1.394,0.711,0.353,0.33,0,1,0
20,0.744,0.581,0.189,1.622,0.749,0.405,0.468,1,0,0
6,0.359,0.288,0.104,0.233,0.084,0.095,0.054,0,0,1
21,0.7,0.547,0.183,1.173,0.543,0.272,0.358,0,0,1
20,0.705,0.532,0.205,1.379,0.594,0.365,0.42,0,0,1
22,0.629,0.502,0.183,1.127,0.393,0.322,0.412,1,0,0
16,0.498,0.381,0.109,0.352,0.095,0.113,0.144,0,1,0
15,0.322,0.265,0.065,0.118,0.075,0.014,0.029,0,1,0
14,0.741,0.602,0.197,1.505,0.707,0.34,0.458,0,0,1
9,0.356,0.287,0.106,0.256,0.16,0.058,0.038,1,0,0
16,0.559,0.465,0.153,0.973,0.49,0.201,0.282,1,0,0
16,0.531,0.416,0.146,0.748,0.352,0.166,0.23,1,0,0
10,0.47,0.359,0.123,0.563,0.29,0.123,0.15,1,0,0
15,0.489,0.365,0.119,0.385,0.111,0.146,0.128,1,0,0
24,0.815,0.65,0.244,1.957,0.949,0.407,0.601,0,1,0
16,0.43,0.339,0.148,0.485,0.181,0.11,0.194,0,0,1
12,0.409,0.331,0.105,0.553,0.284,0.117,0.152,1,0,0
14,0.44,0.331,0.124,0.402,0.157,0.069,0.176,0,1,0
15,0.621,0.502,0.214,1.289,0.632,0.27,0.387,0,1,0
18,0.708,0.569,0.175,1.413,0.677,0.324,0.412,0,0,1
12,0.585,0.479,0.168,1.201,0.534,0.294,0.373,0,0,1
18,0.764,0.579,0.193,1.323,0.59,0.293,0.44,0,0,1
14,0.514,0.395,0.163,0.973,0.46,0.193,0.32,1,0,0
12,0.461,0.346,0.119,0.61,0.286,0.126,0.198,0,0,1
12,0.417,0.33,0.11,0.507,0.219,0.102,0.186,0,0,1
12,0.401,0.304,0.083,0.422,0.229,0.089,0.104,0,0,1
15,0.631,0.486,0.16,1.128,0.561,0.271,0.296,0,0,1
8,0.447,0.35,0.084,0.564,0.238,0.143,0.183,0,0,1
24,0.639,0.525,0.144,1.079,0.473,0.255,0.351,1,0,0
14,0.534,0.42,0.138,0.799,0.343,0.172,0.284,0,0,1
20,0.661,0.523,0.197,1.622,0.825,0.339,0.458,0,1,0
14,0.443,0.342,0.134,0.686,0.281,0.175,0.23,1,0,0
15,0.629,0.499,0.158,1.001,0.464,0.27,0.267,0,0,1
14,0.367,0.291,0.08,0.218,0.056,0.011,0.151,0,0,1
6,0.395,0.282,0.08,0.27,0.179,0.068,0.023,1,0,0
12,0.331,0.227,0.093,0.229,0.111,0.034,0.084,0,0,1
10,0.476,0.341,0.138,0.364,0.211,0.121,0.032,0,0,1
14,0.466,0.395,0.114,0.667,0.304,0.138,0.225,0,0,1
18,0.715,0.57,0.184,1.366,0.674,0.285,0.407,1,0,0
20,0.51,0.4,0.14,0.876,0.438,0.213,0.225,0,0,1
10,0.562,0.437,0.156,0.867,0.42,0.216,0.231,1,0,0
14,0.793,0.65,0.23,1.7,0.831,0.398,0.471,1,0,0
9,0.388,0.281,0.09,0.207,0.086,0.045,0.076,0,0,1
15,0.504,0.411,0.152,0.955,0.449,0.224,0.282,0,0,1
14,0.501,0.399,0.133,0.884,0.413,0.216,0.255,0,0,1
20,0.641,0.479,0.194,1.367,0.657,0.346,0.364,1,0,0
14,0.522,0.413,0.111,0.643,0.259,0.106,0.278,1,0,0
15,0.668,0.516,0.173,1.16,0.569,0.278,0.313,1,0,0
2,0.347,0.267,0.087,0.368,0.207,0.117,0.044,0,0,1
20,0.618,0.486,0.152,1.035,0.428,0.241,0.366,0,1,0
8,0.549,0.431,0.134,0.854,0.409,0.193,0.252,1,0,0
20,0.629,0.492,0.193,1.15,0.574,0.261,0.315,0,0,1
14,0.675,0.525,0.146,1.115,0.557,0.228,0.33,0,0,1
21,0.484,0.393,0.133,0.434,0.105,0.129,0.2,0,0,1
24,0.589,0.466,0.174,0.663,0.229,0.154,0.28,0,0,1
16,0.327,0.24,0.08,0.156,0.001,0.037,0.118,0,0,1
12,0.597,0.474,0.153,1.215,0.582,0.263,0.37,0,0,1
10,0.541,0.397,0.113,0.661,0.337,0.153,0.171,0,1,0
16,0.669,0.534,0.172,1.449,0.689,0.368,0.392,0,0,1
26,0.787,0.622,0.261,1.657,0.767,0.387,0.503,0,1,0
26,0.672,0.485,0.197,1.455,0.65,0.378,0.427,0,1,0
8,0.45,0.355,0.1,0.684,0.421,0.144,0.119,1,0,0
16,0.492,0.395,0.126,0.906,0.414,0.199,0.293,0,1,0
20,0.604,0.485,0.167,0.957,0.42,0.207,0.33,0,0,1
15,0.521,0.382,0.158,1.025,0.444,0.266,0.315,0,1,0
18,0.542,0.433,0.156,1.195,0.56,0.251,0.384,1,0,0
15,0.521,0.413,0.13,0.738,0.284,0.143,0.311,1,0,0
9,0.36,0.26,0.075,0.278,0.123,0.07,0.085,0,0,1
15,0.556,0.442,0.155,0.556,0.282,0.122,0.152,1,0,0
6,0.319,0.229,0.056,0.004,0.001,0.001,0.002,0,1,0
15,0.472,0.363,0.129,0.77,0.319,0.151,0.3,1,0,0
16,0.442,0.338,0.093,0.518,0.212,0.154,0.152,0,1,0
15,0.532,0.423,0.114,0.461,0.198,0.119,0.144,0,0,1
26,0.675,0.571,0.185,1.208,0.45,0.308,0.45,1,0,0
16,0.554,0.444,0.143,0.699,0.335,0.189,0.175,1,0,0
6,0.371,0.27,0.069,0.015,0.001,0.011,0.003,0,0,1
16,0.464,0.373,0.095,0.335,0.144,0.059,0.132,0,0,1
12,0.742,0.56,0.201,1.912,0.969,0.446,0.497,1,0,0
14,0.492,0.389,0.15,0.438,0.184,0.139,0.115,0,0,1
15,0.649,0.499,0.159,1.416,0.727,0.277,0.412,0,0,1
14,0.62,0.479,0.172,1.016,0.452,0.272,0.292,0,0,1
16,0.695,0.548,0.188,1.3,0.58,0.275,0.445,0,1,0
9,0.26,0.163,0.019,0.044,0.041,0.001,0.002,1,0,0
24,0.434,0.348,0.141,0.389,0.135,0.053,0.201,0,1,0
21,0.764,0.589,0.207,1.556,0.761,0.306,0.489,0,1,0
12,0.383,0.286,0.096,0.25,0.06,0.057,0.133,0,0,1
21,0.588,0.45,0.143,0.906,0.363,0.219,0.324,0,1,0
16,0.48,0.38,0.101,0.537,0.281,0.094,0.162,0,0,1
8,0.41,0.318,0.096,0.318,0.193,0.092,0.033,0,0,1
18,0.617,0.499,0.201,1.299,0.548,0.298,0.453,1,0,0
20,0.67,0.529,0.179,1.323,0.619,0.29,0.414,0,0,1
18,0.508,0.396,0.137,0.807,0.343,0.219,0.245,0,1,0
16,0.725,0.567,0.192,1.387,0.575,0.337,0.475,1,0,0
14,0.505,0.388,0.125,0.697,0.309,0.166,0.222,0,1,0
16,0.539,0.41,0.147,0.843,0.461,0.192,0.19,0,0,1
14,0.443,0.355,0.136,0.571,0.269,0.127,0.175,0,1,0
21,0.687,0.546,0.224,1.483,0.722,0.345,0.416,0,0,1
10,0.492,0.38,0.103,0.572,0.277,0.162,0.133,0,0,1
20,0.463,0.374,0.126,0.546,0.244,0.127,0.175,0,0,1
8,0.648,0.476,0.116,1.02,0.52,0.213,0.287,0,0,1
15,0.465,0.352,0.11,0.454,0.173,0.158,0.123,0,1,0
12,0.705,0.553,0.222,1.517,0.762,0.342,0.413,0,1,0
18,0.536,0.382,0.145,0.611,0.296,0.148,0.167,0,1,0
18,0.687,0.53,0.197,1.367,0.571,0.353,0.443,0,1,0
12,0.404,0.329,0.096,0.456,0.136,0.025,0.295,0,0,1
16,0.54,0.428,0.151,0.735,0.363,0.177,0.195,0,0,1
14,0.487,0.368,0.109,0.632,0.36,0.083,0.189,0,0,1
18,0.582,0.474,0.139,0.89,0.444,0.232,0.214,0,1,0
20,0.526,0.422,0.164,0.955,0.486,0.18,0.289,1,0,0
14,0.326,0.231,0.083,0.008,0.001,0.005,0.002,0,0,1
12,0.661,0.536,0.158,1.314,0.668,0.309,0.337,0,1,0
8,0.594,0.445,0.187,1.005,0.587,0.231,0.187,0,0,1
14,0.5,0.378,0.11,0.464,0.169,0.104,0.191,0,0,1
12,0.374,0.262,0.1,0.444,0.209,0.113,0.122,0,1,0
4,0.327,0.219,0.068,0.08,0.011,0.062,0.007,1,0,0
12,0.626,0.506,0.158,1.216,0.574,0.302,0.34,0,0,1
15,0.427,0.333,0.104,0.381,0.186,0.069,0.126,0,0,1
22,0.635,0.509,0.141,0.999,0.476,0.198,0.325,1,0,0
12,0.382,0.295,0.102,0.326,0.115,0.086,0.125,0,0,1
9,0.368,0.285,0.089,0.592,0.324,0.098,0.17,0,1,0
21,0.613,0.485,0.194,1.196,0.436,0.311,0.449,0,1,0
15,0.393,0.295,0.101,0.157,0.008,0.036,0.113,0,1,0
12,0.637,0.491,0.139,1.218,0.653,0.3,0.265,1,0,0
10,0.417,0.304,0.09,0.6,0.26,0.125,0.215,0,0,1
10,0.545,0.445,0.102,0.962,0.468,0.23,0.264,0,1,0
20,0.584,0.469,0.198,1.165,0.441,0.317,0.407,0,0,1
15,0.569,0.417,0.152,0.73,0.307,0.181,0.242,0,0,1
10,0.559,0.455,0.149,0.479,0.23,0.125,0.124,0,1,0
15,0.492,0.388,0.136,0.696,0.312,0.184,0.2,0,0,1
16,0.478,0.367,0.14,0.488,0.199,0.112,0.177,0,1,0
9,0.454,0.362,0.117,0.653,0.355,0.142,0.156,0,0,1
10,0.598,0.454,0.149,1.322,0.757,0.3,0.265,1,0,0
21,0.571,0.424,0.136,0.712,0.254,0.193,0.265,0,0,1
6,0.393,0.276,0.086,0.162,0.117,0.043,0.002,1,0,0
20,0.561,0.449,0.151,0.83,0.368,0.182,0.28,0,0,1
9,0.582,0.461,0.146,1.063,0.518,0.276,0.269,1,0,0
18,0.689,0.535,0.197,1.222,0.61,0.303,0.309,0,0,1
6,0.529,0.423,0.108,0.538,0.261,0.124,0.153,0,0,1
8,0.644,0.468,0.186,1.032,0.491,0.27,0.271,0,0,1
10,0.61,0.441,0.151,1.069,0.516,0.279,0.274,0,1,0
12,0.355,0.273,0.085,0.239,0.103,0.032,0.104,0,1,0
16,0.475,0.364,0.128,0.579,0.287,0.086,0.206,0,1,0
20,0.666,0.532,0.192,1.371,0.57,0.346,0.455,1,0,0
10,0.399,0.313,0.104,0.581,0.257,0.148,0.176,0,0,1
8,0.477,0.379,0.131,0.691,0.415,0.143,0.133,0,1,0
18,0.704,0.549,0.188,1.31,0.686,0.262,0.362,0,0,1
12,0.513,0.392,0.129,0.696,0.335,0.181,0.18,0,1,0
14,0.531,0.425,0.145,1.042,0.488,0.236,0.318,0,0,1
12,0.42,0.341,0.135,0.593,0.282,0.128,0.183,0,0,1
14,0.6,0.47,0.15,0.729,0.388,0.128,0.213,0,0,1
14,0.496,0.376,0.123,0.618,0.303,0.173,0.142,0,1,0
15,0.542,0.423,0.141,0.801,0.422,0.14,0.239,0,0,1
10,0.477,0.377,0.125,0.641,0.337,0.119,0.185,1,0,0
21,0.556,0.429,0.153,1.008,0.472,0.232,0.304,0,1,0
6,0.281,0.215,0.08,0.004,0.001,0.001,0.002,1,0,0
21,0.676,0.537,0.166,1.245,0.619,0.31,0.316,1,0,0
10,0.542,0.4,0.124,0.783,0.373,0.239,0.171,1,0,0
15,0.404,0.314,0.104,0.306,0.148,0.099,0.059,0,0,1
14,0.483,0.365,0.122,0.501,0.287,0.078,0.136,0,1,0
18,0.563,0.436,0.144,0.67,0.271,0.141,0.258,1,0,0
9,0.532,0.403,0.137,0.812,0.411,0.218,0.183,0,1,0
8,0.452,0.366,0.134,0.496,0.251,0.101,0.144,1,0,0
18,0.545,0.432,0.13,0.725,0.315,0.201,0.209,0,0,1
15,0.537,0.41,0.116,0.85,0.401,0.16,0.289,1,0,0
21,0.643,0.488,0.177,0.99,0.427,0.234,0.329,0,0,1
21,0.489,0.364,0.13,0.557,0.194,0.124,0.239,1,0,0
18,0.604,0.472,0.167,0.797,0.318,0.167,0.312,1,0,0
20,0.551,0.446,0.124,0.992,0.545,0.223,0.224,1,0,0
12,0.444,0.359,0.117,0.711,0.314,0.166,0.231,0,0,1
15,0.376,0.282,0.103,0.351,0.112,0.099,0.14,1,0,0
14,0.393,0.312,0.083,0.113,0.032,0.001,0.08,1,0,0
8,0.482,0.38,0.104,0.537,0.3,0.127,0.11,0,0,1
16,0.518,0.386,0.11,0.512,0.176,0.156,0.18,1,0,0
8,0.455,0.333,0.095,0.678,0.321,0.133,0.224,0,0,1
20,0.555,0.427,0.177,0.593,0.173,0.174,0.246,1,0,0
14,0.226,0.181,0.074,0.074,0.001,0.001,0.072,0,0,1
14,0.687,0.517,0.193,1.272,0.57,0.275,0.427,0,1,0
14,0.305,0.254,0.11,0.221,0.115,0.061,0.045,0,0,1
16,0.505,0.36,0.106,0.653,0.257,0.119,0.277,0,0,1
12,0.378,0.318,0.107,0.474,0.194,0.115,0.165,0,0,1
10,0.52,0.395,0.103,0.883,0.41,0.24,0.233,1,0,0
21,0.597,0.446,0.141,0.77,0.226,0.208,0.336,0,1,0
14,0.56,0.449,0.141,0.823,0.373,0.19,0.26,0,1,0
18,0.538,0.416,0.176,0.695,0.271,0.186,0.238,1,0,0
14,0.561,0.421,0.154,1.032,0.501,0.239,0.292,1,0,0
21,0.557,0.431,0.151,0.713,0.282,0.116,0.315,1,0,0
12,0.694,0.55,0.189,1.386,0.658,0.32,0.408,1,0,0
16,0.562,0.428,0.159,0.753,0.31,0.183,0.26,0,0,1
20,0.708,0.569,0.186,1.241,0.536,0.302,0.403,0,0,1
10,0.447,0.334,0.107,0.735,0.312,0.159,0.264,0,0,1
24,0.61,0.487,0.211,1.226,0.522,0.307,0.397,1,0,0
14,0.672,0.51,0.182,0.97,0.43,0.262,0.278,0,0,1
22,0.596,0.499,0.16,1.289,0.626,0.275,0.388,0,0,1
14,0.414,0.327,0.094,0.428,0.229,0.076,0.123,0,0,1
20,0.662,0.536,0.21,1.19,0.615,0.246,0.329,0,0,1
9,0.382,0.29,0.092,0.339,0.219,0.088,0.032,0,1,0
21,0.564,0.438,0.142,0.866,0.373,0.169,0.324,0,1,0
18,0.457,0.346,0.153,0.795,0.31,0.212,0.273,1,0,0
1,0.458,0.359,0.129,0.546,0.283,0.126,0.137,1,0,0
9,0.34,0.276,0.086,0.078,0.001,0.03,0.047,1,0,0
14,0.55,0.446,0.143,0.878,0.364,0.222,0.292,0,1,0
16,0.683,0.552,0.169,1.005,0.406,0.238,0.361,1,0,0
14,0.437,0.331,0.131,0.416,0.152,0.118,0.146,0,1,0
6,0.444,0.325,0.1,0.393,0.256,0.113,0.024,0,0,1
15,0.506,0.414,0.134,0.742,0.388,0.166,0.188,0,0,1
24,0.657,0.513,0.177,1.178,0.503,0.292,0.383,0,0,1
14,0.515,0.404,0.163,0.85,0.465,0.193,0.192,0,1,0
8,0.382,0.291,0.121,0.524,0.326,0.071,0.127,1,0,0
16,0.497,0.36,0.119,0.701,0.337,0.166,0.198,0,1,0
15,0.545,0.432,0.134,0.995,0.454,0.272,0.269,1,0,0
15,0.566,0.431,0.175,1.329,0.627,0.292,0.41,1,0,0
18,0.701,0.524,0.187,1.218,0.583,0.306,0.329,0,1,0
16,0.705,0.569,0.189,1.585,0.773,0.34,0.472,1,0,0
16,0.476,0.359,0.129,0.58,0.215,0.196,0.169,0,1,0
6,0.443,0.319,0.086,0.143,0.07,0.056,0.017,1,0,0
12,0.597,0.467,0.156,0.883,0.474,0.217,0.192,0,1,0
18,0.485,0.385,0.093,0.616,0.308,0.143,0.165,0,0,1
18,0.633,0.507,0.143,1.066,0.525,0.243,0.298,0,1,0
16,0.441,0.37,0.143,0.567,0.282,0.103,0.182,0,0,1
15,0.29,0.231,0.086,0.082,0.001,0.001,0.08,1,0,0
12,0.509,0.388,0.118,0.566,0.277,0.128,0.161,1,0,0
22,0.671,0.54,0.161,0.899,0.38,0.199,0.32,1,0,0
22,0.538,0.44,0.146,0.963,0.445,0.186,0.332,0,0,1
12,0.538,0.413,0.17,1.042,0.556,0.193,0.293,1,0,0
18,0.771,0.624,0.217,2.079,1.061,0.48,0.538,0,0,1
14,0.512,0.411,0.12,0.553,0.229,0.083,0.241,0,1,0
18,0.475,0.391,0.121,0.693,0.233,0.199,0.261,0,0,1
14,0.517,0.388,0.127,0.85,0.402,0.191,0.257,0,0,1
22,0.597,0.482,0.14,0.949,0.443,0.18,0.326,0,1,0
12,0.449,0.325,0.097,0.229,0.087,0.086,0.056,0,1,0
21,0.508,0.396,0.136,0.822,0.356,0.178,0.288,0,1,0
14,0.347,0.269,0.081,0.023,0.007,0.001,0.015,0,0,1
16,0.723,0.576,0.236,1.274,0.643,0.274,0.357,0,1,0
4,0.194,0.155,0.009,0.004,0.001,0.001,0.002,0,0,1
18,0.632,0.513,0.166,1.183,0.508,0.28,0.395,0,0,1
15,0.547,0.442,0.161,0.969,0.458,0.194,0.317,1,0,0
10,0.328,0.27,0.116,0.229,0.126,0.066,0.037,0,1,0
22,0.632,0.48,0.134,0.638,0.311,0.121,0.206,0,0,1
8,0.269,0.202,0.05,0.035,0.003,0.03,0.002,0,0,1
22,0.556,0.405,0.176,0.686,0.25,0.182,0.254,0,1,0
21,0.578,0.457,0.123,0.836,0.365,0.223,0.248,0,1,0
20,0.429,0.34,0.149,0.482,0.209,0.083,0.19,0,0,1
16,0.474,0.347,0.085,0.502,0.255,0.118,0.129,1,0,0
16,0.6,0.447,0.132,0.998,0.442,0.26,0.296,1,0,0
2,0.371,0.289,0.079,0.255,0.154,0.06,0.041,0,0,1
15,0.43,0.359,0.136,0.63,0.285,0.153,0.192,0,0,1
16,0.479,0.355,0.16,0.753,0.327,0.15,0.276,1,0,0
9,0.315,0.202,0.071,0.257,0.174,0.081,0.002,1,0,0
20,0.738,0.585,0.21,1.453,0.692,0.352,0.409,0,0,1
10,0.534,0.427,0.144,0.958,0.532,0.195,0.231,0,0,1
16,0.468,0.367,0.131,0.743,0.355,0.145,0.243,0,0,1
6,0.485,0.367,0.095,0.884,0.479,0.198,0.207,0,0,1
9,0.387,0.307,0.097,0.148,0.034,0.043,0.071,0,0,1
16,0.738,0.579,0.214,1.462,0.657,0.39,0.415,0,1,0
15,0.561,0.44,0.163,0.907,0.406,0.227,0.274,0,0,1
14,0.553,0.419,0.145,0.978,0.478,0.27,0.23,0,1,0
9,0.306,0.223,0.089,0.208,0.107,0.029,0.072,1,0,0
14,0.46,0.375,0.096,0.502,0.248,0.118,0.136,1,0,0
12,0.52,0.378,0.147,0.831,0.374,0.183,0.274,0,1,0
10,0.485,0.378,0.142,0.74,0.39,0.155,0.195,0,0,1
16,0.53,0.389,0.169,0.921,0.465,0.23,0.226,0,1,0
15,0.446,0.321,0.088,0.42,0.147,0.104,0.169,0,0,1
18,0.49,0.399,0.136,0.707,0.306,0.157,0.244,1,0,0
18,0.554,0.426,0.171,1.103,0.551,0.26,0.292,1,0,0
18,0.701,0.568,0.202,1.263,0.642,0.296,0.325,1,0,0
16,0.64,0.516,0.163,1.078,0.526,0.242,0.31,0,0,1
14,0.458,0.335,0.102,0.522,0.252,0.154,0.116,1,0,0
21,0.759,0.629,0.192,1.329,0.617,0.306,0.406,1,0,0
12,0.422,0.307,0.098,0.12,0.001,0.029,0.09,0,0,1
14,0.36,0.268,0.06,0.039,0.001,0.005,0.033,0,1,0
12,0.491,0.384,0.132,0.401,0.187,0.104,0.11,0,0,1
21,0.573,0.468,0.163,0.805,0.299,0.152,0.354,0,1,0
27,0.694,0.565,0.216,1.268,0.519,0.316,0.433,0,0,1
14,0.528,0.387,0.147,0.904,0.405,0.218,0.281,1,0,0
14,0.571,0.425,0.161,0.884,0.429,0.215,0.24,0,0,1
12,0.408,0.305,0.137,0.495,0.227,0.097,0.171,1,0,0
22,0.719,0.582,0.214,1.327,0.599,0.322,0.406,0,0,1
22,0.652,0.524,0.194,1.221,0.53,0.281,0.41,0,0,1
21,0.715,0.56,0.203,1.571,0.777,0.362,0.432,0,0,1
15,0.59,0.484,0.182,1.392,0.619,0.336,0.437,0,1,0
12,0.344,0.257,0.076,0.276,0.158,0.054,0.064,0,0,1
20,0.589,0.484,0.183,1.062,0.481,0.211,0.37,0,1,0
22,0.496,0.376,0.153,0.715,0.326,0.142,0.247,1,0,0
20,0.565,0.453,0.139,0.759,0.362,0.158,0.239,1,0,0
12,0.409,0.305,0.133,0.573,0.295,0.11,0.168,0,0,1
12,0.637,0.494,0.164,0.961,0.415,0.254,0.292,0,1,0
22,0.593,0.471,0.183,0.932,0.458,0.231,0.243,0,0,1
24,0.798,0.617,0.263,1.992,0.879,0.502,0.611,0,1,0
20,0.7,0.548,0.159,1.36,0.618,0.352,0.39,1,0,0
16,0.504,0.394,0.117,0.674,0.277,0.167,0.23,0,0,1
20,0.757,0.579,0.208,1.62,0.758,0.422,0.44,0,1,0
10,0.421,0.343,0.131,0.372,0.106,0.136,0.13,0,0,1
8,0.601,0.507,0.188,0.904,0.365,0.265,0.274,1,0,0
16,0.418,0.324,0.119,0.31,0.208,0.042,0.06,1,0,0
12,0.531,0.407,0.135,0.636,0.315,0.147,0.174,0,0,1
9,0.379,0.299,0.087,0.383,0.219,0.106,0.058,0,0,1
8,0.382,0.3,0.091,0.055,0.012,0.016,0.027,0,0,1
15,0.43,0.358,0.142,0.545,0.265,0.116,0.164,0,0,1
14,0.53,0.413,0.119,0.957,0.429,0.224,0.304,1,0,0
16,0.527,0.382,0.131,0.9,0.438,0.202,0.26,0,0,1
9,0.597,0.468,0.148,0.886,0.41,0.196,0.28,1,0,0
12,0.431,0.314,0.132,0.225,0.116,0.057,0.052,0,0,1
16,0.375,0.283,0.084,0.294,0.193,0.051,0.05,0,0,1
18,0.608,0.48,0.159,1.168,0.527,0.316,0.325,0,0,1
14,0.403,0.328,0.122,0.549,0.239,0.187,0.123,0,1,0
16,0.545,0.407,0.149,0.574,0.249,0.112,0.213,1,0,0
14,0.373,0.276,0.1,0.305,0.103,0.078,0.124,0,0,1
10,0.536,0.412,0.125,0.8,0.391,0.232,0.177,1,0,0
15,0.632,0.477,0.199,0.991,0.457,0.244,0.29,1,0,0
15,0.532,0.411,0.162,0.997,0.495,0.185,0.317,0,0,1
22,0.637,0.482,0.171,1.042,0.413,0.253,0.376,0,0,1
14,0.321,0.229,0.078,0.063,0.001,0.02,0.042,0,0,1
15,0.338,0.264,0.098,0.116,0.001,0.01,0.105,0,0,1
16,0.536,0.417,0.146,0.598,0.187,0.118,0.293,0,1,0
18,0.684,0.53,0.183,1.547,0.716,0.36,0.471,0,0,1
16,0.565,0.476,0.179,0.945,0.428,0.188,0.329,0,0,1
20,0.556,0.417,0.156,0.89,0.355,0.218,0.317,1,0,0
16,0.491,0.405,0.108,0.35,0.171,0.064,0.115,0,0,1
8,0.279,0.232,0.053,0.017,0.001,0.001,0.015,1,0,0
12,0.492,0.397,0.163,0.611,0.237,0.167,0.207,0,0,1
8,0.502,0.362,0.104,0.744,0.373,0.173,0.198,1,0,0
26,0.658,0.498,0.19,1.481,0.646,0.392,0.443,0,1,0
12,0.511,0.374,0.147,0.697,0.371,0.089,0.237,0,0,1
6,0.408,0.34,0.097,0.412,0.204,0.111,0.097,1,0,0
14,0.612,0.473,0.176,1.116,0.549,0.277,0.29,0,0,1
12,0.516,0.41,0.146,0.903,0.454,0.189,0.26,0,1,0
15,0.674,0.521,0.169,1.267,0.629,0.248,0.39,1,0,0
15,0.571,0.464,0.167,0.757,0.321,0.163,0.273,1,0,0
6,0.518,0.396,0.136,0.742,0.392,0.15,0.2,0,1,0
18,0.435,0.335,0.129,0.789,0.364,0.235,0.19,0,1,0
12,0.509,0.375,0.088,0.654,0.322,0.146,0.186,1,0,0
12,0.468,0.351,0.138,0.504,0.149,0.124,0.231,1,0,0
18,0.659,0.533,0.199,1.461,0.714,0.337,0.41,0,0,1
16,0.564,0.447,0.164,1.033,0.485,0.231,0.317,1,0,0
15,0.451,0.351,0.126,0.77,0.381,0.148,0.241,1,0,0
9,0.419,0.323,0.092,0.442,0.193,0.088,0.161,0,0,1
12,0.625,0.513,0.147,1.019,0.517,0.256,0.246,0,0,1
15,0.454,0.334,0.087,0.681,0.305,0.148,0.228,0,1,0
8,0.58,0.43,0.123,0.919,0.519,0.227,0.173,1,0,0
12,0.384,0.284,0.082,0.214,0.161,0.026,0.027,0,0,1
1,0.371,0.279,0.075,0.097,0.021,0.074,0.002,0,0,1
18,0.669,0.516,0.192,0.912,0.43,0.197,0.285,1,0,0
14,0.573,0.427,0.122,0.714,0.455,0.148,0.111,1,0,0
12,0.368,0.311,0.094,0.303,0.166,0.05,0.087,0,0,1
14,0.558,0.439,0.169,1.113,0.471,0.237,0.405,1,0,0
15,0.59,0.472,0.167,0.85,0.352,0.189,0.309,0,0,1
12,0.703,0.536,0.174,1.44,0.688,0.329,0.423,0,0,1
15,0.426,0.319,0.09,0.381,0.209,0.057,0.115,1,0,0
10,0.434,0.325,0.123,0.395,0.207,0.073,0.115,1,0,0
15,0.624,0.476,0.163,1.085,0.544,0.217,0.324,1,0,0
20,0.704,0.569,0.176,1.643,0.844,0.36,0.439,0,0,1
9,0.452,0.359,0.149,0.728,0.328,0.188,0.212,0,1,0
15,0.466,0.351,0.127,0.467,0.181,0.182,0.104,0,0,1
18,0.611,0.507,0.17,1.188,0.597,0.269,0.322,1,0,0
8,0.266,0.188,0.02,0.024,0.001,0.021,0.002,0,0,1
18,0.598,0.443,0.15,0.918,0.365,0.262,0.291,0,1,0
9,0.425,0.32,0.091,0.324,0.172,0.069,0.083,0,0,1
12,0.485,0.392,0.107,0.417,0.216,0.075,0.126,0,1,0
16,0.438,0.351,0.105,0.266,0.101,0.061,0.104,1,0,0
14,0.547,0.429,0.121,0.774,0.406,0.16,0.208,0,1,0
9,0.581,0.454,0.153,0.908,0.436,0.194,0.278,0,0,1
8,0.223,0.173,0.017,0.004,0.001,0.001,0.002,0,0,1
10,0.406,0.32,0.114,0.26,0.05,0.054,0.156,0,0,1
14,0.297,0.239,0.102,0.015,0.001,0.001,0.013,0,0,1
14,0.529,0.411,0.14,0.905,0.404,0.229,0.272,0,0,1
9,0.44,0.319,0.107,0.499,0.27,0.139,0.09,1,0,0
16,0.481,0.365,0.135,0.443,0.193,0.124,0.126,0,1,0
15,0.481,0.38,0.133,0.95,0.464,0.255,0.231,1,0,0
12,0.598,0.477,0.155,1.019,0.477,0.21,0.332,0,1,0
15,0.522,0.385,0.143,0.544,0.228,0.155,0.161,0,0,1
15,0.565,0.44,0.14,0.394,0.201,0.077,0.116,0,0,1
16,0.511,0.367,0.132,0.682,0.252,0.134,0.296,0,1,0
22,0.612,0.478,0.164,1.079,0.451,0.236,0.392,1,0,0
8,0.486,0.375,0.114,0.662,0.369,0.123,0.17,0,0,1
20,0.703,0.553,0.181,1.327,0.627,0.304,0.396,1,0,0
14,0.486,0.373,0.1,0.663,0.297,0.173,0.193,0,0,1
15,0.543,0.416,0.137,0.69,0.283,0.192,0.215,0,1,0
14,0.283,0.22,0.076,0.324,0.085,0.145,0.094,0,0,1
14,0.333,0.249,0.083,0.004,0.001,0.001,0.002,0,1,0
9,0.436,0.342,0.09,0.387,0.157,0.105,0.125,0,1,0
15,0.375,0.285,0.091,0.138,0.059,0.034,0.045,1,0,0
12,0.396,0.304,0.099,0.366,0.205,0.065,0.096,1,0,0
12,0.372,0.278,0.084,0.03,0.001,0.027,0.002,1,0,0
12,0.558,0.408,0.159,0.831,0.423,0.194,0.214,0,1,0
6,0.259,0.171,0.058,0.004,0.001,0.001,0.002,0,0,1
9,0.354,0.294,0.107,0.368,0.182,0.121,0.065,0,0,1
21,0.537,0.417,0.153,1.201,0.529,0.278,0.394,1,0,0
12,0.513,0.396,0.145,0.92,0.443,0.2,0.277,0,0,1
14,0.384,0.293,0.1,0.352,0.147,0.078,0.127,0,0,1
14,0.446,0.364,0.127,0.306,0.103,0.083,0.12,1,0,0
8,0.346,0.254,0.054,0.091,0.066,0.023,0.002,0,0,1
6,0.448,0.339,0.081,0.539,0.292,0.084,0.163,0,0,1
9,0.439,0.328,0.091,0.442,0.166,0.12,0.156,0,1,0
16,0.709,0.567,0.178,1.131,0.538,0.243,0.35,0,0,1
12,0.422,0.327,0.109,0.338,0.162,0.091,0.085,1,0,0
14,0.342,0.278,0.092,0.208,0.001,0.084,0.123,0,0,1
10,0.52,0.382,0.141,0.588,0.286,0.142,0.16,1,0,0
2,0.359,0.274,0.079,0.095,0.092,0.001,0.002,0,1,0
14,0.508,0.417,0.112,0.615,0.348,0.082,0.185,1,0,0
18,0.511,0.392,0.143,0.727,0.339,0.16,0.228,0,0,1
15,0.625,0.499,0.159,1.167,0.541,0.279,0.347,1,0,0
12,0.358,0.27,0.077,0.21,0.016,0.058,0.136,0,0,1
14,0.484,0.381,0.126,0.643,0.261,0.168,0.214,1,0,0
4,0.619,0.48,0.158,1.276,0.673,0.298,0.305,1,0,0
21,0.462,0.365,0.163,0.546,0.219,0.114,0.213,0,1,0
22,0.611,0.467,0.219,1.478,0.668,0.344,0.466,1,0,0
16,0.616,0.472,0.174,0.98,0.483,0.267,0.23,1,0,0
16,0.53,0.417,0.129,0.565,0.251,0.137,0.177,0,0,1
12,0.644,0.486,0.162,1.329,0.65,0.29,0.389,1,0,0
18,0.585,0.46,0.165,1.104,0.505,0.285,0.314,0,0,1
14,0.555,0.446,0.129,1.02,0.473,0.257,0.29,0,1,0
18,0.646,0.538,0.161,1.218,0.487,0.251,0.48,0,0,1
24,0.624,0.514,0.144,0.884,0.377,0.262,0.245,0,0,1
15,0.607,0.438,0.151,1.163,0.51,0.281,0.372,0,1,0
24,0.634,0.475,0.181,0.934,0.441,0.204,0.289,1,0,0
14,0.319,0.219,0.048,0.004,0.001,0.001,0.002,1,0,0
9,0.39,0.272,0.084,0.326,0.173,0.066,0.087,0,0,1
21,0.693,0.544,0.171,1.323,0.63,0.291,0.402,0,1,0
16,0.495,0.397,0.117,0.617,0.204,0.183,0.23,0,0,1
